/* SPDX-FileCopyrightText: 1991-2026 Unicode, Inc.
 * SPDX-License-Identifier: Unicode-3.0
 * Generated by tools/unicode_tables.py from Unicode 3.2 data.
 */
/*
UNICODE LICENSE V3

COPYRIGHT AND PERMISSION NOTICE

Copyright © 1991-2026 Unicode, Inc.

NOTICE TO USER: Carefully read the following legal agreement. BY
DOWNLOADING, INSTALLING, COPYING OR OTHERWISE USING DATA FILES, AND/OR
SOFTWARE, YOU UNEQUIVOCALLY ACCEPT, AND AGREE TO BE BOUND BY, ALL OF THE
TERMS AND CONDITIONS OF THIS AGREEMENT. IF YOU DO NOT AGREE, DO NOT
DOWNLOAD, INSTALL, COPY, DISTRIBUTE OR USE THE DATA FILES OR SOFTWARE.

Permission is hereby granted, free of charge, to any person obtaining a
copy of data files and any associated documentation (the "Data Files") or
software and any associated documentation (the "Software") to deal in the
Data Files or Software without restriction, including without limitation
the rights to use, copy, modify, merge, publish, distribute, and/or sell
copies of the Data Files or Software, and to permit persons to whom the
Data Files or Software are furnished to do so, provided that either (a)
this copyright and permission notice appear with all copies of the Data
Files or Software, or (b) this copyright and permission notice appear in
associated Documentation.

THE DATA FILES AND SOFTWARE ARE PROVIDED "AS IS", WITHOUT WARRANTY OF ANY
KIND, EXPRESS OR IMPLIED, INCLUDING BUT NOT LIMITED TO THE WARRANTIES OF
MERCHANTABILITY, FITNESS FOR A PARTICULAR PURPOSE AND NONINFRINGEMENT OF
THIRD PARTY RIGHTS.

IN NO EVENT SHALL THE COPYRIGHT HOLDER OR HOLDERS INCLUDED IN THIS NOTICE
BE LIABLE FOR ANY CLAIM, OR ANY SPECIAL INDIRECT OR CONSEQUENTIAL DAMAGES,
OR ANY DAMAGES WHATSOEVER RESULTING FROM LOSS OF USE, DATA OR PROFITS,
WHETHER IN AN ACTION OF CONTRACT, NEGLIGENCE OR OTHER TORTIOUS ACTION,
ARISING OUT OF OR IN CONNECTION WITH THE USE OR PERFORMANCE OF THE DATA
FILES OR SOFTWARE.

Except as contained in this notice, the name of a copyright holder shall
not be used in advertising or otherwise to promote the sale, use or other
dealings in these Data Files or Software without prior written
authorization of the copyright holder.
*/
#include <stdint.h>
static const uint32_t tc_unicode_decomposition_keys[] TC_UNICODE_STORAGE = {
  0xa0, 0xa8, 0xaa, 0xaf, 0xb2, 0xb3, 0xb4, 0xb5,
  0xb8, 0xb9, 0xba, 0xbc, 0xbd, 0xbe, 0xc0, 0xc1,
  0xc2, 0xc3, 0xc4, 0xc5, 0xc7, 0xc8, 0xc9, 0xca,
  0xcb, 0xcc, 0xcd, 0xce, 0xcf, 0xd1, 0xd2, 0xd3,
  0xd4, 0xd5, 0xd6, 0xd9, 0xda, 0xdb, 0xdc, 0xdd,
  0xe0, 0xe1, 0xe2, 0xe3, 0xe4, 0xe5, 0xe7, 0xe8,
  0xe9, 0xea, 0xeb, 0xec, 0xed, 0xee, 0xef, 0xf1,
  0xf2, 0xf3, 0xf4, 0xf5, 0xf6, 0xf9, 0xfa, 0xfb,
  0xfc, 0xfd, 0xff, 0x100, 0x101, 0x102, 0x103, 0x104,
  0x105, 0x106, 0x107, 0x108, 0x109, 0x10a, 0x10b, 0x10c,
  0x10d, 0x10e, 0x10f, 0x112, 0x113, 0x114, 0x115, 0x116,
  0x117, 0x118, 0x119, 0x11a, 0x11b, 0x11c, 0x11d, 0x11e,
  0x11f, 0x120, 0x121, 0x122, 0x123, 0x124, 0x125, 0x128,
  0x129, 0x12a, 0x12b, 0x12c, 0x12d, 0x12e, 0x12f, 0x130,
  0x132, 0x133, 0x134, 0x135, 0x136, 0x137, 0x139, 0x13a,
  0x13b, 0x13c, 0x13d, 0x13e, 0x13f, 0x140, 0x143, 0x144,
  0x145, 0x146, 0x147, 0x148, 0x149, 0x14c, 0x14d, 0x14e,
  0x14f, 0x150, 0x151, 0x154, 0x155, 0x156, 0x157, 0x158,
  0x159, 0x15a, 0x15b, 0x15c, 0x15d, 0x15e, 0x15f, 0x160,
  0x161, 0x162, 0x163, 0x164, 0x165, 0x168, 0x169, 0x16a,
  0x16b, 0x16c, 0x16d, 0x16e, 0x16f, 0x170, 0x171, 0x172,
  0x173, 0x174, 0x175, 0x176, 0x177, 0x178, 0x179, 0x17a,
  0x17b, 0x17c, 0x17d, 0x17e, 0x17f, 0x1a0, 0x1a1, 0x1af,
  0x1b0, 0x1c4, 0x1c5, 0x1c6, 0x1c7, 0x1c8, 0x1c9, 0x1ca,
  0x1cb, 0x1cc, 0x1cd, 0x1ce, 0x1cf, 0x1d0, 0x1d1, 0x1d2,
  0x1d3, 0x1d4, 0x1d5, 0x1d6, 0x1d7, 0x1d8, 0x1d9, 0x1da,
  0x1db, 0x1dc, 0x1de, 0x1df, 0x1e0, 0x1e1, 0x1e2, 0x1e3,
  0x1e6, 0x1e7, 0x1e8, 0x1e9, 0x1ea, 0x1eb, 0x1ec, 0x1ed,
  0x1ee, 0x1ef, 0x1f0, 0x1f1, 0x1f2, 0x1f3, 0x1f4, 0x1f5,
  0x1f8, 0x1f9, 0x1fa, 0x1fb, 0x1fc, 0x1fd, 0x1fe, 0x1ff,
  0x200, 0x201, 0x202, 0x203, 0x204, 0x205, 0x206, 0x207,
  0x208, 0x209, 0x20a, 0x20b, 0x20c, 0x20d, 0x20e, 0x20f,
  0x210, 0x211, 0x212, 0x213, 0x214, 0x215, 0x216, 0x217,
  0x218, 0x219, 0x21a, 0x21b, 0x21e, 0x21f, 0x226, 0x227,
  0x228, 0x229, 0x22a, 0x22b, 0x22c, 0x22d, 0x22e, 0x22f,
  0x230, 0x231, 0x232, 0x233, 0x2b0, 0x2b1, 0x2b2, 0x2b3,
  0x2b4, 0x2b5, 0x2b6, 0x2b7, 0x2b8, 0x2d8, 0x2d9, 0x2da,
  0x2db, 0x2dc, 0x2dd, 0x2e0, 0x2e1, 0x2e2, 0x2e3, 0x2e4,
  0x340, 0x341, 0x343, 0x344, 0x374, 0x37a, 0x37e, 0x384,
  0x385, 0x386, 0x387, 0x388, 0x389, 0x38a, 0x38c, 0x38e,
  0x38f, 0x390, 0x3aa, 0x3ab, 0x3ac, 0x3ad, 0x3ae, 0x3af,
  0x3b0, 0x3ca, 0x3cb, 0x3cc, 0x3cd, 0x3ce, 0x3d0, 0x3d1,
  0x3d2, 0x3d3, 0x3d4, 0x3d5, 0x3d6, 0x3f0, 0x3f1, 0x3f2,
  0x3f4, 0x3f5, 0x400, 0x401, 0x403, 0x407, 0x40c, 0x40d,
  0x40e, 0x419, 0x439, 0x450, 0x451, 0x453, 0x457, 0x45c,
  0x45d, 0x45e, 0x476, 0x477, 0x4c1, 0x4c2, 0x4d0, 0x4d1,
  0x4d2, 0x4d3, 0x4d6, 0x4d7, 0x4da, 0x4db, 0x4dc, 0x4dd,
  0x4de, 0x4df, 0x4e2, 0x4e3, 0x4e4, 0x4e5, 0x4e6, 0x4e7,
  0x4ea, 0x4eb, 0x4ec, 0x4ed, 0x4ee, 0x4ef, 0x4f0, 0x4f1,
  0x4f2, 0x4f3, 0x4f4, 0x4f5, 0x4f8, 0x4f9, 0x587, 0x622,
  0x623, 0x624, 0x625, 0x626, 0x675, 0x676, 0x677, 0x678,
  0x6c0, 0x6c2, 0x6d3, 0x929, 0x931, 0x934, 0x958, 0x959,
  0x95a, 0x95b, 0x95c, 0x95d, 0x95e, 0x95f, 0x9cb, 0x9cc,
  0x9dc, 0x9dd, 0x9df, 0xa33, 0xa36, 0xa59, 0xa5a, 0xa5b,
  0xa5e, 0xb48, 0xb4b, 0xb4c, 0xb5c, 0xb5d, 0xb94, 0xbca,
  0xbcb, 0xbcc, 0xc48, 0xcc0, 0xcc7, 0xcc8, 0xcca, 0xccb,
  0xd4a, 0xd4b, 0xd4c, 0xdda, 0xddc, 0xddd, 0xdde, 0xe33,
  0xeb3, 0xedc, 0xedd, 0xf0c, 0xf43, 0xf4d, 0xf52, 0xf57,
  0xf5c, 0xf69, 0xf73, 0xf75, 0xf76, 0xf77, 0xf78, 0xf79,
  0xf81, 0xf93, 0xf9d, 0xfa2, 0xfa7, 0xfac, 0xfb9, 0x1026,
  0x1e00, 0x1e01, 0x1e02, 0x1e03, 0x1e04, 0x1e05, 0x1e06, 0x1e07,
  0x1e08, 0x1e09, 0x1e0a, 0x1e0b, 0x1e0c, 0x1e0d, 0x1e0e, 0x1e0f,
  0x1e10, 0x1e11, 0x1e12, 0x1e13, 0x1e14, 0x1e15, 0x1e16, 0x1e17,
  0x1e18, 0x1e19, 0x1e1a, 0x1e1b, 0x1e1c, 0x1e1d, 0x1e1e, 0x1e1f,
  0x1e20, 0x1e21, 0x1e22, 0x1e23, 0x1e24, 0x1e25, 0x1e26, 0x1e27,
  0x1e28, 0x1e29, 0x1e2a, 0x1e2b, 0x1e2c, 0x1e2d, 0x1e2e, 0x1e2f,
  0x1e30, 0x1e31, 0x1e32, 0x1e33, 0x1e34, 0x1e35, 0x1e36, 0x1e37,
  0x1e38, 0x1e39, 0x1e3a, 0x1e3b, 0x1e3c, 0x1e3d, 0x1e3e, 0x1e3f,
  0x1e40, 0x1e41, 0x1e42, 0x1e43, 0x1e44, 0x1e45, 0x1e46, 0x1e47,
  0x1e48, 0x1e49, 0x1e4a, 0x1e4b, 0x1e4c, 0x1e4d, 0x1e4e, 0x1e4f,
  0x1e50, 0x1e51, 0x1e52, 0x1e53, 0x1e54, 0x1e55, 0x1e56, 0x1e57,
  0x1e58, 0x1e59, 0x1e5a, 0x1e5b, 0x1e5c, 0x1e5d, 0x1e5e, 0x1e5f,
  0x1e60, 0x1e61, 0x1e62, 0x1e63, 0x1e64, 0x1e65, 0x1e66, 0x1e67,
  0x1e68, 0x1e69, 0x1e6a, 0x1e6b, 0x1e6c, 0x1e6d, 0x1e6e, 0x1e6f,
  0x1e70, 0x1e71, 0x1e72, 0x1e73, 0x1e74, 0x1e75, 0x1e76, 0x1e77,
  0x1e78, 0x1e79, 0x1e7a, 0x1e7b, 0x1e7c, 0x1e7d, 0x1e7e, 0x1e7f,
  0x1e80, 0x1e81, 0x1e82, 0x1e83, 0x1e84, 0x1e85, 0x1e86, 0x1e87,
  0x1e88, 0x1e89, 0x1e8a, 0x1e8b, 0x1e8c, 0x1e8d, 0x1e8e, 0x1e8f,
  0x1e90, 0x1e91, 0x1e92, 0x1e93, 0x1e94, 0x1e95, 0x1e96, 0x1e97,
  0x1e98, 0x1e99, 0x1e9a, 0x1e9b, 0x1ea0, 0x1ea1, 0x1ea2, 0x1ea3,
  0x1ea4, 0x1ea5, 0x1ea6, 0x1ea7, 0x1ea8, 0x1ea9, 0x1eaa, 0x1eab,
  0x1eac, 0x1ead, 0x1eae, 0x1eaf, 0x1eb0, 0x1eb1, 0x1eb2, 0x1eb3,
  0x1eb4, 0x1eb5, 0x1eb6, 0x1eb7, 0x1eb8, 0x1eb9, 0x1eba, 0x1ebb,
  0x1ebc, 0x1ebd, 0x1ebe, 0x1ebf, 0x1ec0, 0x1ec1, 0x1ec2, 0x1ec3,
  0x1ec4, 0x1ec5, 0x1ec6, 0x1ec7, 0x1ec8, 0x1ec9, 0x1eca, 0x1ecb,
  0x1ecc, 0x1ecd, 0x1ece, 0x1ecf, 0x1ed0, 0x1ed1, 0x1ed2, 0x1ed3,
  0x1ed4, 0x1ed5, 0x1ed6, 0x1ed7, 0x1ed8, 0x1ed9, 0x1eda, 0x1edb,
  0x1edc, 0x1edd, 0x1ede, 0x1edf, 0x1ee0, 0x1ee1, 0x1ee2, 0x1ee3,
  0x1ee4, 0x1ee5, 0x1ee6, 0x1ee7, 0x1ee8, 0x1ee9, 0x1eea, 0x1eeb,
  0x1eec, 0x1eed, 0x1eee, 0x1eef, 0x1ef0, 0x1ef1, 0x1ef2, 0x1ef3,
  0x1ef4, 0x1ef5, 0x1ef6, 0x1ef7, 0x1ef8, 0x1ef9, 0x1f00, 0x1f01,
  0x1f02, 0x1f03, 0x1f04, 0x1f05, 0x1f06, 0x1f07, 0x1f08, 0x1f09,
  0x1f0a, 0x1f0b, 0x1f0c, 0x1f0d, 0x1f0e, 0x1f0f, 0x1f10, 0x1f11,
  0x1f12, 0x1f13, 0x1f14, 0x1f15, 0x1f18, 0x1f19, 0x1f1a, 0x1f1b,
  0x1f1c, 0x1f1d, 0x1f20, 0x1f21, 0x1f22, 0x1f23, 0x1f24, 0x1f25,
  0x1f26, 0x1f27, 0x1f28, 0x1f29, 0x1f2a, 0x1f2b, 0x1f2c, 0x1f2d,
  0x1f2e, 0x1f2f, 0x1f30, 0x1f31, 0x1f32, 0x1f33, 0x1f34, 0x1f35,
  0x1f36, 0x1f37, 0x1f38, 0x1f39, 0x1f3a, 0x1f3b, 0x1f3c, 0x1f3d,
  0x1f3e, 0x1f3f, 0x1f40, 0x1f41, 0x1f42, 0x1f43, 0x1f44, 0x1f45,
  0x1f48, 0x1f49, 0x1f4a, 0x1f4b, 0x1f4c, 0x1f4d, 0x1f50, 0x1f51,
  0x1f52, 0x1f53, 0x1f54, 0x1f55, 0x1f56, 0x1f57, 0x1f59, 0x1f5b,
  0x1f5d, 0x1f5f, 0x1f60, 0x1f61, 0x1f62, 0x1f63, 0x1f64, 0x1f65,
  0x1f66, 0x1f67, 0x1f68, 0x1f69, 0x1f6a, 0x1f6b, 0x1f6c, 0x1f6d,
  0x1f6e, 0x1f6f, 0x1f70, 0x1f71, 0x1f72, 0x1f73, 0x1f74, 0x1f75,
  0x1f76, 0x1f77, 0x1f78, 0x1f79, 0x1f7a, 0x1f7b, 0x1f7c, 0x1f7d,
  0x1f80, 0x1f81, 0x1f82, 0x1f83, 0x1f84, 0x1f85, 0x1f86, 0x1f87,
  0x1f88, 0x1f89, 0x1f8a, 0x1f8b, 0x1f8c, 0x1f8d, 0x1f8e, 0x1f8f,
  0x1f90, 0x1f91, 0x1f92, 0x1f93, 0x1f94, 0x1f95, 0x1f96, 0x1f97,
  0x1f98, 0x1f99, 0x1f9a, 0x1f9b, 0x1f9c, 0x1f9d, 0x1f9e, 0x1f9f,
  0x1fa0, 0x1fa1, 0x1fa2, 0x1fa3, 0x1fa4, 0x1fa5, 0x1fa6, 0x1fa7,
  0x1fa8, 0x1fa9, 0x1faa, 0x1fab, 0x1fac, 0x1fad, 0x1fae, 0x1faf,
  0x1fb0, 0x1fb1, 0x1fb2, 0x1fb3, 0x1fb4, 0x1fb6, 0x1fb7, 0x1fb8,
  0x1fb9, 0x1fba, 0x1fbb, 0x1fbc, 0x1fbd, 0x1fbe, 0x1fbf, 0x1fc0,
  0x1fc1, 0x1fc2, 0x1fc3, 0x1fc4, 0x1fc6, 0x1fc7, 0x1fc8, 0x1fc9,
  0x1fca, 0x1fcb, 0x1fcc, 0x1fcd, 0x1fce, 0x1fcf, 0x1fd0, 0x1fd1,
  0x1fd2, 0x1fd3, 0x1fd6, 0x1fd7, 0x1fd8, 0x1fd9, 0x1fda, 0x1fdb,
  0x1fdd, 0x1fde, 0x1fdf, 0x1fe0, 0x1fe1, 0x1fe2, 0x1fe3, 0x1fe4,
  0x1fe5, 0x1fe6, 0x1fe7, 0x1fe8, 0x1fe9, 0x1fea, 0x1feb, 0x1fec,
  0x1fed, 0x1fee, 0x1fef, 0x1ff2, 0x1ff3, 0x1ff4, 0x1ff6, 0x1ff7,
  0x1ff8, 0x1ff9, 0x1ffa, 0x1ffb, 0x1ffc, 0x1ffd, 0x1ffe, 0x2000,
  0x2001, 0x2002, 0x2003, 0x2004, 0x2005, 0x2006, 0x2007, 0x2008,
  0x2009, 0x200a, 0x2011, 0x2017, 0x2024, 0x2025, 0x2026, 0x202f,
  0x2033, 0x2034, 0x2036, 0x2037, 0x203c, 0x203e, 0x2047, 0x2048,
  0x2049, 0x2057, 0x205f, 0x2070, 0x2071, 0x2074, 0x2075, 0x2076,
  0x2077, 0x2078, 0x2079, 0x207a, 0x207b, 0x207c, 0x207d, 0x207e,
  0x207f, 0x2080, 0x2081, 0x2082, 0x2083, 0x2084, 0x2085, 0x2086,
  0x2087, 0x2088, 0x2089, 0x208a, 0x208b, 0x208c, 0x208d, 0x208e,
  0x20a8, 0x2100, 0x2101, 0x2102, 0x2103, 0x2105, 0x2106, 0x2107,
  0x2109, 0x210a, 0x210b, 0x210c, 0x210d, 0x210e, 0x210f, 0x2110,
  0x2111, 0x2112, 0x2113, 0x2115, 0x2116, 0x2119, 0x211a, 0x211b,
  0x211c, 0x211d, 0x2120, 0x2121, 0x2122, 0x2124, 0x2126, 0x2128,
  0x212a, 0x212b, 0x212c, 0x212d, 0x212f, 0x2130, 0x2131, 0x2133,
  0x2134, 0x2135, 0x2136, 0x2137, 0x2138, 0x2139, 0x213d, 0x213e,
  0x213f, 0x2140, 0x2145, 0x2146, 0x2147, 0x2148, 0x2149, 0x2153,
  0x2154, 0x2155, 0x2156, 0x2157, 0x2158, 0x2159, 0x215a, 0x215b,
  0x215c, 0x215d, 0x215e, 0x215f, 0x2160, 0x2161, 0x2162, 0x2163,
  0x2164, 0x2165, 0x2166, 0x2167, 0x2168, 0x2169, 0x216a, 0x216b,
  0x216c, 0x216d, 0x216e, 0x216f, 0x2170, 0x2171, 0x2172, 0x2173,
  0x2174, 0x2175, 0x2176, 0x2177, 0x2178, 0x2179, 0x217a, 0x217b,
  0x217c, 0x217d, 0x217e, 0x217f, 0x219a, 0x219b, 0x21ae, 0x21cd,
  0x21ce, 0x21cf, 0x2204, 0x2209, 0x220c, 0x2224, 0x2226, 0x222c,
  0x222d, 0x222f, 0x2230, 0x2241, 0x2244, 0x2247, 0x2249, 0x2260,
  0x2262, 0x226d, 0x226e, 0x226f, 0x2270, 0x2271, 0x2274, 0x2275,
  0x2278, 0x2279, 0x2280, 0x2281, 0x2284, 0x2285, 0x2288, 0x2289,
  0x22ac, 0x22ad, 0x22ae, 0x22af, 0x22e0, 0x22e1, 0x22e2, 0x22e3,
  0x22ea, 0x22eb, 0x22ec, 0x22ed, 0x2329, 0x232a, 0x2460, 0x2461,
  0x2462, 0x2463, 0x2464, 0x2465, 0x2466, 0x2467, 0x2468, 0x2469,
  0x246a, 0x246b, 0x246c, 0x246d, 0x246e, 0x246f, 0x2470, 0x2471,
  0x2472, 0x2473, 0x2474, 0x2475, 0x2476, 0x2477, 0x2478, 0x2479,
  0x247a, 0x247b, 0x247c, 0x247d, 0x247e, 0x247f, 0x2480, 0x2481,
  0x2482, 0x2483, 0x2484, 0x2485, 0x2486, 0x2487, 0x2488, 0x2489,
  0x248a, 0x248b, 0x248c, 0x248d, 0x248e, 0x248f, 0x2490, 0x2491,
  0x2492, 0x2493, 0x2494, 0x2495, 0x2496, 0x2497, 0x2498, 0x2499,
  0x249a, 0x249b, 0x249c, 0x249d, 0x249e, 0x249f, 0x24a0, 0x24a1,
  0x24a2, 0x24a3, 0x24a4, 0x24a5, 0x24a6, 0x24a7, 0x24a8, 0x24a9,
  0x24aa, 0x24ab, 0x24ac, 0x24ad, 0x24ae, 0x24af, 0x24b0, 0x24b1,
  0x24b2, 0x24b3, 0x24b4, 0x24b5, 0x24b6, 0x24b7, 0x24b8, 0x24b9,
  0x24ba, 0x24bb, 0x24bc, 0x24bd, 0x24be, 0x24bf, 0x24c0, 0x24c1,
  0x24c2, 0x24c3, 0x24c4, 0x24c5, 0x24c6, 0x24c7, 0x24c8, 0x24c9,
  0x24ca, 0x24cb, 0x24cc, 0x24cd, 0x24ce, 0x24cf, 0x24d0, 0x24d1,
  0x24d2, 0x24d3, 0x24d4, 0x24d5, 0x24d6, 0x24d7, 0x24d8, 0x24d9,
  0x24da, 0x24db, 0x24dc, 0x24dd, 0x24de, 0x24df, 0x24e0, 0x24e1,
  0x24e2, 0x24e3, 0x24e4, 0x24e5, 0x24e6, 0x24e7, 0x24e8, 0x24e9,
  0x24ea, 0x2a0c, 0x2a74, 0x2a75, 0x2a76, 0x2adc, 0x2e9f, 0x2ef3,
  0x2f00, 0x2f01, 0x2f02, 0x2f03, 0x2f04, 0x2f05, 0x2f06, 0x2f07,
  0x2f08, 0x2f09, 0x2f0a, 0x2f0b, 0x2f0c, 0x2f0d, 0x2f0e, 0x2f0f,
  0x2f10, 0x2f11, 0x2f12, 0x2f13, 0x2f14, 0x2f15, 0x2f16, 0x2f17,
  0x2f18, 0x2f19, 0x2f1a, 0x2f1b, 0x2f1c, 0x2f1d, 0x2f1e, 0x2f1f,
  0x2f20, 0x2f21, 0x2f22, 0x2f23, 0x2f24, 0x2f25, 0x2f26, 0x2f27,
  0x2f28, 0x2f29, 0x2f2a, 0x2f2b, 0x2f2c, 0x2f2d, 0x2f2e, 0x2f2f,
  0x2f30, 0x2f31, 0x2f32, 0x2f33, 0x2f34, 0x2f35, 0x2f36, 0x2f37,
  0x2f38, 0x2f39, 0x2f3a, 0x2f3b, 0x2f3c, 0x2f3d, 0x2f3e, 0x2f3f,
  0x2f40, 0x2f41, 0x2f42, 0x2f43, 0x2f44, 0x2f45, 0x2f46, 0x2f47,
  0x2f48, 0x2f49, 0x2f4a, 0x2f4b, 0x2f4c, 0x2f4d, 0x2f4e, 0x2f4f,
  0x2f50, 0x2f51, 0x2f52, 0x2f53, 0x2f54, 0x2f55, 0x2f56, 0x2f57,
  0x2f58, 0x2f59, 0x2f5a, 0x2f5b, 0x2f5c, 0x2f5d, 0x2f5e, 0x2f5f,
  0x2f60, 0x2f61, 0x2f62, 0x2f63, 0x2f64, 0x2f65, 0x2f66, 0x2f67,
  0x2f68, 0x2f69, 0x2f6a, 0x2f6b, 0x2f6c, 0x2f6d, 0x2f6e, 0x2f6f,
  0x2f70, 0x2f71, 0x2f72, 0x2f73, 0x2f74, 0x2f75, 0x2f76, 0x2f77,
  0x2f78, 0x2f79, 0x2f7a, 0x2f7b, 0x2f7c, 0x2f7d, 0x2f7e, 0x2f7f,
  0x2f80, 0x2f81, 0x2f82, 0x2f83, 0x2f84, 0x2f85, 0x2f86, 0x2f87,
  0x2f88, 0x2f89, 0x2f8a, 0x2f8b, 0x2f8c, 0x2f8d, 0x2f8e, 0x2f8f,
  0x2f90, 0x2f91, 0x2f92, 0x2f93, 0x2f94, 0x2f95, 0x2f96, 0x2f97,
  0x2f98, 0x2f99, 0x2f9a, 0x2f9b, 0x2f9c, 0x2f9d, 0x2f9e, 0x2f9f,
  0x2fa0, 0x2fa1, 0x2fa2, 0x2fa3, 0x2fa4, 0x2fa5, 0x2fa6, 0x2fa7,
  0x2fa8, 0x2fa9, 0x2faa, 0x2fab, 0x2fac, 0x2fad, 0x2fae, 0x2faf,
  0x2fb0, 0x2fb1, 0x2fb2, 0x2fb3, 0x2fb4, 0x2fb5, 0x2fb6, 0x2fb7,
  0x2fb8, 0x2fb9, 0x2fba, 0x2fbb, 0x2fbc, 0x2fbd, 0x2fbe, 0x2fbf,
  0x2fc0, 0x2fc1, 0x2fc2, 0x2fc3, 0x2fc4, 0x2fc5, 0x2fc6, 0x2fc7,
  0x2fc8, 0x2fc9, 0x2fca, 0x2fcb, 0x2fcc, 0x2fcd, 0x2fce, 0x2fcf,
  0x2fd0, 0x2fd1, 0x2fd2, 0x2fd3, 0x2fd4, 0x2fd5, 0x3000, 0x3036,
  0x3038, 0x3039, 0x303a, 0x304c, 0x304e, 0x3050, 0x3052, 0x3054,
  0x3056, 0x3058, 0x305a, 0x305c, 0x305e, 0x3060, 0x3062, 0x3065,
  0x3067, 0x3069, 0x3070, 0x3071, 0x3073, 0x3074, 0x3076, 0x3077,
  0x3079, 0x307a, 0x307c, 0x307d, 0x3094, 0x309b, 0x309c, 0x309e,
  0x309f, 0x30ac, 0x30ae, 0x30b0, 0x30b2, 0x30b4, 0x30b6, 0x30b8,
  0x30ba, 0x30bc, 0x30be, 0x30c0, 0x30c2, 0x30c5, 0x30c7, 0x30c9,
  0x30d0, 0x30d1, 0x30d3, 0x30d4, 0x30d6, 0x30d7, 0x30d9, 0x30da,
  0x30dc, 0x30dd, 0x30f4, 0x30f7, 0x30f8, 0x30f9, 0x30fa, 0x30fe,
  0x30ff, 0x3131, 0x3132, 0x3133, 0x3134, 0x3135, 0x3136, 0x3137,
  0x3138, 0x3139, 0x313a, 0x313b, 0x313c, 0x313d, 0x313e, 0x313f,
  0x3140, 0x3141, 0x3142, 0x3143, 0x3144, 0x3145, 0x3146, 0x3147,
  0x3148, 0x3149, 0x314a, 0x314b, 0x314c, 0x314d, 0x314e, 0x314f,
  0x3150, 0x3151, 0x3152, 0x3153, 0x3154, 0x3155, 0x3156, 0x3157,
  0x3158, 0x3159, 0x315a, 0x315b, 0x315c, 0x315d, 0x315e, 0x315f,
  0x3160, 0x3161, 0x3162, 0x3163, 0x3164, 0x3165, 0x3166, 0x3167,
  0x3168, 0x3169, 0x316a, 0x316b, 0x316c, 0x316d, 0x316e, 0x316f,
  0x3170, 0x3171, 0x3172, 0x3173, 0x3174, 0x3175, 0x3176, 0x3177,
  0x3178, 0x3179, 0x317a, 0x317b, 0x317c, 0x317d, 0x317e, 0x317f,
  0x3180, 0x3181, 0x3182, 0x3183, 0x3184, 0x3185, 0x3186, 0x3187,
  0x3188, 0x3189, 0x318a, 0x318b, 0x318c, 0x318d, 0x318e, 0x3192,
  0x3193, 0x3194, 0x3195, 0x3196, 0x3197, 0x3198, 0x3199, 0x319a,
  0x319b, 0x319c, 0x319d, 0x319e, 0x319f, 0x3200, 0x3201, 0x3202,
  0x3203, 0x3204, 0x3205, 0x3206, 0x3207, 0x3208, 0x3209, 0x320a,
  0x320b, 0x320c, 0x320d, 0x320e, 0x320f, 0x3210, 0x3211, 0x3212,
  0x3213, 0x3214, 0x3215, 0x3216, 0x3217, 0x3218, 0x3219, 0x321a,
  0x321b, 0x321c, 0x3220, 0x3221, 0x3222, 0x3223, 0x3224, 0x3225,
  0x3226, 0x3227, 0x3228, 0x3229, 0x322a, 0x322b, 0x322c, 0x322d,
  0x322e, 0x322f, 0x3230, 0x3231, 0x3232, 0x3233, 0x3234, 0x3235,
  0x3236, 0x3237, 0x3238, 0x3239, 0x323a, 0x323b, 0x323c, 0x323d,
  0x323e, 0x323f, 0x3240, 0x3241, 0x3242, 0x3243, 0x3251, 0x3252,
  0x3253, 0x3254, 0x3255, 0x3256, 0x3257, 0x3258, 0x3259, 0x325a,
  0x325b, 0x325c, 0x325d, 0x325e, 0x325f, 0x3260, 0x3261, 0x3262,
  0x3263, 0x3264, 0x3265, 0x3266, 0x3267, 0x3268, 0x3269, 0x326a,
  0x326b, 0x326c, 0x326d, 0x326e, 0x326f, 0x3270, 0x3271, 0x3272,
  0x3273, 0x3274, 0x3275, 0x3276, 0x3277, 0x3278, 0x3279, 0x327a,
  0x327b, 0x3280, 0x3281, 0x3282, 0x3283, 0x3284, 0x3285, 0x3286,
  0x3287, 0x3288, 0x3289, 0x328a, 0x328b, 0x328c, 0x328d, 0x328e,
  0x328f, 0x3290, 0x3291, 0x3292, 0x3293, 0x3294, 0x3295, 0x3296,
  0x3297, 0x3298, 0x3299, 0x329a, 0x329b, 0x329c, 0x329d, 0x329e,
  0x329f, 0x32a0, 0x32a1, 0x32a2, 0x32a3, 0x32a4, 0x32a5, 0x32a6,
  0x32a7, 0x32a8, 0x32a9, 0x32aa, 0x32ab, 0x32ac, 0x32ad, 0x32ae,
  0x32af, 0x32b0, 0x32b1, 0x32b2, 0x32b3, 0x32b4, 0x32b5, 0x32b6,
  0x32b7, 0x32b8, 0x32b9, 0x32ba, 0x32bb, 0x32bc, 0x32bd, 0x32be,
  0x32bf, 0x32c0, 0x32c1, 0x32c2, 0x32c3, 0x32c4, 0x32c5, 0x32c6,
  0x32c7, 0x32c8, 0x32c9, 0x32ca, 0x32cb, 0x32d0, 0x32d1, 0x32d2,
  0x32d3, 0x32d4, 0x32d5, 0x32d6, 0x32d7, 0x32d8, 0x32d9, 0x32da,
  0x32db, 0x32dc, 0x32dd, 0x32de, 0x32df, 0x32e0, 0x32e1, 0x32e2,
  0x32e3, 0x32e4, 0x32e5, 0x32e6, 0x32e7, 0x32e8, 0x32e9, 0x32ea,
  0x32eb, 0x32ec, 0x32ed, 0x32ee, 0x32ef, 0x32f0, 0x32f1, 0x32f2,
  0x32f3, 0x32f4, 0x32f5, 0x32f6, 0x32f7, 0x32f8, 0x32f9, 0x32fa,
  0x32fb, 0x32fc, 0x32fd, 0x32fe, 0x3300, 0x3301, 0x3302, 0x3303,
  0x3304, 0x3305, 0x3306, 0x3307, 0x3308, 0x3309, 0x330a, 0x330b,
  0x330c, 0x330d, 0x330e, 0x330f, 0x3310, 0x3311, 0x3312, 0x3313,
  0x3314, 0x3315, 0x3316, 0x3317, 0x3318, 0x3319, 0x331a, 0x331b,
  0x331c, 0x331d, 0x331e, 0x331f, 0x3320, 0x3321, 0x3322, 0x3323,
  0x3324, 0x3325, 0x3326, 0x3327, 0x3328, 0x3329, 0x332a, 0x332b,
  0x332c, 0x332d, 0x332e, 0x332f, 0x3330, 0x3331, 0x3332, 0x3333,
  0x3334, 0x3335, 0x3336, 0x3337, 0x3338, 0x3339, 0x333a, 0x333b,
  0x333c, 0x333d, 0x333e, 0x333f, 0x3340, 0x3341, 0x3342, 0x3343,
  0x3344, 0x3345, 0x3346, 0x3347, 0x3348, 0x3349, 0x334a, 0x334b,
  0x334c, 0x334d, 0x334e, 0x334f, 0x3350, 0x3351, 0x3352, 0x3353,
  0x3354, 0x3355, 0x3356, 0x3357, 0x3358, 0x3359, 0x335a, 0x335b,
  0x335c, 0x335d, 0x335e, 0x335f, 0x3360, 0x3361, 0x3362, 0x3363,
  0x3364, 0x3365, 0x3366, 0x3367, 0x3368, 0x3369, 0x336a, 0x336b,
  0x336c, 0x336d, 0x336e, 0x336f, 0x3370, 0x3371, 0x3372, 0x3373,
  0x3374, 0x3375, 0x3376, 0x337b, 0x337c, 0x337d, 0x337e, 0x337f,
  0x3380, 0x3381, 0x3382, 0x3383, 0x3384, 0x3385, 0x3386, 0x3387,
  0x3388, 0x3389, 0x338a, 0x338b, 0x338c, 0x338d, 0x338e, 0x338f,
  0x3390, 0x3391, 0x3392, 0x3393, 0x3394, 0x3395, 0x3396, 0x3397,
  0x3398, 0x3399, 0x339a, 0x339b, 0x339c, 0x339d, 0x339e, 0x339f,
  0x33a0, 0x33a1, 0x33a2, 0x33a3, 0x33a4, 0x33a5, 0x33a6, 0x33a7,
  0x33a8, 0x33a9, 0x33aa, 0x33ab, 0x33ac, 0x33ad, 0x33ae, 0x33af,
  0x33b0, 0x33b1, 0x33b2, 0x33b3, 0x33b4, 0x33b5, 0x33b6, 0x33b7,
  0x33b8, 0x33b9, 0x33ba, 0x33bb, 0x33bc, 0x33bd, 0x33be, 0x33bf,
  0x33c0, 0x33c1, 0x33c2, 0x33c3, 0x33c4, 0x33c5, 0x33c6, 0x33c7,
  0x33c8, 0x33c9, 0x33ca, 0x33cb, 0x33cc, 0x33cd, 0x33ce, 0x33cf,
  0x33d0, 0x33d1, 0x33d2, 0x33d3, 0x33d4, 0x33d5, 0x33d6, 0x33d7,
  0x33d8, 0x33d9, 0x33da, 0x33db, 0x33dc, 0x33dd, 0x33e0, 0x33e1,
  0x33e2, 0x33e3, 0x33e4, 0x33e5, 0x33e6, 0x33e7, 0x33e8, 0x33e9,
  0x33ea, 0x33eb, 0x33ec, 0x33ed, 0x33ee, 0x33ef, 0x33f0, 0x33f1,
  0x33f2, 0x33f3, 0x33f4, 0x33f5, 0x33f6, 0x33f7, 0x33f8, 0x33f9,
  0x33fa, 0x33fb, 0x33fc, 0x33fd, 0x33fe, 0xf900, 0xf901, 0xf902,
  0xf903, 0xf904, 0xf905, 0xf906, 0xf907, 0xf908, 0xf909, 0xf90a,
  0xf90b, 0xf90c, 0xf90d, 0xf90e, 0xf90f, 0xf910, 0xf911, 0xf912,
  0xf913, 0xf914, 0xf915, 0xf916, 0xf917, 0xf918, 0xf919, 0xf91a,
  0xf91b, 0xf91c, 0xf91d, 0xf91e, 0xf91f, 0xf920, 0xf921, 0xf922,
  0xf923, 0xf924, 0xf925, 0xf926, 0xf927, 0xf928, 0xf929, 0xf92a,
  0xf92b, 0xf92c, 0xf92d, 0xf92e, 0xf92f, 0xf930, 0xf931, 0xf932,
  0xf933, 0xf934, 0xf935, 0xf936, 0xf937, 0xf938, 0xf939, 0xf93a,
  0xf93b, 0xf93c, 0xf93d, 0xf93e, 0xf93f, 0xf940, 0xf941, 0xf942,
  0xf943, 0xf944, 0xf945, 0xf946, 0xf947, 0xf948, 0xf949, 0xf94a,
  0xf94b, 0xf94c, 0xf94d, 0xf94e, 0xf94f, 0xf950, 0xf951, 0xf952,
  0xf953, 0xf954, 0xf955, 0xf956, 0xf957, 0xf958, 0xf959, 0xf95a,
  0xf95b, 0xf95c, 0xf95d, 0xf95e, 0xf95f, 0xf960, 0xf961, 0xf962,
  0xf963, 0xf964, 0xf965, 0xf966, 0xf967, 0xf968, 0xf969, 0xf96a,
  0xf96b, 0xf96c, 0xf96d, 0xf96e, 0xf96f, 0xf970, 0xf971, 0xf972,
  0xf973, 0xf974, 0xf975, 0xf976, 0xf977, 0xf978, 0xf979, 0xf97a,
  0xf97b, 0xf97c, 0xf97d, 0xf97e, 0xf97f, 0xf980, 0xf981, 0xf982,
  0xf983, 0xf984, 0xf985, 0xf986, 0xf987, 0xf988, 0xf989, 0xf98a,
  0xf98b, 0xf98c, 0xf98d, 0xf98e, 0xf98f, 0xf990, 0xf991, 0xf992,
  0xf993, 0xf994, 0xf995, 0xf996, 0xf997, 0xf998, 0xf999, 0xf99a,
  0xf99b, 0xf99c, 0xf99d, 0xf99e, 0xf99f, 0xf9a0, 0xf9a1, 0xf9a2,
  0xf9a3, 0xf9a4, 0xf9a5, 0xf9a6, 0xf9a7, 0xf9a8, 0xf9a9, 0xf9aa,
  0xf9ab, 0xf9ac, 0xf9ad, 0xf9ae, 0xf9af, 0xf9b0, 0xf9b1, 0xf9b2,
  0xf9b3, 0xf9b4, 0xf9b5, 0xf9b6, 0xf9b7, 0xf9b8, 0xf9b9, 0xf9ba,
  0xf9bb, 0xf9bc, 0xf9bd, 0xf9be, 0xf9bf, 0xf9c0, 0xf9c1, 0xf9c2,
  0xf9c3, 0xf9c4, 0xf9c5, 0xf9c6, 0xf9c7, 0xf9c8, 0xf9c9, 0xf9ca,
  0xf9cb, 0xf9cc, 0xf9cd, 0xf9ce, 0xf9cf, 0xf9d0, 0xf9d1, 0xf9d2,
  0xf9d3, 0xf9d4, 0xf9d5, 0xf9d6, 0xf9d7, 0xf9d8, 0xf9d9, 0xf9da,
  0xf9db, 0xf9dc, 0xf9dd, 0xf9de, 0xf9df, 0xf9e0, 0xf9e1, 0xf9e2,
  0xf9e3, 0xf9e4, 0xf9e5, 0xf9e6, 0xf9e7, 0xf9e8, 0xf9e9, 0xf9ea,
  0xf9eb, 0xf9ec, 0xf9ed, 0xf9ee, 0xf9ef, 0xf9f0, 0xf9f1, 0xf9f2,
  0xf9f3, 0xf9f4, 0xf9f5, 0xf9f6, 0xf9f7, 0xf9f8, 0xf9f9, 0xf9fa,
  0xf9fb, 0xf9fc, 0xf9fd, 0xf9fe, 0xf9ff, 0xfa00, 0xfa01, 0xfa02,
  0xfa03, 0xfa04, 0xfa05, 0xfa06, 0xfa07, 0xfa08, 0xfa09, 0xfa0a,
  0xfa0b, 0xfa0c, 0xfa0d, 0xfa10, 0xfa12, 0xfa15, 0xfa16, 0xfa17,
  0xfa18, 0xfa19, 0xfa1a, 0xfa1b, 0xfa1c, 0xfa1d, 0xfa1e, 0xfa20,
  0xfa22, 0xfa25, 0xfa26, 0xfa2a, 0xfa2b, 0xfa2c, 0xfa2d, 0xfa30,
  0xfa31, 0xfa32, 0xfa33, 0xfa34, 0xfa35, 0xfa36, 0xfa37, 0xfa38,
  0xfa39, 0xfa3a, 0xfa3b, 0xfa3c, 0xfa3d, 0xfa3e, 0xfa3f, 0xfa40,
  0xfa41, 0xfa42, 0xfa43, 0xfa44, 0xfa45, 0xfa46, 0xfa47, 0xfa48,
  0xfa49, 0xfa4a, 0xfa4b, 0xfa4c, 0xfa4d, 0xfa4e, 0xfa4f, 0xfa50,
  0xfa51, 0xfa52, 0xfa53, 0xfa54, 0xfa55, 0xfa56, 0xfa57, 0xfa58,
  0xfa59, 0xfa5a, 0xfa5b, 0xfa5c, 0xfa5d, 0xfa5e, 0xfa5f, 0xfa60,
  0xfa61, 0xfa62, 0xfa63, 0xfa64, 0xfa65, 0xfa66, 0xfa67, 0xfa68,
  0xfa69, 0xfa6a, 0xfb00, 0xfb01, 0xfb02, 0xfb03, 0xfb04, 0xfb05,
  0xfb06, 0xfb13, 0xfb14, 0xfb15, 0xfb16, 0xfb17, 0xfb1d, 0xfb1f,
  0xfb20, 0xfb21, 0xfb22, 0xfb23, 0xfb24, 0xfb25, 0xfb26, 0xfb27,
  0xfb28, 0xfb29, 0xfb2a, 0xfb2b, 0xfb2c, 0xfb2d, 0xfb2e, 0xfb2f,
  0xfb30, 0xfb31, 0xfb32, 0xfb33, 0xfb34, 0xfb35, 0xfb36, 0xfb38,
  0xfb39, 0xfb3a, 0xfb3b, 0xfb3c, 0xfb3e, 0xfb40, 0xfb41, 0xfb43,
  0xfb44, 0xfb46, 0xfb47, 0xfb48, 0xfb49, 0xfb4a, 0xfb4b, 0xfb4c,
  0xfb4d, 0xfb4e, 0xfb4f, 0xfb50, 0xfb51, 0xfb52, 0xfb53, 0xfb54,
  0xfb55, 0xfb56, 0xfb57, 0xfb58, 0xfb59, 0xfb5a, 0xfb5b, 0xfb5c,
  0xfb5d, 0xfb5e, 0xfb5f, 0xfb60, 0xfb61, 0xfb62, 0xfb63, 0xfb64,
  0xfb65, 0xfb66, 0xfb67, 0xfb68, 0xfb69, 0xfb6a, 0xfb6b, 0xfb6c,
  0xfb6d, 0xfb6e, 0xfb6f, 0xfb70, 0xfb71, 0xfb72, 0xfb73, 0xfb74,
  0xfb75, 0xfb76, 0xfb77, 0xfb78, 0xfb79, 0xfb7a, 0xfb7b, 0xfb7c,
  0xfb7d, 0xfb7e, 0xfb7f, 0xfb80, 0xfb81, 0xfb82, 0xfb83, 0xfb84,
  0xfb85, 0xfb86, 0xfb87, 0xfb88, 0xfb89, 0xfb8a, 0xfb8b, 0xfb8c,
  0xfb8d, 0xfb8e, 0xfb8f, 0xfb90, 0xfb91, 0xfb92, 0xfb93, 0xfb94,
  0xfb95, 0xfb96, 0xfb97, 0xfb98, 0xfb99, 0xfb9a, 0xfb9b, 0xfb9c,
  0xfb9d, 0xfb9e, 0xfb9f, 0xfba0, 0xfba1, 0xfba2, 0xfba3, 0xfba4,
  0xfba5, 0xfba6, 0xfba7, 0xfba8, 0xfba9, 0xfbaa, 0xfbab, 0xfbac,
  0xfbad, 0xfbae, 0xfbaf, 0xfbb0, 0xfbb1, 0xfbd3, 0xfbd4, 0xfbd5,
  0xfbd6, 0xfbd7, 0xfbd8, 0xfbd9, 0xfbda, 0xfbdb, 0xfbdc, 0xfbdd,
  0xfbde, 0xfbdf, 0xfbe0, 0xfbe1, 0xfbe2, 0xfbe3, 0xfbe4, 0xfbe5,
  0xfbe6, 0xfbe7, 0xfbe8, 0xfbe9, 0xfbea, 0xfbeb, 0xfbec, 0xfbed,
  0xfbee, 0xfbef, 0xfbf0, 0xfbf1, 0xfbf2, 0xfbf3, 0xfbf4, 0xfbf5,
  0xfbf6, 0xfbf7, 0xfbf8, 0xfbf9, 0xfbfa, 0xfbfb, 0xfbfc, 0xfbfd,
  0xfbfe, 0xfbff, 0xfc00, 0xfc01, 0xfc02, 0xfc03, 0xfc04, 0xfc05,
  0xfc06, 0xfc07, 0xfc08, 0xfc09, 0xfc0a, 0xfc0b, 0xfc0c, 0xfc0d,
  0xfc0e, 0xfc0f, 0xfc10, 0xfc11, 0xfc12, 0xfc13, 0xfc14, 0xfc15,
  0xfc16, 0xfc17, 0xfc18, 0xfc19, 0xfc1a, 0xfc1b, 0xfc1c, 0xfc1d,
  0xfc1e, 0xfc1f, 0xfc20, 0xfc21, 0xfc22, 0xfc23, 0xfc24, 0xfc25,
  0xfc26, 0xfc27, 0xfc28, 0xfc29, 0xfc2a, 0xfc2b, 0xfc2c, 0xfc2d,
  0xfc2e, 0xfc2f, 0xfc30, 0xfc31, 0xfc32, 0xfc33, 0xfc34, 0xfc35,
  0xfc36, 0xfc37, 0xfc38, 0xfc39, 0xfc3a, 0xfc3b, 0xfc3c, 0xfc3d,
  0xfc3e, 0xfc3f, 0xfc40, 0xfc41, 0xfc42, 0xfc43, 0xfc44, 0xfc45,
  0xfc46, 0xfc47, 0xfc48, 0xfc49, 0xfc4a, 0xfc4b, 0xfc4c, 0xfc4d,
  0xfc4e, 0xfc4f, 0xfc50, 0xfc51, 0xfc52, 0xfc53, 0xfc54, 0xfc55,
  0xfc56, 0xfc57, 0xfc58, 0xfc59, 0xfc5a, 0xfc5b, 0xfc5c, 0xfc5d,
  0xfc5e, 0xfc5f, 0xfc60, 0xfc61, 0xfc62, 0xfc63, 0xfc64, 0xfc65,
  0xfc66, 0xfc67, 0xfc68, 0xfc69, 0xfc6a, 0xfc6b, 0xfc6c, 0xfc6d,
  0xfc6e, 0xfc6f, 0xfc70, 0xfc71, 0xfc72, 0xfc73, 0xfc74, 0xfc75,
  0xfc76, 0xfc77, 0xfc78, 0xfc79, 0xfc7a, 0xfc7b, 0xfc7c, 0xfc7d,
  0xfc7e, 0xfc7f, 0xfc80, 0xfc81, 0xfc82, 0xfc83, 0xfc84, 0xfc85,
  0xfc86, 0xfc87, 0xfc88, 0xfc89, 0xfc8a, 0xfc8b, 0xfc8c, 0xfc8d,
  0xfc8e, 0xfc8f, 0xfc90, 0xfc91, 0xfc92, 0xfc93, 0xfc94, 0xfc95,
  0xfc96, 0xfc97, 0xfc98, 0xfc99, 0xfc9a, 0xfc9b, 0xfc9c, 0xfc9d,
  0xfc9e, 0xfc9f, 0xfca0, 0xfca1, 0xfca2, 0xfca3, 0xfca4, 0xfca5,
  0xfca6, 0xfca7, 0xfca8, 0xfca9, 0xfcaa, 0xfcab, 0xfcac, 0xfcad,
  0xfcae, 0xfcaf, 0xfcb0, 0xfcb1, 0xfcb2, 0xfcb3, 0xfcb4, 0xfcb5,
  0xfcb6, 0xfcb7, 0xfcb8, 0xfcb9, 0xfcba, 0xfcbb, 0xfcbc, 0xfcbd,
  0xfcbe, 0xfcbf, 0xfcc0, 0xfcc1, 0xfcc2, 0xfcc3, 0xfcc4, 0xfcc5,
  0xfcc6, 0xfcc7, 0xfcc8, 0xfcc9, 0xfcca, 0xfccb, 0xfccc, 0xfccd,
  0xfcce, 0xfccf, 0xfcd0, 0xfcd1, 0xfcd2, 0xfcd3, 0xfcd4, 0xfcd5,
  0xfcd6, 0xfcd7, 0xfcd8, 0xfcd9, 0xfcda, 0xfcdb, 0xfcdc, 0xfcdd,
  0xfcde, 0xfcdf, 0xfce0, 0xfce1, 0xfce2, 0xfce3, 0xfce4, 0xfce5,
  0xfce6, 0xfce7, 0xfce8, 0xfce9, 0xfcea, 0xfceb, 0xfcec, 0xfced,
  0xfcee, 0xfcef, 0xfcf0, 0xfcf1, 0xfcf2, 0xfcf3, 0xfcf4, 0xfcf5,
  0xfcf6, 0xfcf7, 0xfcf8, 0xfcf9, 0xfcfa, 0xfcfb, 0xfcfc, 0xfcfd,
  0xfcfe, 0xfcff, 0xfd00, 0xfd01, 0xfd02, 0xfd03, 0xfd04, 0xfd05,
  0xfd06, 0xfd07, 0xfd08, 0xfd09, 0xfd0a, 0xfd0b, 0xfd0c, 0xfd0d,
  0xfd0e, 0xfd0f, 0xfd10, 0xfd11, 0xfd12, 0xfd13, 0xfd14, 0xfd15,
  0xfd16, 0xfd17, 0xfd18, 0xfd19, 0xfd1a, 0xfd1b, 0xfd1c, 0xfd1d,
  0xfd1e, 0xfd1f, 0xfd20, 0xfd21, 0xfd22, 0xfd23, 0xfd24, 0xfd25,
  0xfd26, 0xfd27, 0xfd28, 0xfd29, 0xfd2a, 0xfd2b, 0xfd2c, 0xfd2d,
  0xfd2e, 0xfd2f, 0xfd30, 0xfd31, 0xfd32, 0xfd33, 0xfd34, 0xfd35,
  0xfd36, 0xfd37, 0xfd38, 0xfd39, 0xfd3a, 0xfd3b, 0xfd3c, 0xfd3d,
  0xfd50, 0xfd51, 0xfd52, 0xfd53, 0xfd54, 0xfd55, 0xfd56, 0xfd57,
  0xfd58, 0xfd59, 0xfd5a, 0xfd5b, 0xfd5c, 0xfd5d, 0xfd5e, 0xfd5f,
  0xfd60, 0xfd61, 0xfd62, 0xfd63, 0xfd64, 0xfd65, 0xfd66, 0xfd67,
  0xfd68, 0xfd69, 0xfd6a, 0xfd6b, 0xfd6c, 0xfd6d, 0xfd6e, 0xfd6f,
  0xfd70, 0xfd71, 0xfd72, 0xfd73, 0xfd74, 0xfd75, 0xfd76, 0xfd77,
  0xfd78, 0xfd79, 0xfd7a, 0xfd7b, 0xfd7c, 0xfd7d, 0xfd7e, 0xfd7f,
  0xfd80, 0xfd81, 0xfd82, 0xfd83, 0xfd84, 0xfd85, 0xfd86, 0xfd87,
  0xfd88, 0xfd89, 0xfd8a, 0xfd8b, 0xfd8c, 0xfd8d, 0xfd8e, 0xfd8f,
  0xfd92, 0xfd93, 0xfd94, 0xfd95, 0xfd96, 0xfd97, 0xfd98, 0xfd99,
  0xfd9a, 0xfd9b, 0xfd9c, 0xfd9d, 0xfd9e, 0xfd9f, 0xfda0, 0xfda1,
  0xfda2, 0xfda3, 0xfda4, 0xfda5, 0xfda6, 0xfda7, 0xfda8, 0xfda9,
  0xfdaa, 0xfdab, 0xfdac, 0xfdad, 0xfdae, 0xfdaf, 0xfdb0, 0xfdb1,
  0xfdb2, 0xfdb3, 0xfdb4, 0xfdb5, 0xfdb6, 0xfdb7, 0xfdb8, 0xfdb9,
  0xfdba, 0xfdbb, 0xfdbc, 0xfdbd, 0xfdbe, 0xfdbf, 0xfdc0, 0xfdc1,
  0xfdc2, 0xfdc3, 0xfdc4, 0xfdc5, 0xfdc6, 0xfdc7, 0xfdf0, 0xfdf1,
  0xfdf2, 0xfdf3, 0xfdf4, 0xfdf5, 0xfdf6, 0xfdf7, 0xfdf8, 0xfdf9,
  0xfdfa, 0xfdfb, 0xfdfc, 0xfe30, 0xfe31, 0xfe32, 0xfe33, 0xfe34,
  0xfe35, 0xfe36, 0xfe37, 0xfe38, 0xfe39, 0xfe3a, 0xfe3b, 0xfe3c,
  0xfe3d, 0xfe3e, 0xfe3f, 0xfe40, 0xfe41, 0xfe42, 0xfe43, 0xfe44,
  0xfe49, 0xfe4a, 0xfe4b, 0xfe4c, 0xfe4d, 0xfe4e, 0xfe4f, 0xfe50,
  0xfe51, 0xfe52, 0xfe54, 0xfe55, 0xfe56, 0xfe57, 0xfe58, 0xfe59,
  0xfe5a, 0xfe5b, 0xfe5c, 0xfe5d, 0xfe5e, 0xfe5f, 0xfe60, 0xfe61,
  0xfe62, 0xfe63, 0xfe64, 0xfe65, 0xfe66, 0xfe68, 0xfe69, 0xfe6a,
  0xfe6b, 0xfe70, 0xfe71, 0xfe72, 0xfe74, 0xfe76, 0xfe77, 0xfe78,
  0xfe79, 0xfe7a, 0xfe7b, 0xfe7c, 0xfe7d, 0xfe7e, 0xfe7f, 0xfe80,
  0xfe81, 0xfe82, 0xfe83, 0xfe84, 0xfe85, 0xfe86, 0xfe87, 0xfe88,
  0xfe89, 0xfe8a, 0xfe8b, 0xfe8c, 0xfe8d, 0xfe8e, 0xfe8f, 0xfe90,
  0xfe91, 0xfe92, 0xfe93, 0xfe94, 0xfe95, 0xfe96, 0xfe97, 0xfe98,
  0xfe99, 0xfe9a, 0xfe9b, 0xfe9c, 0xfe9d, 0xfe9e, 0xfe9f, 0xfea0,
  0xfea1, 0xfea2, 0xfea3, 0xfea4, 0xfea5, 0xfea6, 0xfea7, 0xfea8,
  0xfea9, 0xfeaa, 0xfeab, 0xfeac, 0xfead, 0xfeae, 0xfeaf, 0xfeb0,
  0xfeb1, 0xfeb2, 0xfeb3, 0xfeb4, 0xfeb5, 0xfeb6, 0xfeb7, 0xfeb8,
  0xfeb9, 0xfeba, 0xfebb, 0xfebc, 0xfebd, 0xfebe, 0xfebf, 0xfec0,
  0xfec1, 0xfec2, 0xfec3, 0xfec4, 0xfec5, 0xfec6, 0xfec7, 0xfec8,
  0xfec9, 0xfeca, 0xfecb, 0xfecc, 0xfecd, 0xfece, 0xfecf, 0xfed0,
  0xfed1, 0xfed2, 0xfed3, 0xfed4, 0xfed5, 0xfed6, 0xfed7, 0xfed8,
  0xfed9, 0xfeda, 0xfedb, 0xfedc, 0xfedd, 0xfede, 0xfedf, 0xfee0,
  0xfee1, 0xfee2, 0xfee3, 0xfee4, 0xfee5, 0xfee6, 0xfee7, 0xfee8,
  0xfee9, 0xfeea, 0xfeeb, 0xfeec, 0xfeed, 0xfeee, 0xfeef, 0xfef0,
  0xfef1, 0xfef2, 0xfef3, 0xfef4, 0xfef5, 0xfef6, 0xfef7, 0xfef8,
  0xfef9, 0xfefa, 0xfefb, 0xfefc, 0xff01, 0xff02, 0xff03, 0xff04,
  0xff05, 0xff06, 0xff07, 0xff08, 0xff09, 0xff0a, 0xff0b, 0xff0c,
  0xff0d, 0xff0e, 0xff0f, 0xff10, 0xff11, 0xff12, 0xff13, 0xff14,
  0xff15, 0xff16, 0xff17, 0xff18, 0xff19, 0xff1a, 0xff1b, 0xff1c,
  0xff1d, 0xff1e, 0xff1f, 0xff20, 0xff21, 0xff22, 0xff23, 0xff24,
  0xff25, 0xff26, 0xff27, 0xff28, 0xff29, 0xff2a, 0xff2b, 0xff2c,
  0xff2d, 0xff2e, 0xff2f, 0xff30, 0xff31, 0xff32, 0xff33, 0xff34,
  0xff35, 0xff36, 0xff37, 0xff38, 0xff39, 0xff3a, 0xff3b, 0xff3c,
  0xff3d, 0xff3e, 0xff3f, 0xff40, 0xff41, 0xff42, 0xff43, 0xff44,
  0xff45, 0xff46, 0xff47, 0xff48, 0xff49, 0xff4a, 0xff4b, 0xff4c,
  0xff4d, 0xff4e, 0xff4f, 0xff50, 0xff51, 0xff52, 0xff53, 0xff54,
  0xff55, 0xff56, 0xff57, 0xff58, 0xff59, 0xff5a, 0xff5b, 0xff5c,
  0xff5d, 0xff5e, 0xff5f, 0xff60, 0xff61, 0xff62, 0xff63, 0xff64,
  0xff65, 0xff66, 0xff67, 0xff68, 0xff69, 0xff6a, 0xff6b, 0xff6c,
  0xff6d, 0xff6e, 0xff6f, 0xff70, 0xff71, 0xff72, 0xff73, 0xff74,
  0xff75, 0xff76, 0xff77, 0xff78, 0xff79, 0xff7a, 0xff7b, 0xff7c,
  0xff7d, 0xff7e, 0xff7f, 0xff80, 0xff81, 0xff82, 0xff83, 0xff84,
  0xff85, 0xff86, 0xff87, 0xff88, 0xff89, 0xff8a, 0xff8b, 0xff8c,
  0xff8d, 0xff8e, 0xff8f, 0xff90, 0xff91, 0xff92, 0xff93, 0xff94,
  0xff95, 0xff96, 0xff97, 0xff98, 0xff99, 0xff9a, 0xff9b, 0xff9c,
  0xff9d, 0xff9e, 0xff9f, 0xffa0, 0xffa1, 0xffa2, 0xffa3, 0xffa4,
  0xffa5, 0xffa6, 0xffa7, 0xffa8, 0xffa9, 0xffaa, 0xffab, 0xffac,
  0xffad, 0xffae, 0xffaf, 0xffb0, 0xffb1, 0xffb2, 0xffb3, 0xffb4,
  0xffb5, 0xffb6, 0xffb7, 0xffb8, 0xffb9, 0xffba, 0xffbb, 0xffbc,
  0xffbd, 0xffbe, 0xffc2, 0xffc3, 0xffc4, 0xffc5, 0xffc6, 0xffc7,
  0xffca, 0xffcb, 0xffcc, 0xffcd, 0xffce, 0xffcf, 0xffd2, 0xffd3,
  0xffd4, 0xffd5, 0xffd6, 0xffd7, 0xffda, 0xffdb, 0xffdc, 0xffe0,
  0xffe1, 0xffe2, 0xffe3, 0xffe4, 0xffe5, 0xffe6, 0xffe8, 0xffe9,
  0xffea, 0xffeb, 0xffec, 0xffed, 0xffee, 0x1d15e, 0x1d15f, 0x1d160,
  0x1d161, 0x1d162, 0x1d163, 0x1d164, 0x1d1bb, 0x1d1bc, 0x1d1bd, 0x1d1be,
  0x1d1bf, 0x1d1c0, 0x1d400, 0x1d401, 0x1d402, 0x1d403, 0x1d404, 0x1d405,
  0x1d406, 0x1d407, 0x1d408, 0x1d409, 0x1d40a, 0x1d40b, 0x1d40c, 0x1d40d,
  0x1d40e, 0x1d40f, 0x1d410, 0x1d411, 0x1d412, 0x1d413, 0x1d414, 0x1d415,
  0x1d416, 0x1d417, 0x1d418, 0x1d419, 0x1d41a, 0x1d41b, 0x1d41c, 0x1d41d,
  0x1d41e, 0x1d41f, 0x1d420, 0x1d421, 0x1d422, 0x1d423, 0x1d424, 0x1d425,
  0x1d426, 0x1d427, 0x1d428, 0x1d429, 0x1d42a, 0x1d42b, 0x1d42c, 0x1d42d,
  0x1d42e, 0x1d42f, 0x1d430, 0x1d431, 0x1d432, 0x1d433, 0x1d434, 0x1d435,
  0x1d436, 0x1d437, 0x1d438, 0x1d439, 0x1d43a, 0x1d43b, 0x1d43c, 0x1d43d,
  0x1d43e, 0x1d43f, 0x1d440, 0x1d441, 0x1d442, 0x1d443, 0x1d444, 0x1d445,
  0x1d446, 0x1d447, 0x1d448, 0x1d449, 0x1d44a, 0x1d44b, 0x1d44c, 0x1d44d,
  0x1d44e, 0x1d44f, 0x1d450, 0x1d451, 0x1d452, 0x1d453, 0x1d454, 0x1d456,
  0x1d457, 0x1d458, 0x1d459, 0x1d45a, 0x1d45b, 0x1d45c, 0x1d45d, 0x1d45e,
  0x1d45f, 0x1d460, 0x1d461, 0x1d462, 0x1d463, 0x1d464, 0x1d465, 0x1d466,
  0x1d467, 0x1d468, 0x1d469, 0x1d46a, 0x1d46b, 0x1d46c, 0x1d46d, 0x1d46e,
  0x1d46f, 0x1d470, 0x1d471, 0x1d472, 0x1d473, 0x1d474, 0x1d475, 0x1d476,
  0x1d477, 0x1d478, 0x1d479, 0x1d47a, 0x1d47b, 0x1d47c, 0x1d47d, 0x1d47e,
  0x1d47f, 0x1d480, 0x1d481, 0x1d482, 0x1d483, 0x1d484, 0x1d485, 0x1d486,
  0x1d487, 0x1d488, 0x1d489, 0x1d48a, 0x1d48b, 0x1d48c, 0x1d48d, 0x1d48e,
  0x1d48f, 0x1d490, 0x1d491, 0x1d492, 0x1d493, 0x1d494, 0x1d495, 0x1d496,
  0x1d497, 0x1d498, 0x1d499, 0x1d49a, 0x1d49b, 0x1d49c, 0x1d49e, 0x1d49f,
  0x1d4a2, 0x1d4a5, 0x1d4a6, 0x1d4a9, 0x1d4aa, 0x1d4ab, 0x1d4ac, 0x1d4ae,
  0x1d4af, 0x1d4b0, 0x1d4b1, 0x1d4b2, 0x1d4b3, 0x1d4b4, 0x1d4b5, 0x1d4b6,
  0x1d4b7, 0x1d4b8, 0x1d4b9, 0x1d4bb, 0x1d4bd, 0x1d4be, 0x1d4bf, 0x1d4c0,
  0x1d4c2, 0x1d4c3, 0x1d4c5, 0x1d4c6, 0x1d4c7, 0x1d4c8, 0x1d4c9, 0x1d4ca,
  0x1d4cb, 0x1d4cc, 0x1d4cd, 0x1d4ce, 0x1d4cf, 0x1d4d0, 0x1d4d1, 0x1d4d2,
  0x1d4d3, 0x1d4d4, 0x1d4d5, 0x1d4d6, 0x1d4d7, 0x1d4d8, 0x1d4d9, 0x1d4da,
  0x1d4db, 0x1d4dc, 0x1d4dd, 0x1d4de, 0x1d4df, 0x1d4e0, 0x1d4e1, 0x1d4e2,
  0x1d4e3, 0x1d4e4, 0x1d4e5, 0x1d4e6, 0x1d4e7, 0x1d4e8, 0x1d4e9, 0x1d4ea,
  0x1d4eb, 0x1d4ec, 0x1d4ed, 0x1d4ee, 0x1d4ef, 0x1d4f0, 0x1d4f1, 0x1d4f2,
  0x1d4f3, 0x1d4f4, 0x1d4f5, 0x1d4f6, 0x1d4f7, 0x1d4f8, 0x1d4f9, 0x1d4fa,
  0x1d4fb, 0x1d4fc, 0x1d4fd, 0x1d4fe, 0x1d4ff, 0x1d500, 0x1d501, 0x1d502,
  0x1d503, 0x1d504, 0x1d505, 0x1d507, 0x1d508, 0x1d509, 0x1d50a, 0x1d50d,
  0x1d50e, 0x1d50f, 0x1d510, 0x1d511, 0x1d512, 0x1d513, 0x1d514, 0x1d516,
  0x1d517, 0x1d518, 0x1d519, 0x1d51a, 0x1d51b, 0x1d51c, 0x1d51e, 0x1d51f,
  0x1d520, 0x1d521, 0x1d522, 0x1d523, 0x1d524, 0x1d525, 0x1d526, 0x1d527,
  0x1d528, 0x1d529, 0x1d52a, 0x1d52b, 0x1d52c, 0x1d52d, 0x1d52e, 0x1d52f,
  0x1d530, 0x1d531, 0x1d532, 0x1d533, 0x1d534, 0x1d535, 0x1d536, 0x1d537,
  0x1d538, 0x1d539, 0x1d53b, 0x1d53c, 0x1d53d, 0x1d53e, 0x1d540, 0x1d541,
  0x1d542, 0x1d543, 0x1d544, 0x1d546, 0x1d54a, 0x1d54b, 0x1d54c, 0x1d54d,
  0x1d54e, 0x1d54f, 0x1d550, 0x1d552, 0x1d553, 0x1d554, 0x1d555, 0x1d556,
  0x1d557, 0x1d558, 0x1d559, 0x1d55a, 0x1d55b, 0x1d55c, 0x1d55d, 0x1d55e,
  0x1d55f, 0x1d560, 0x1d561, 0x1d562, 0x1d563, 0x1d564, 0x1d565, 0x1d566,
  0x1d567, 0x1d568, 0x1d569, 0x1d56a, 0x1d56b, 0x1d56c, 0x1d56d, 0x1d56e,
  0x1d56f, 0x1d570, 0x1d571, 0x1d572, 0x1d573, 0x1d574, 0x1d575, 0x1d576,
  0x1d577, 0x1d578, 0x1d579, 0x1d57a, 0x1d57b, 0x1d57c, 0x1d57d, 0x1d57e,
  0x1d57f, 0x1d580, 0x1d581, 0x1d582, 0x1d583, 0x1d584, 0x1d585, 0x1d586,
  0x1d587, 0x1d588, 0x1d589, 0x1d58a, 0x1d58b, 0x1d58c, 0x1d58d, 0x1d58e,
  0x1d58f, 0x1d590, 0x1d591, 0x1d592, 0x1d593, 0x1d594, 0x1d595, 0x1d596,
  0x1d597, 0x1d598, 0x1d599, 0x1d59a, 0x1d59b, 0x1d59c, 0x1d59d, 0x1d59e,
  0x1d59f, 0x1d5a0, 0x1d5a1, 0x1d5a2, 0x1d5a3, 0x1d5a4, 0x1d5a5, 0x1d5a6,
  0x1d5a7, 0x1d5a8, 0x1d5a9, 0x1d5aa, 0x1d5ab, 0x1d5ac, 0x1d5ad, 0x1d5ae,
  0x1d5af, 0x1d5b0, 0x1d5b1, 0x1d5b2, 0x1d5b3, 0x1d5b4, 0x1d5b5, 0x1d5b6,
  0x1d5b7, 0x1d5b8, 0x1d5b9, 0x1d5ba, 0x1d5bb, 0x1d5bc, 0x1d5bd, 0x1d5be,
  0x1d5bf, 0x1d5c0, 0x1d5c1, 0x1d5c2, 0x1d5c3, 0x1d5c4, 0x1d5c5, 0x1d5c6,
  0x1d5c7, 0x1d5c8, 0x1d5c9, 0x1d5ca, 0x1d5cb, 0x1d5cc, 0x1d5cd, 0x1d5ce,
  0x1d5cf, 0x1d5d0, 0x1d5d1, 0x1d5d2, 0x1d5d3, 0x1d5d4, 0x1d5d5, 0x1d5d6,
  0x1d5d7, 0x1d5d8, 0x1d5d9, 0x1d5da, 0x1d5db, 0x1d5dc, 0x1d5dd, 0x1d5de,
  0x1d5df, 0x1d5e0, 0x1d5e1, 0x1d5e2, 0x1d5e3, 0x1d5e4, 0x1d5e5, 0x1d5e6,
  0x1d5e7, 0x1d5e8, 0x1d5e9, 0x1d5ea, 0x1d5eb, 0x1d5ec, 0x1d5ed, 0x1d5ee,
  0x1d5ef, 0x1d5f0, 0x1d5f1, 0x1d5f2, 0x1d5f3, 0x1d5f4, 0x1d5f5, 0x1d5f6,
  0x1d5f7, 0x1d5f8, 0x1d5f9, 0x1d5fa, 0x1d5fb, 0x1d5fc, 0x1d5fd, 0x1d5fe,
  0x1d5ff, 0x1d600, 0x1d601, 0x1d602, 0x1d603, 0x1d604, 0x1d605, 0x1d606,
  0x1d607, 0x1d608, 0x1d609, 0x1d60a, 0x1d60b, 0x1d60c, 0x1d60d, 0x1d60e,
  0x1d60f, 0x1d610, 0x1d611, 0x1d612, 0x1d613, 0x1d614, 0x1d615, 0x1d616,
  0x1d617, 0x1d618, 0x1d619, 0x1d61a, 0x1d61b, 0x1d61c, 0x1d61d, 0x1d61e,
  0x1d61f, 0x1d620, 0x1d621, 0x1d622, 0x1d623, 0x1d624, 0x1d625, 0x1d626,
  0x1d627, 0x1d628, 0x1d629, 0x1d62a, 0x1d62b, 0x1d62c, 0x1d62d, 0x1d62e,
  0x1d62f, 0x1d630, 0x1d631, 0x1d632, 0x1d633, 0x1d634, 0x1d635, 0x1d636,
  0x1d637, 0x1d638, 0x1d639, 0x1d63a, 0x1d63b, 0x1d63c, 0x1d63d, 0x1d63e,
  0x1d63f, 0x1d640, 0x1d641, 0x1d642, 0x1d643, 0x1d644, 0x1d645, 0x1d646,
  0x1d647, 0x1d648, 0x1d649, 0x1d64a, 0x1d64b, 0x1d64c, 0x1d64d, 0x1d64e,
  0x1d64f, 0x1d650, 0x1d651, 0x1d652, 0x1d653, 0x1d654, 0x1d655, 0x1d656,
  0x1d657, 0x1d658, 0x1d659, 0x1d65a, 0x1d65b, 0x1d65c, 0x1d65d, 0x1d65e,
  0x1d65f, 0x1d660, 0x1d661, 0x1d662, 0x1d663, 0x1d664, 0x1d665, 0x1d666,
  0x1d667, 0x1d668, 0x1d669, 0x1d66a, 0x1d66b, 0x1d66c, 0x1d66d, 0x1d66e,
  0x1d66f, 0x1d670, 0x1d671, 0x1d672, 0x1d673, 0x1d674, 0x1d675, 0x1d676,
  0x1d677, 0x1d678, 0x1d679, 0x1d67a, 0x1d67b, 0x1d67c, 0x1d67d, 0x1d67e,
  0x1d67f, 0x1d680, 0x1d681, 0x1d682, 0x1d683, 0x1d684, 0x1d685, 0x1d686,
  0x1d687, 0x1d688, 0x1d689, 0x1d68a, 0x1d68b, 0x1d68c, 0x1d68d, 0x1d68e,
  0x1d68f, 0x1d690, 0x1d691, 0x1d692, 0x1d693, 0x1d694, 0x1d695, 0x1d696,
  0x1d697, 0x1d698, 0x1d699, 0x1d69a, 0x1d69b, 0x1d69c, 0x1d69d, 0x1d69e,
  0x1d69f, 0x1d6a0, 0x1d6a1, 0x1d6a2, 0x1d6a3, 0x1d6a8, 0x1d6a9, 0x1d6aa,
  0x1d6ab, 0x1d6ac, 0x1d6ad, 0x1d6ae, 0x1d6af, 0x1d6b0, 0x1d6b1, 0x1d6b2,
  0x1d6b3, 0x1d6b4, 0x1d6b5, 0x1d6b6, 0x1d6b7, 0x1d6b8, 0x1d6b9, 0x1d6ba,
  0x1d6bb, 0x1d6bc, 0x1d6bd, 0x1d6be, 0x1d6bf, 0x1d6c0, 0x1d6c1, 0x1d6c2,
  0x1d6c3, 0x1d6c4, 0x1d6c5, 0x1d6c6, 0x1d6c7, 0x1d6c8, 0x1d6c9, 0x1d6ca,
  0x1d6cb, 0x1d6cc, 0x1d6cd, 0x1d6ce, 0x1d6cf, 0x1d6d0, 0x1d6d1, 0x1d6d2,
  0x1d6d3, 0x1d6d4, 0x1d6d5, 0x1d6d6, 0x1d6d7, 0x1d6d8, 0x1d6d9, 0x1d6da,
  0x1d6db, 0x1d6dc, 0x1d6dd, 0x1d6de, 0x1d6df, 0x1d6e0, 0x1d6e1, 0x1d6e2,
  0x1d6e3, 0x1d6e4, 0x1d6e5, 0x1d6e6, 0x1d6e7, 0x1d6e8, 0x1d6e9, 0x1d6ea,
  0x1d6eb, 0x1d6ec, 0x1d6ed, 0x1d6ee, 0x1d6ef, 0x1d6f0, 0x1d6f1, 0x1d6f2,
  0x1d6f3, 0x1d6f4, 0x1d6f5, 0x1d6f6, 0x1d6f7, 0x1d6f8, 0x1d6f9, 0x1d6fa,
  0x1d6fb, 0x1d6fc, 0x1d6fd, 0x1d6fe, 0x1d6ff, 0x1d700, 0x1d701, 0x1d702,
  0x1d703, 0x1d704, 0x1d705, 0x1d706, 0x1d707, 0x1d708, 0x1d709, 0x1d70a,
  0x1d70b, 0x1d70c, 0x1d70d, 0x1d70e, 0x1d70f, 0x1d710, 0x1d711, 0x1d712,
  0x1d713, 0x1d714, 0x1d715, 0x1d716, 0x1d717, 0x1d718, 0x1d719, 0x1d71a,
  0x1d71b, 0x1d71c, 0x1d71d, 0x1d71e, 0x1d71f, 0x1d720, 0x1d721, 0x1d722,
  0x1d723, 0x1d724, 0x1d725, 0x1d726, 0x1d727, 0x1d728, 0x1d729, 0x1d72a,
  0x1d72b, 0x1d72c, 0x1d72d, 0x1d72e, 0x1d72f, 0x1d730, 0x1d731, 0x1d732,
  0x1d733, 0x1d734, 0x1d735, 0x1d736, 0x1d737, 0x1d738, 0x1d739, 0x1d73a,
  0x1d73b, 0x1d73c, 0x1d73d, 0x1d73e, 0x1d73f, 0x1d740, 0x1d741, 0x1d742,
  0x1d743, 0x1d744, 0x1d745, 0x1d746, 0x1d747, 0x1d748, 0x1d749, 0x1d74a,
  0x1d74b, 0x1d74c, 0x1d74d, 0x1d74e, 0x1d74f, 0x1d750, 0x1d751, 0x1d752,
  0x1d753, 0x1d754, 0x1d755, 0x1d756, 0x1d757, 0x1d758, 0x1d759, 0x1d75a,
  0x1d75b, 0x1d75c, 0x1d75d, 0x1d75e, 0x1d75f, 0x1d760, 0x1d761, 0x1d762,
  0x1d763, 0x1d764, 0x1d765, 0x1d766, 0x1d767, 0x1d768, 0x1d769, 0x1d76a,
  0x1d76b, 0x1d76c, 0x1d76d, 0x1d76e, 0x1d76f, 0x1d770, 0x1d771, 0x1d772,
  0x1d773, 0x1d774, 0x1d775, 0x1d776, 0x1d777, 0x1d778, 0x1d779, 0x1d77a,
  0x1d77b, 0x1d77c, 0x1d77d, 0x1d77e, 0x1d77f, 0x1d780, 0x1d781, 0x1d782,
  0x1d783, 0x1d784, 0x1d785, 0x1d786, 0x1d787, 0x1d788, 0x1d789, 0x1d78a,
  0x1d78b, 0x1d78c, 0x1d78d, 0x1d78e, 0x1d78f, 0x1d790, 0x1d791, 0x1d792,
  0x1d793, 0x1d794, 0x1d795, 0x1d796, 0x1d797, 0x1d798, 0x1d799, 0x1d79a,
  0x1d79b, 0x1d79c, 0x1d79d, 0x1d79e, 0x1d79f, 0x1d7a0, 0x1d7a1, 0x1d7a2,
  0x1d7a3, 0x1d7a4, 0x1d7a5, 0x1d7a6, 0x1d7a7, 0x1d7a8, 0x1d7a9, 0x1d7aa,
  0x1d7ab, 0x1d7ac, 0x1d7ad, 0x1d7ae, 0x1d7af, 0x1d7b0, 0x1d7b1, 0x1d7b2,
  0x1d7b3, 0x1d7b4, 0x1d7b5, 0x1d7b6, 0x1d7b7, 0x1d7b8, 0x1d7b9, 0x1d7ba,
  0x1d7bb, 0x1d7bc, 0x1d7bd, 0x1d7be, 0x1d7bf, 0x1d7c0, 0x1d7c1, 0x1d7c2,
  0x1d7c3, 0x1d7c4, 0x1d7c5, 0x1d7c6, 0x1d7c7, 0x1d7c8, 0x1d7c9, 0x1d7ce,
  0x1d7cf, 0x1d7d0, 0x1d7d1, 0x1d7d2, 0x1d7d3, 0x1d7d4, 0x1d7d5, 0x1d7d6,
  0x1d7d7, 0x1d7d8, 0x1d7d9, 0x1d7da, 0x1d7db, 0x1d7dc, 0x1d7dd, 0x1d7de,
  0x1d7df, 0x1d7e0, 0x1d7e1, 0x1d7e2, 0x1d7e3, 0x1d7e4, 0x1d7e5, 0x1d7e6,
  0x1d7e7, 0x1d7e8, 0x1d7e9, 0x1d7ea, 0x1d7eb, 0x1d7ec, 0x1d7ed, 0x1d7ee,
  0x1d7ef, 0x1d7f0, 0x1d7f1, 0x1d7f2, 0x1d7f3, 0x1d7f4, 0x1d7f5, 0x1d7f6,
  0x1d7f7, 0x1d7f8, 0x1d7f9, 0x1d7fa, 0x1d7fb, 0x1d7fc, 0x1d7fd, 0x1d7fe,
  0x1d7ff, 0x2f800, 0x2f801, 0x2f802, 0x2f803, 0x2f804, 0x2f805, 0x2f806,
  0x2f807, 0x2f808, 0x2f809, 0x2f80a, 0x2f80b, 0x2f80c, 0x2f80d, 0x2f80e,
  0x2f80f, 0x2f810, 0x2f811, 0x2f812, 0x2f813, 0x2f814, 0x2f815, 0x2f816,
  0x2f817, 0x2f818, 0x2f819, 0x2f81a, 0x2f81b, 0x2f81c, 0x2f81d, 0x2f81e,
  0x2f81f, 0x2f820, 0x2f821, 0x2f822, 0x2f823, 0x2f824, 0x2f825, 0x2f826,
  0x2f827, 0x2f828, 0x2f829, 0x2f82a, 0x2f82b, 0x2f82c, 0x2f82d, 0x2f82e,
  0x2f82f, 0x2f830, 0x2f831, 0x2f832, 0x2f833, 0x2f834, 0x2f835, 0x2f836,
  0x2f837, 0x2f838, 0x2f839, 0x2f83a, 0x2f83b, 0x2f83c, 0x2f83d, 0x2f83e,
  0x2f83f, 0x2f840, 0x2f841, 0x2f842, 0x2f843, 0x2f844, 0x2f845, 0x2f846,
  0x2f847, 0x2f848, 0x2f849, 0x2f84a, 0x2f84b, 0x2f84c, 0x2f84d, 0x2f84e,
  0x2f84f, 0x2f850, 0x2f851, 0x2f852, 0x2f853, 0x2f854, 0x2f855, 0x2f856,
  0x2f857, 0x2f858, 0x2f859, 0x2f85a, 0x2f85b, 0x2f85c, 0x2f85d, 0x2f85e,
  0x2f85f, 0x2f860, 0x2f861, 0x2f862, 0x2f863, 0x2f864, 0x2f865, 0x2f866,
  0x2f867, 0x2f868, 0x2f869, 0x2f86a, 0x2f86b, 0x2f86c, 0x2f86d, 0x2f86e,
  0x2f86f, 0x2f870, 0x2f871, 0x2f872, 0x2f873, 0x2f874, 0x2f875, 0x2f876,
  0x2f877, 0x2f878, 0x2f879, 0x2f87a, 0x2f87b, 0x2f87c, 0x2f87d, 0x2f87e,
  0x2f87f, 0x2f880, 0x2f881, 0x2f882, 0x2f883, 0x2f884, 0x2f885, 0x2f886,
  0x2f887, 0x2f888, 0x2f889, 0x2f88a, 0x2f88b, 0x2f88c, 0x2f88d, 0x2f88e,
  0x2f88f, 0x2f890, 0x2f891, 0x2f892, 0x2f893, 0x2f894, 0x2f895, 0x2f896,
  0x2f897, 0x2f898, 0x2f899, 0x2f89a, 0x2f89b, 0x2f89c, 0x2f89d, 0x2f89e,
  0x2f89f, 0x2f8a0, 0x2f8a1, 0x2f8a2, 0x2f8a3, 0x2f8a4, 0x2f8a5, 0x2f8a6,
  0x2f8a7, 0x2f8a8, 0x2f8a9, 0x2f8aa, 0x2f8ab, 0x2f8ac, 0x2f8ad, 0x2f8ae,
  0x2f8af, 0x2f8b0, 0x2f8b1, 0x2f8b2, 0x2f8b3, 0x2f8b4, 0x2f8b5, 0x2f8b6,
  0x2f8b7, 0x2f8b8, 0x2f8b9, 0x2f8ba, 0x2f8bb, 0x2f8bc, 0x2f8bd, 0x2f8be,
  0x2f8bf, 0x2f8c0, 0x2f8c1, 0x2f8c2, 0x2f8c3, 0x2f8c4, 0x2f8c5, 0x2f8c6,
  0x2f8c7, 0x2f8c8, 0x2f8c9, 0x2f8ca, 0x2f8cb, 0x2f8cc, 0x2f8cd, 0x2f8ce,
  0x2f8cf, 0x2f8d0, 0x2f8d1, 0x2f8d2, 0x2f8d3, 0x2f8d4, 0x2f8d5, 0x2f8d6,
  0x2f8d7, 0x2f8d8, 0x2f8d9, 0x2f8da, 0x2f8db, 0x2f8dc, 0x2f8dd, 0x2f8de,
  0x2f8df, 0x2f8e0, 0x2f8e1, 0x2f8e2, 0x2f8e3, 0x2f8e4, 0x2f8e5, 0x2f8e6,
  0x2f8e7, 0x2f8e8, 0x2f8e9, 0x2f8ea, 0x2f8eb, 0x2f8ec, 0x2f8ed, 0x2f8ee,
  0x2f8ef, 0x2f8f0, 0x2f8f1, 0x2f8f2, 0x2f8f3, 0x2f8f4, 0x2f8f5, 0x2f8f6,
  0x2f8f7, 0x2f8f8, 0x2f8f9, 0x2f8fa, 0x2f8fb, 0x2f8fc, 0x2f8fd, 0x2f8fe,
  0x2f8ff, 0x2f900, 0x2f901, 0x2f902, 0x2f903, 0x2f904, 0x2f905, 0x2f906,
  0x2f907, 0x2f908, 0x2f909, 0x2f90a, 0x2f90b, 0x2f90c, 0x2f90d, 0x2f90e,
  0x2f90f, 0x2f910, 0x2f911, 0x2f912, 0x2f913, 0x2f914, 0x2f915, 0x2f916,
  0x2f917, 0x2f918, 0x2f919, 0x2f91a, 0x2f91b, 0x2f91c, 0x2f91d, 0x2f91e,
  0x2f91f, 0x2f920, 0x2f921, 0x2f922, 0x2f923, 0x2f924, 0x2f925, 0x2f926,
  0x2f927, 0x2f928, 0x2f929, 0x2f92a, 0x2f92b, 0x2f92c, 0x2f92d, 0x2f92e,
  0x2f92f, 0x2f930, 0x2f931, 0x2f932, 0x2f933, 0x2f934, 0x2f935, 0x2f936,
  0x2f937, 0x2f938, 0x2f939, 0x2f93a, 0x2f93b, 0x2f93c, 0x2f93d, 0x2f93e,
  0x2f93f, 0x2f940, 0x2f941, 0x2f942, 0x2f943, 0x2f944, 0x2f945, 0x2f946,
  0x2f947, 0x2f948, 0x2f949, 0x2f94a, 0x2f94b, 0x2f94c, 0x2f94d, 0x2f94e,
  0x2f94f, 0x2f950, 0x2f951, 0x2f952, 0x2f953, 0x2f954, 0x2f955, 0x2f956,
  0x2f957, 0x2f958, 0x2f959, 0x2f95a, 0x2f95b, 0x2f95c, 0x2f95d, 0x2f95e,
  0x2f95f, 0x2f960, 0x2f961, 0x2f962, 0x2f963, 0x2f964, 0x2f965, 0x2f966,
  0x2f967, 0x2f968, 0x2f969, 0x2f96a, 0x2f96b, 0x2f96c, 0x2f96d, 0x2f96e,
  0x2f96f, 0x2f970, 0x2f971, 0x2f972, 0x2f973, 0x2f974, 0x2f975, 0x2f976,
  0x2f977, 0x2f978, 0x2f979, 0x2f97a, 0x2f97b, 0x2f97c, 0x2f97d, 0x2f97e,
  0x2f97f, 0x2f980, 0x2f981, 0x2f982, 0x2f983, 0x2f984, 0x2f985, 0x2f986,
  0x2f987, 0x2f988, 0x2f989, 0x2f98a, 0x2f98b, 0x2f98c, 0x2f98d, 0x2f98e,
  0x2f98f, 0x2f990, 0x2f991, 0x2f992, 0x2f993, 0x2f994, 0x2f995, 0x2f996,
  0x2f997, 0x2f998, 0x2f999, 0x2f99a, 0x2f99b, 0x2f99c, 0x2f99d, 0x2f99e,
  0x2f99f, 0x2f9a0, 0x2f9a1, 0x2f9a2, 0x2f9a3, 0x2f9a4, 0x2f9a5, 0x2f9a6,
  0x2f9a7, 0x2f9a8, 0x2f9a9, 0x2f9aa, 0x2f9ab, 0x2f9ac, 0x2f9ad, 0x2f9ae,
  0x2f9af, 0x2f9b0, 0x2f9b1, 0x2f9b2, 0x2f9b3, 0x2f9b4, 0x2f9b5, 0x2f9b6,
  0x2f9b7, 0x2f9b8, 0x2f9b9, 0x2f9ba, 0x2f9bb, 0x2f9bc, 0x2f9bd, 0x2f9be,
  0x2f9bf, 0x2f9c0, 0x2f9c1, 0x2f9c2, 0x2f9c3, 0x2f9c4, 0x2f9c5, 0x2f9c6,
  0x2f9c7, 0x2f9c8, 0x2f9c9, 0x2f9ca, 0x2f9cb, 0x2f9cc, 0x2f9cd, 0x2f9ce,
  0x2f9cf, 0x2f9d0, 0x2f9d1, 0x2f9d2, 0x2f9d3, 0x2f9d4, 0x2f9d5, 0x2f9d6,
  0x2f9d7, 0x2f9d8, 0x2f9d9, 0x2f9da, 0x2f9db, 0x2f9dc, 0x2f9dd, 0x2f9de,
  0x2f9df, 0x2f9e0, 0x2f9e1, 0x2f9e2, 0x2f9e3, 0x2f9e4, 0x2f9e5, 0x2f9e6,
  0x2f9e7, 0x2f9e8, 0x2f9e9, 0x2f9ea, 0x2f9eb, 0x2f9ec, 0x2f9ed, 0x2f9ee,
  0x2f9ef, 0x2f9f0, 0x2f9f1, 0x2f9f2, 0x2f9f3, 0x2f9f4, 0x2f9f5, 0x2f9f6,
  0x2f9f7, 0x2f9f8, 0x2f9f9, 0x2f9fa, 0x2f9fb, 0x2f9fc, 0x2f9fd, 0x2f9fe,
  0x2f9ff, 0x2fa00, 0x2fa01, 0x2fa02, 0x2fa03, 0x2fa04, 0x2fa05, 0x2fa06,
  0x2fa07, 0x2fa08, 0x2fa09, 0x2fa0a, 0x2fa0b, 0x2fa0c, 0x2fa0d, 0x2fa0e,
  0x2fa0f, 0x2fa10, 0x2fa11, 0x2fa12, 0x2fa13, 0x2fa14, 0x2fa15, 0x2fa16,
  0x2fa17, 0x2fa18, 0x2fa19, 0x2fa1a, 0x2fa1b, 0x2fa1c, 0x2fa1d,
};

static const uint16_t tc_unicode_decomposition_offsets[] TC_UNICODE_STORAGE = {
  0x0, 0x1, 0x3, 0x4, 0x6, 0x7, 0x8, 0xa,
  0xb, 0xd, 0xe, 0xf, 0x12, 0x15, 0x18, 0x1a,
  0x1c, 0x1e, 0x20, 0x22, 0x24, 0x26, 0x28, 0x2a,
  0x2c, 0x2e, 0x30, 0x32, 0x34, 0x36, 0x38, 0x3a,
  0x3c, 0x3e, 0x40, 0x42, 0x44, 0x46, 0x48, 0x4a,
  0x4c, 0x4e, 0x50, 0x52, 0x54, 0x56, 0x58, 0x5a,
  0x5c, 0x5e, 0x60, 0x62, 0x64, 0x66, 0x68, 0x6a,
  0x6c, 0x6e, 0x70, 0x72, 0x74, 0x76, 0x78, 0x7a,
  0x7c, 0x7e, 0x80, 0x82, 0x84, 0x86, 0x88, 0x8a,
  0x8c, 0x8e, 0x90, 0x92, 0x94, 0x96, 0x98, 0x9a,
  0x9c, 0x9e, 0xa0, 0xa2, 0xa4, 0xa6, 0xa8, 0xaa,
  0xac, 0xae, 0xb0, 0xb2, 0xb4, 0xb6, 0xb8, 0xba,
  0xbc, 0xbe, 0xc0, 0xc2, 0xc4, 0xc6, 0xc8, 0xca,
  0xcc, 0xce, 0xd0, 0xd2, 0xd4, 0xd6, 0xd8, 0xda,
  0xdc, 0xde, 0xe0, 0xe2, 0xe4, 0xe6, 0xe8, 0xea,
  0xec, 0xee, 0xf0, 0xf2, 0xf4, 0xf6, 0xf8, 0xfa,
  0xfc, 0xfe, 0x100, 0x102, 0x104, 0x106, 0x108, 0x10a,
  0x10c, 0x10e, 0x110, 0x112, 0x114, 0x116, 0x118, 0x11a,
  0x11c, 0x11e, 0x120, 0x122, 0x124, 0x126, 0x128, 0x12a,
  0x12c, 0x12e, 0x130, 0x132, 0x134, 0x136, 0x138, 0x13a,
  0x13c, 0x13e, 0x140, 0x142, 0x144, 0x146, 0x148, 0x14a,
  0x14c, 0x14e, 0x150, 0x152, 0x154, 0x156, 0x158, 0x15a,
  0x15c, 0x15e, 0x160, 0x162, 0x164, 0x165, 0x167, 0x169,
  0x16b, 0x16d, 0x170, 0x173, 0x176, 0x178, 0x17a, 0x17c,
  0x17e, 0x180, 0x182, 0x184, 0x186, 0x188, 0x18a, 0x18c,
  0x18e, 0x190, 0x192, 0x195, 0x198, 0x19b, 0x19e, 0x1a1,
  0x1a4, 0x1a7, 0x1aa, 0x1ad, 0x1b0, 0x1b3, 0x1b6, 0x1b8,
  0x1ba, 0x1bc, 0x1be, 0x1c0, 0x1c2, 0x1c4, 0x1c6, 0x1c9,
  0x1cc, 0x1ce, 0x1d0, 0x1d2, 0x1d4, 0x1d6, 0x1d8, 0x1da,
  0x1dc, 0x1de, 0x1e0, 0x1e3, 0x1e6, 0x1e8, 0x1ea, 0x1ec,
  0x1ee, 0x1f0, 0x1f2, 0x1f4, 0x1f6, 0x1f8, 0x1fa, 0x1fc,
  0x1fe, 0x200, 0x202, 0x204, 0x206, 0x208, 0x20a, 0x20c,
  0x20e, 0x210, 0x212, 0x214, 0x216, 0x218, 0x21a, 0x21c,
  0x21e, 0x220, 0x222, 0x224, 0x226, 0x228, 0x22a, 0x22c,
  0x22e, 0x230, 0x232, 0x235, 0x238, 0x23b, 0x23e, 0x240,
  0x242, 0x245, 0x248, 0x24a, 0x24c, 0x24d, 0x24e, 0x24f,
  0x250, 0x251, 0x252, 0x253, 0x254, 0x255, 0x257, 0x259,
  0x25b, 0x25d, 0x25f, 0x261, 0x262, 0x164, 0x263, 0x264,
  0x265, 0x266, 0x267, 0x268, 0x26a, 0x26b, 0x26d, 0x8,
  0x26e, 0x271, 0x273, 0x274, 0x276, 0x278, 0x27a, 0x27c,
  0x27e, 0x280, 0x283, 0x285, 0x287, 0x289, 0x28b, 0x28d,
  0x28f, 0x292, 0x294, 0x296, 0x298, 0x29a, 0x29c, 0x29d,
  0x29e, 0x27c, 0x285, 0x29f, 0x2a0, 0x2a1, 0x2a2, 0x2a3,
  0x2a4, 0x2a5, 0x2a6, 0x2a8, 0x2aa, 0x2ac, 0x2ae, 0x2b0,
  0x2b2, 0x2b4, 0x2b6, 0x2b8, 0x2ba, 0x2bc, 0x2be, 0x2c0,
  0x2c2, 0x2c4, 0x2c6, 0x2c8, 0x2ca, 0x2cc, 0x2ce, 0x2d0,
  0x2d2, 0x2d4, 0x2d6, 0x2d8, 0x2da, 0x2dc, 0x2de, 0x2e0,
  0x2e2, 0x2e4, 0x2e6, 0x2e8, 0x2ea, 0x2ec, 0x2ee, 0x2f0,
  0x2f2, 0x2f4, 0x2f6, 0x2f8, 0x2fa, 0x2fc, 0x2fe, 0x300,
  0x302, 0x304, 0x306, 0x308, 0x30a, 0x30c, 0x30e, 0x310,
  0x312, 0x314, 0x316, 0x318, 0x31a, 0x31c, 0x31e, 0x320,
  0x322, 0x324, 0x326, 0x328, 0x32a, 0x32c, 0x32e, 0x330,
  0x332, 0x334, 0x336, 0x338, 0x33a, 0x33c, 0x33e, 0x340,
  0x342, 0x344, 0x346, 0x348, 0x34a, 0x34c, 0x34e, 0x350,
  0x352, 0x354, 0x356, 0x358, 0x35a, 0x35c, 0x35e, 0x360,
  0x362, 0x364, 0x366, 0x368, 0x36a, 0x36c, 0x36e, 0x370,
  0x373, 0x375, 0x377, 0x379, 0x37b, 0x37d, 0x380, 0x382,
  0x384, 0x386, 0x388, 0x38a, 0x38b, 0x38d, 0x38f, 0x391,
  0x393, 0x395, 0x397, 0x399, 0x39b, 0x39d, 0x3a0, 0x3a2,
  0x3a5, 0x3a7, 0x3a9, 0x3ab, 0x3ad, 0x3af, 0x3b1, 0x3b3,
  0x3b5, 0x3b7, 0x3b9, 0x3bb, 0x3bd, 0x3bf, 0x3c1, 0x3c3,
  0x3c5, 0x3c8, 0x3cb, 0x3cd, 0x3cf, 0x3d1, 0x3d3, 0x3d5,
  0x3d7, 0x3d9, 0x3db, 0x3dd, 0x3df, 0x3e2, 0x3e5, 0x3e8,
  0x3eb, 0x3ed, 0x3ef, 0x3f1, 0x3f3, 0x3f6, 0x3f9, 0x3fb,
  0x3fd, 0x3ff, 0x401, 0x403, 0x405, 0x407, 0x409, 0x40b,
  0x40d, 0x40f, 0x411, 0x413, 0x415, 0x417, 0x419, 0x41c,
  0x41f, 0x421, 0x423, 0x425, 0x427, 0x429, 0x42b, 0x42d,
  0x42f, 0x432, 0x435, 0x437, 0x439, 0x43b, 0x43d, 0x43f,
  0x441, 0x443, 0x445, 0x447, 0x449, 0x44b, 0x44d, 0x44f,
  0x451, 0x453, 0x455, 0x457, 0x459, 0x45c, 0x45f, 0x462,
  0x465, 0x468, 0x46b, 0x46e, 0x471, 0x473, 0x475, 0x477,
  0x479, 0x47b, 0x47d, 0x47f, 0x481, 0x484, 0x487, 0x489,
  0x48b, 0x48d, 0x48f, 0x491, 0x493, 0x496, 0x499, 0x49c,
  0x49f, 0x4a2, 0x4a5, 0x4a7, 0x4a9, 0x4ab, 0x4ad, 0x4af,
  0x4b1, 0x4b3, 0x4b5, 0x4b7, 0x4b9, 0x4bb, 0x4bd, 0x4bf,
  0x4c1, 0x4c4, 0x4c7, 0x4ca, 0x4cd, 0x4cf, 0x4d1, 0x4d3,
  0x4d5, 0x4d7, 0x4d9, 0x4db, 0x4dd, 0x4df, 0x4e1, 0x4e3,
  0x4e5, 0x4e7, 0x4e9, 0x4eb, 0x4ed, 0x4ef, 0x4f1, 0x4f3,
  0x4f5, 0x4f7, 0x4f9, 0x4fb, 0x4fd, 0x4ff, 0x501, 0x503,
  0x505, 0x507, 0x509, 0x48d, 0x50b, 0x50d, 0x50f, 0x511,
  0x513, 0x516, 0x519, 0x51c, 0x51f, 0x522, 0x525, 0x528,
  0x52b, 0x52e, 0x531, 0x534, 0x537, 0x53a, 0x53d, 0x540,
  0x543, 0x546, 0x549, 0x54c, 0x54f, 0x551, 0x553, 0x555,
  0x557, 0x559, 0x55b, 0x55e, 0x561, 0x564, 0x567, 0x56a,
  0x56d, 0x570, 0x573, 0x576, 0x579, 0x57b, 0x57d, 0x57f,
  0x581, 0x583, 0x585, 0x587, 0x589, 0x58c, 0x58f, 0x592,
  0x595, 0x598, 0x59b, 0x59e, 0x5a1, 0x5a4, 0x5a7, 0x5aa,
  0x5ad, 0x5b0, 0x5b3, 0x5b6, 0x5b9, 0x5bc, 0x5bf, 0x5c2,
  0x5c5, 0x5c7, 0x5c9, 0x5cb, 0x5cd, 0x5d0, 0x5d3, 0x5d6,
  0x5d9, 0x5dc, 0x5df, 0x5e2, 0x5e5, 0x5e8, 0x5eb, 0x5ed,
  0x5ef, 0x5f1, 0x5f3, 0x5f5, 0x5f7, 0x5f9, 0x5fb, 0x5fd,
  0x5ff, 0x602, 0x605, 0x608, 0x60b, 0x60e, 0x611, 0x613,
  0x615, 0x618, 0x61b, 0x61e, 0x621, 0x624, 0x627, 0x629,
  0x62b, 0x62e, 0x631, 0x634, 0x637, 0x639, 0x63b, 0x63e,
  0x641, 0x644, 0x647, 0x649, 0x64b, 0x64e, 0x651, 0x654,
  0x657, 0x65a, 0x65d, 0x65f, 0x661, 0x664, 0x667, 0x66a,
  0x66d, 0x670, 0x673, 0x675, 0x677, 0x67a, 0x67d, 0x680,
  0x683, 0x686, 0x689, 0x68b, 0x68d, 0x690, 0x693, 0x696,
  0x699, 0x69c, 0x69f, 0x6a1, 0x6a3, 0x6a6, 0x6a9, 0x6ac,
  0x6af, 0x6b1, 0x6b3, 0x6b6, 0x6b9, 0x6bc, 0x6bf, 0x6c1,
  0x6c3, 0x6c6, 0x6c9, 0x6cc, 0x6cf, 0x6d2, 0x6d5, 0x6d7,
  0x6da, 0x6dd, 0x6e0, 0x6e2, 0x6e4, 0x6e7, 0x6ea, 0x6ed,
  0x6f0, 0x6f3, 0x6f6, 0x6f8, 0x6fa, 0x6fd, 0x700, 0x703,
  0x706, 0x709, 0x70c, 0x287, 0x70e, 0x289, 0x710, 0x28b,
  0x712, 0x28d, 0x714, 0x296, 0x716, 0x298, 0x718, 0x29a,
  0x71a, 0x71d, 0x720, 0x724, 0x728, 0x72c, 0x730, 0x734,
  0x738, 0x73b, 0x73e, 0x742, 0x746, 0x74a, 0x74e, 0x752,
  0x756, 0x759, 0x75c, 0x760, 0x764, 0x768, 0x76c, 0x770,
  0x774, 0x777, 0x77a, 0x77e, 0x782, 0x786, 0x78a, 0x78e,
  0x792, 0x795, 0x798, 0x79c, 0x7a0, 0x7a4, 0x7a8, 0x7ac,
  0x7b0, 0x7b3, 0x7b6, 0x7ba, 0x7be, 0x7c2, 0x7c6, 0x7ca,
  0x7ce, 0x7d0, 0x7d2, 0x7d5, 0x7d7, 0x7da, 0x7dc, 0x7df,
  0x7e1, 0x7e3, 0x271, 0x7e5, 0x7e7, 0x7e9, 0x7e7, 0x7ea,
  0x7ec, 0x7ef, 0x7f2, 0x7f4, 0x7f7, 0x7f9, 0x7fc, 0x274,
  0x7fe, 0x276, 0x800, 0x802, 0x805, 0x808, 0x80b, 0x80d,
  0x80f, 0x280, 0x812, 0x814, 0x817, 0x819, 0x81b, 0x278,
  0x81d, 0x820, 0x823, 0x826, 0x828, 0x82a, 0x28f, 0x82d,
  0x82f, 0x831, 0x833, 0x836, 0x838, 0x83a, 0x27c, 0x83c,
  0x83e, 0x26e, 0x841, 0x842, 0x845, 0x847, 0x84a, 0x84c,
  0x84f, 0x27a, 0x851, 0x27e, 0x853, 0x8, 0x855, 0x0,
  0x0, 0x0, 0x0, 0x0, 0x0, 0x0, 0x0, 0x0,
  0x0, 0x0, 0x857, 0x858, 0x85a, 0x85b, 0x85d, 0x0,
  0x860, 0x862, 0x865, 0x867, 0x86a, 0x86c, 0x86e, 0x870,
  0x872, 0x874, 0x0, 0x878, 0x879, 0x87a, 0x87b, 0x87c,
  0x87d, 0x87e, 0x87f, 0x880, 0x881, 0x882, 0x883, 0x884,
  0x885, 0x878, 0xd, 0x6, 0x7, 0x87a, 0x87b, 0x87c,
  0x87d, 0x87e, 0x87f, 0x880, 0x881, 0x882, 0x883, 0x884,
  0x886, 0x888, 0x88b, 0x88e, 0x88f, 0x891, 0x894, 0x897,
  0x898, 0x89a, 0x89b, 0x89b, 0x89b, 0x24c, 0x89c, 0x89d,
  0x89d, 0x89e, 0x262, 0x89f, 0x8a0, 0x8a2, 0x8a3, 0x8a4,
  0x8a4, 0x8a4, 0x8a5, 0x8a7, 0x8aa, 0x8ac, 0x8ad, 0x8ac,
  0x8ae, 0x22, 0x8af, 0x88e, 0x8b0, 0x8b1, 0x8b2, 0x8b3,
  0xe, 0x8b4, 0x8b5, 0x8b6, 0x8b7, 0x879, 0x8b8, 0x8b9,
  0x8ba, 0x8bb, 0x8bc, 0x8bd, 0x8b0, 0x879, 0x24e, 0x8be,
  0x8c1, 0x8c4, 0x8c7, 0x8ca, 0x8cd, 0x8d0, 0x8d3, 0x8d6,
  0x8d9, 0x8dc, 0x8df, 0x8e2, 0x89d, 0x8e4, 0x8e6, 0x8e9,
  0x8eb, 0x8ec, 0x8ee, 0x8f1, 0x8f5, 0x8f7, 0x8f8, 0x8fa,
  0x89e, 0x88e, 0x8bc, 0x8b3, 0x879, 0x8fd, 0x8ff, 0x902,
  0x904, 0x905, 0x907, 0x90a, 0x90e, 0x263, 0x910, 0x912,
  0x262, 0x915, 0x8bd, 0x916, 0x917, 0x919, 0x91b, 0x91d,
  0x91f, 0x921, 0x923, 0x925, 0x927, 0x929, 0x92b, 0x92d,
  0x92f, 0x932, 0x934, 0x937, 0x939, 0x93b, 0x93d, 0x93f,
  0x941, 0x943, 0x945, 0x947, 0x949, 0x94b, 0x94d, 0x94f,
  0x951, 0x953, 0x955, 0x957, 0x959, 0x95b, 0x95d, 0x95f,
  0x961, 0x963, 0x965, 0x967, 0x969, 0x96b, 0x96d, 0x96f,
  0x971, 0x973, 0x975, 0x977, 0x979, 0x97a, 0xd, 0x6,
  0x7, 0x87a, 0x87b, 0x87c, 0x87d, 0x87e, 0x87f, 0x97b,
  0x97d, 0x97f, 0x981, 0x983, 0x985, 0x987, 0x989, 0x98b,
  0x98d, 0x98f, 0x991, 0x994, 0x997, 0x99a, 0x99d, 0x9a0,
  0x9a3, 0x9a6, 0x9a9, 0x9ac, 0x9b0, 0x9b4, 0x9b8, 0x9bc,
  0x9c0, 0x9c4, 0x9c8, 0x9cc, 0x9d0, 0x9d4, 0x9d8, 0x9da,
  0x9dc, 0x9de, 0x9e0, 0x9e2, 0x9e4, 0x9e6, 0x9e8, 0x9ea,
  0x9ed, 0x9f0, 0x9f3, 0x9f6, 0x9f9, 0x9fc, 0x9ff, 0xa02,
  0xa05, 0xa08, 0xa0b, 0xa0e, 0xa11, 0xa14, 0xa17, 0xa1a,
  0xa1d, 0xa20, 0xa23, 0xa26, 0xa29, 0xa2c, 0xa2f, 0xa32,
  0xa35, 0xa38, 0xa3b, 0xa3e, 0xa41, 0xa44, 0xa47, 0xa4a,
  0xa4d, 0xa50, 0xa53, 0xa56, 0xa59, 0x8af, 0x88e, 0x8bc,
  0x8b1, 0x8b2, 0xa5a, 0x89b, 0x89d, 0xa5b, 0x8ae, 0x89e,
  0x8b3, 0x89f, 0xa5c, 0x8a2, 0x8a3, 0x8a4, 0xa5d, 0xa5e,
  0xa5f, 0x8eb, 0xa60, 0x8f7, 0xa61, 0x8ac, 0x3, 0xa62,
  0x915, 0x8bd, 0x8b0, 0xa63, 0x89a, 0x24c, 0x879, 0x24e,
  0xa64, 0x262, 0x916, 0x885, 0xe, 0xa65, 0xa66, 0x24f,
  0x164, 0xa67, 0xa68, 0x904, 0x253, 0x263, 0x254, 0xa69,
  0x878, 0xa6a, 0xa6e, 0xa71, 0xa73, 0xa76, 0xa78, 0xa79,
  0xa7a, 0xa7b, 0xa7c, 0xa7d, 0xa7e, 0xa7f, 0xa80, 0xa81,
  0xa82, 0xa83, 0xa84, 0xa85, 0xa86, 0xa87, 0xa88, 0xa89,
  0xa8a, 0xa8b, 0xa8c, 0xa8d, 0xa8e, 0xa8f, 0xa90, 0xa91,
  0xa92, 0xa93, 0xa94, 0xa95, 0xa96, 0xa97, 0xa98, 0xa99,
  0xa9a, 0xa9b, 0xa9c, 0xa9d, 0xa9e, 0xa9f, 0xaa0, 0xaa1,
  0xaa2, 0xaa3, 0xaa4, 0xaa5, 0xaa6, 0xaa7, 0xaa8, 0xaa9,
  0xaaa, 0xaab, 0xaac, 0xaad, 0xaae, 0xaaf, 0xab0, 0xab1,
  0xab2, 0xab3, 0xab4, 0xab5, 0xab6, 0xab7, 0xab8, 0xab9,
  0xaba, 0xabb, 0xabc, 0xabd, 0xabe, 0xabf, 0xac0, 0xac1,
  0xac2, 0xac3, 0xac4, 0xac5, 0xac6, 0xac7, 0xac8, 0xac9,
  0xaca, 0xacb, 0xacc, 0xacd, 0xace, 0xacf, 0xad0, 0xad1,
  0xad2, 0xad3, 0xad4, 0xad5, 0xad6, 0xad7, 0xad8, 0xad9,
  0xada, 0xadb, 0xadc, 0xadd, 0xade, 0xadf, 0xae0, 0xae1,
  0xae2, 0xae3, 0xae4, 0xae5, 0xae6, 0xae7, 0xae8, 0xae9,
  0xaea, 0xaeb, 0xaec, 0xaed, 0xaee, 0xaef, 0xaf0, 0xaf1,
  0xaf2, 0xaf3, 0xaf4, 0xaf5, 0xaf6, 0xaf7, 0xaf8, 0xaf9,
  0xafa, 0xafb, 0xafc, 0xafd, 0xafe, 0xaff, 0xb00, 0xb01,
  0xb02, 0xb03, 0xb04, 0xb05, 0xb06, 0xb07, 0xb08, 0xb09,
  0xb0a, 0xb0b, 0xb0c, 0xb0d, 0xb0e, 0xb0f, 0xb10, 0xb11,
  0xb12, 0xb13, 0xb14, 0xb15, 0xb16, 0xb17, 0xb18, 0xb19,
  0xb1a, 0xb1b, 0xb1c, 0xb1d, 0xb1e, 0xb1f, 0xb20, 0xb21,
  0xb22, 0xb23, 0xb24, 0xb25, 0xb26, 0xb27, 0xb28, 0xb29,
  0xb2a, 0xb2b, 0xb2c, 0xb2d, 0xb2e, 0xb2f, 0xb30, 0xb31,
  0xb32, 0xb33, 0xb34, 0xb35, 0xb36, 0xb37, 0xb38, 0xb39,
  0xb3a, 0xb3b, 0xb3c, 0xb3d, 0xb3e, 0xb3f, 0xb40, 0xb41,
  0xb42, 0xb43, 0xb44, 0xb45, 0xb46, 0xb47, 0xb48, 0xb49,
  0xb4a, 0xb4b, 0xb4c, 0xb4d, 0xb4e, 0xb4f, 0x0, 0xb50,
  0xa91, 0xb51, 0xb52, 0xb53, 0xb55, 0xb57, 0xb59, 0xb5b,
  0xb5d, 0xb5f, 0xb61, 0xb63, 0xb65, 0xb67, 0xb69, 0xb6b,
  0xb6d, 0xb6f, 0xb71, 0xb73, 0xb75, 0xb77, 0xb79, 0xb7b,
  0xb7d, 0xb7f, 0xb81, 0xb83, 0xb85, 0xb87, 0xb89, 0xb8b,
  0xb8d, 0xb8f, 0xb91, 0xb93, 0xb95, 0xb97, 0xb99, 0xb9b,
  0xb9d, 0xb9f, 0xba1, 0xba3, 0xba5, 0xba7, 0xba9, 0xbab,
  0xbad, 0xbaf, 0xbb1, 0xbb3, 0xbb5, 0xbb7, 0xbb9, 0xbbb,
  0xbbd, 0xbbf, 0xbc1, 0xbc3, 0xbc5, 0xbc7, 0xbc9, 0xbcb,
  0xbcd, 0xbcf, 0xbd0, 0xbd1, 0xbd2, 0xbd3, 0xbd4, 0xbd5,
  0xbd6, 0xbd7, 0xbd8, 0xbd9, 0xbda, 0xbdb, 0xbdc, 0xbdd,
  0xbde, 0xbdf, 0xbe0, 0xbe1, 0xbe2, 0xbe3, 0xbe4, 0xbe5,
  0xbe6, 0xbe7, 0xbe8, 0xbe9, 0xbea, 0xbeb, 0xbec, 0xbed,
  0xbee, 0xbef, 0xbf0, 0xbf1, 0xbf2, 0xbf3, 0xbf4, 0xbf5,
  0xbf6, 0xbf7, 0xbf8, 0xbf9, 0xbfa, 0xbfb, 0xbfc, 0xbfd,
  0xbfe, 0xbff, 0xc00, 0xc01, 0xc02, 0xc03, 0xc04, 0xc05,
  0xc06, 0xc07, 0xc08, 0xc09, 0xc0a, 0xc0b, 0xc0c, 0xc0d,
  0xc0e, 0xc0f, 0xc10, 0xc11, 0xc12, 0xc13, 0xc14, 0xc15,
  0xc16, 0xc17, 0xc18, 0xc19, 0xc1a, 0xc1b, 0xc1c, 0xc1d,
  0xc1e, 0xc1f, 0xc20, 0xc21, 0xc22, 0xc23, 0xc24, 0xc25,
  0xc26, 0xc27, 0xc28, 0xc29, 0xc2a, 0xc2b, 0xc2c, 0xa7a,
  0xa80, 0xc2d, 0xc2e, 0xc2f, 0xc30, 0xc31, 0xc32, 0xa7e,
  0xc33, 0xc34, 0xc35, 0xc36, 0xa82, 0xc37, 0xc3a, 0xc3d,
  0xc40, 0xc43, 0xc46, 0xc49, 0xc4c, 0xc4f, 0xc52, 0xc55,
  0xc58, 0xc5b, 0xc5e, 0xc61, 0xc65, 0xc69, 0xc6d, 0xc71,
  0xc75, 0xc79, 0xc7d, 0xc81, 0xc85, 0xc89, 0xc8d, 0xc91,
  0xc95, 0xc99, 0xc9d, 0xca0, 0xca3, 0xca6, 0xca9, 0xcac,
  0xcaf, 0xcb2, 0xcb5, 0xcb8, 0xcbb, 0xcbe, 0xcc1, 0xcc4,
  0xcc7, 0xcca, 0xccd, 0xcd0, 0xcd3, 0xcd6, 0xcd9, 0xcdc,
  0xcdf, 0xce2, 0xce5, 0xce8, 0xceb, 0xcee, 0xcf1, 0xcf4,
  0xcf7, 0xcfa, 0xcfd, 0xd00, 0xd03, 0xd06, 0xd09, 0xd0b,
  0xd0d, 0xd0f, 0xd11, 0xd13, 0xd15, 0xd17, 0xd19, 0xd1b,
  0xd1d, 0xd1f, 0xd21, 0xd23, 0xd25, 0xbcf, 0xbd2, 0xbd5,
  0xbd7, 0xbdf, 0xbe0, 0xbe3, 0xbe5, 0xbe6, 0xbe8, 0xbe9,
  0xbea, 0xbeb, 0xbec, 0xd27, 0xd29, 0xd2b, 0xd2d, 0xd2f,
  0xd31, 0xd33, 0xd35, 0xd37, 0xd39, 0xd3b, 0xd3d, 0xd3f,
  0xd41, 0xa7a, 0xa80, 0xc2d, 0xc2e, 0xd43, 0xd44, 0xd45,
  0xa85, 0xd46, 0xa91, 0xac3, 0xacf, 0xace, 0xac4, 0xb20,
  0xa99, 0xac1, 0xd47, 0xd48, 0xd49, 0xd4a, 0xd4b, 0xd4c,
  0xd4d, 0xd4e, 0xd4f, 0xd50, 0xa9f, 0xd51, 0xd52, 0xd53,
  0xd54, 0xd55, 0xd56, 0xd57, 0xd58, 0xc2f, 0xc30, 0xc31,
  0xd59, 0xd5a, 0xd5b, 0xd5c, 0xd5d, 0xd5e, 0xd5f, 0xd60,
  0xd61, 0xd62, 0xd63, 0xd65, 0xd67, 0xd69, 0xd6b, 0xd6d,
  0xd6f, 0xd71, 0xd73, 0xd75, 0xd77, 0xd79, 0xd7b, 0xd7d,
  0xd7f, 0xd81, 0xd83, 0xd85, 0xd87, 0xd89, 0xd8b, 0xd8d,
  0xd8f, 0xd91, 0xd93, 0xd96, 0xd99, 0xd9c, 0xd9d, 0xd9e,
  0xd9f, 0xda0, 0xda1, 0xda2, 0xda3, 0xda4, 0xda5, 0xda6,
  0xda7, 0xda8, 0xda9, 0xdaa, 0xdab, 0xdac, 0xdad, 0xdae,
  0xdaf, 0xdb0, 0xdb1, 0xdb2, 0xdb3, 0xdb4, 0xdb5, 0xdb6,
  0xdb7, 0xdb8, 0xdb9, 0xdba, 0xdbb, 0xdbc, 0xdbd, 0xdbe,
  0xdbf, 0xdc0, 0xdc1, 0xdc2, 0xdc3, 0xdc4, 0xdc5, 0xdc6,
  0xdc7, 0xdc8, 0xdc9, 0xdca, 0xdcb, 0xdd0, 0xdd4, 0xdd9,
  0xddc, 0xde1, 0xde4, 0xde7, 0xded, 0xdf1, 0xdf4, 0xdf7,
  0xdfa, 0xdfe, 0xe02, 0xe06, 0xe0a, 0xe0e, 0xe12, 0xe16,
  0xe1c, 0xe1e, 0xe24, 0xe2a, 0xe2f, 0xe33, 0xe39, 0xe3f,
  0xe43, 0xe46, 0xe49, 0xe4d, 0xe51, 0xe56, 0xe5b, 0xe5e,
  0xe61, 0xe65, 0xe68, 0xe6b, 0xe6d, 0xe6f, 0xe72, 0xe75,
  0xe7b, 0xe7f, 0xe84, 0xe8a, 0xe8e, 0xe91, 0xe94, 0xe9a,
  0xe9e, 0xea4, 0xea7, 0xeac, 0xeaf, 0xeb3, 0xeb6, 0xeba,
  0xebf, 0xec3, 0xec8, 0xecc, 0xece, 0xed3, 0xed6, 0xed9,
  0xedd, 0xee0, 0xee3, 0xee6, 0xeeb, 0xeef, 0xef1, 0xef7,
  0xefa, 0xeff, 0xf03, 0xf07, 0xf0a, 0xf0d, 0xf11, 0xf13,
  0xf17, 0xf1c, 0xf1e, 0xf24, 0xf27, 0xf29, 0xf2b, 0xf2d,
  0xf2f, 0xf31, 0xf33, 0xf35, 0xf37, 0xf39, 0xf3b, 0xf3e,
  0xf41, 0xf44, 0xf47, 0xf4a, 0xf4d, 0xf50, 0xf53, 0xf56,
  0xf59, 0xf5c, 0xf5f, 0xf62, 0xf65, 0xf68, 0xf6b, 0xf6d,
  0xf6f, 0xf72, 0xf74, 0xf76, 0xf78, 0xf7a, 0xf7c, 0xf7e,
  0xf82, 0xf84, 0xf86, 0xf88, 0xf8a, 0xf8c, 0xf8e, 0xf90,
  0xf92, 0xf95, 0xf99, 0xf9b, 0xf9d, 0xf9f, 0xfa1, 0xfa3,
  0xfa5, 0xfa7, 0xfaa, 0xfad, 0xfb0, 0xfb3, 0xfb5, 0xfb7,
  0xfb9, 0xfbb, 0xfbd, 0xfbf, 0xfc1, 0xfc3, 0xfc5, 0xfc7,
  0xfca, 0xfcd, 0xfcf, 0xfd2, 0xfd5, 0xfd8, 0xfda, 0xfdd,
  0xfe0, 0xfe4, 0xfe6, 0xfe9, 0xfec, 0xfef, 0xff2, 0xff7,
  0xffd, 0xfff, 0x1001, 0x1003, 0x1005, 0x1007, 0x1009, 0x100b,
  0x100d, 0x100f, 0x1011, 0x1013, 0x1015, 0x1017, 0x1019, 0x101b,
  0x101d, 0x101f, 0x1021, 0x1025, 0x1027, 0x1029, 0x102b, 0x102f,
  0x1032, 0x1034, 0x1036, 0x1038, 0x103a, 0x103c, 0x103e, 0x1040,
  0x1042, 0x1044, 0x1046, 0x1049, 0x104b, 0x104d, 0x1050, 0x1053,
  0x1055, 0x1059, 0x105c, 0x105e, 0x1060, 0x1062, 0x1064, 0x1066,
  0x1068, 0x106a, 0x106c, 0x106e, 0x1070, 0x1072, 0x1074, 0x1076,
  0x1079, 0x107c, 0x107f, 0x1082, 0x1085, 0x1088, 0x108b, 0x108e,
  0x1091, 0x1094, 0x1097, 0x109a, 0x109d, 0x10a0, 0x10a3, 0x10a6,
  0x10a9, 0x10ac, 0x10af, 0x10b2, 0x10b5, 0x10b8, 0x10b9, 0xb18,
  0x10ba, 0x10bb, 0x10bc, 0x10bd, 0xb4e, 0xb4e, 0x10be, 0xb20,
  0x10bf, 0x10c0, 0x10c1, 0x10c2, 0x10c3, 0x10c4, 0x10c5, 0x10c6,
  0x10c7, 0x10c8, 0x10c9, 0x10ca, 0x10cb, 0x10cc, 0x10cd, 0x10ce,
  0x10cf, 0x10d0, 0x10d1, 0x10d2, 0x10d3, 0x10d4, 0x10d5, 0x10d6,
  0x10d7, 0x10d8, 0x10d9, 0x10da, 0x10db, 0x10dc, 0x10dd, 0x10de,
  0x10df, 0x10e0, 0x10e1, 0x10e2, 0x10e3, 0x10e4, 0x10e5, 0x10e6,
  0x10e7, 0xaf6, 0x10e8, 0x10e9, 0x10ea, 0x10eb, 0x10ec, 0x10ed,
  0x10ee, 0x10ef, 0x10f0, 0x10f1, 0x10f2, 0xb3f, 0x10f3, 0x10f4,
  0x10f5, 0x10f6, 0x10f7, 0x10f8, 0x10f9, 0x10fa, 0x10fb, 0x10fc,
  0x10fd, 0x10fe, 0x10ff, 0x1100, 0x1101, 0x1102, 0x1103, 0x1104,
  0x1105, 0x1106, 0x1107, 0x1108, 0x1109, 0x110a, 0x110b, 0x110c,
  0x110d, 0x10c8, 0x110e, 0x110f, 0x1110, 0x1111, 0x1112, 0x1113,
  0x1114, 0x1115, 0x1116, 0x1117, 0x1118, 0x1119, 0x111a, 0x111b,
  0x111c, 0x111d, 0x111e, 0x111f, 0x1120, 0x1121, 0xb1a, 0x1122,
  0x1123, 0x1124, 0x1125, 0x1126, 0x1127, 0x1128, 0x1129, 0x112a,
  0x112b, 0x112c, 0x112d, 0x112e, 0x112f, 0x1130, 0xa9f, 0x1131,
  0x1132, 0x1133, 0x1134, 0x1135, 0x1136, 0x1137, 0x1138, 0xa8c,
  0x1139, 0x113a, 0x113b, 0x113c, 0x113d, 0x113e, 0x113f, 0x1140,
  0x1141, 0x1142, 0x1143, 0x1144, 0x1145, 0x1146, 0x1147, 0x1148,
  0x1149, 0x114a, 0x114b, 0x114c, 0x114d, 0x114e, 0x1120, 0x114f,
  0x1150, 0x1151, 0x1152, 0x1153, 0x1154, 0x1155, 0x1156, 0x1110,
  0x1157, 0x1158, 0x1159, 0x115a, 0x115b, 0x115c, 0x115d, 0x115e,
  0x115f, 0x1160, 0x1161, 0x1162, 0x1163, 0x1164, 0x1165, 0x1166,
  0x1167, 0x1168, 0x1169, 0x116a, 0x10c8, 0x116b, 0x116c, 0x116d,
  0x116e, 0xb4d, 0x116f, 0x1170, 0x1171, 0x1172, 0x1173, 0x1174,
  0x1175, 0x1176, 0x1177, 0x1178, 0x1179, 0x117a, 0xd44, 0x117b,
  0x117c, 0x117d, 0x117e, 0x117f, 0x1180, 0x1181, 0x1182, 0x1183,
  0x1112, 0x1184, 0x1185, 0x1186, 0x1187, 0x1188, 0x1189, 0x118a,
  0x118b, 0x118c, 0x118d, 0x118e, 0x118f, 0x1190, 0xb1f, 0x1191,
  0x1192, 0x1193, 0x1194, 0x1195, 0x1196, 0x1197, 0x1198, 0x1199,
  0x119a, 0x119b, 0x119c, 0x119d, 0xaee, 0x119e, 0x119f, 0x11a0,
  0x11a1, 0x11a2, 0x11a3, 0x11a4, 0x11a5, 0x11a6, 0x11a7, 0x11a8,
  0x11a9, 0x11aa, 0x11ab, 0x11ac, 0x11ad, 0xb09, 0x11ae, 0xb0c,
  0x11af, 0x11b0, 0x11b1, 0x11b2, 0x11b3, 0x11b4, 0x11b5, 0x11b6,
  0x11b7, 0x11b8, 0x11b9, 0x11ba, 0x11bb, 0x11bc, 0xaf5, 0x11bd,
  0x11be, 0x11bf, 0x11c0, 0x11c1, 0x11c2, 0x11c3, 0x11c4, 0x11c5,
  0x11c6, 0x11c7, 0x11c8, 0x11c9, 0x11ca, 0x11cb, 0x11cc, 0x11cd,
  0x11ce, 0x11cf, 0x11d0, 0xaa6, 0x11d1, 0x11d2, 0x11d3, 0x11d4,
  0x11d5, 0x11d6, 0x11d7, 0x11d8, 0x11d9, 0x11da, 0x11db, 0x11dc,
  0x11dd, 0x11de, 0x11df, 0xd49, 0x11e0, 0x11e1, 0x11e2, 0x11e3,
  0xd4d, 0x11e4, 0x11e5, 0x11e6, 0x11e7, 0x11e8, 0x1144, 0x11e9,
  0x11ea, 0x11eb, 0x11ec, 0x11ed, 0x11ee, 0x11ee, 0x11ef, 0x11f0,
  0x11f1, 0x11f2, 0x11f3, 0x11f4, 0x11f5, 0x11f6, 0x11bf, 0x11f7,
  0x11f8, 0x11f9, 0x11fa, 0x11fc, 0x11fe, 0x1200, 0x1203, 0x1206,
  0x1206, 0x1208, 0x120a, 0x120c, 0x120e, 0x1210, 0x1212, 0x1214,
  0x1216, 0x8b4, 0x8b7, 0x1217, 0x1218, 0x1219, 0x121a, 0x121b,
  0x121c, 0x880, 0x121d, 0x121f, 0x1221, 0x1224, 0x1227, 0x1229,
  0x122b, 0x122d, 0x122f, 0x1231, 0x1233, 0x1235, 0x1237, 0x1239,
  0x123b, 0x123d, 0x123f, 0x1241, 0x1243, 0x1245, 0x1247, 0x1249,
  0x124b, 0x124d, 0x124f, 0x1251, 0x1253, 0x1255, 0x1257, 0x1259,
  0x125b, 0x125d, 0x125f, 0x1261, 0x1261, 0x1262, 0x1262, 0x1262,
  0x1262, 0x1263, 0x1263, 0x1263, 0x1263, 0x1264, 0x1264, 0x1264,
  0x1264, 0x1265, 0x1265, 0x1265, 0x1265, 0x1266, 0x1266, 0x1266,
  0x1266, 0x1267, 0x1267, 0x1267, 0x1267, 0x1268, 0x1268, 0x1268,
  0x1268, 0x1269, 0x1269, 0x1269, 0x1269, 0x126a, 0x126a, 0x126a,
  0x126a, 0x126b, 0x126b, 0x126b, 0x126b, 0x126c, 0x126c, 0x126c,
  0x126c, 0x126d, 0x126d, 0x126d, 0x126d, 0x126e, 0x126e, 0x126f,
  0x126f, 0x1270, 0x1270, 0x1271, 0x1271, 0x1272, 0x1272, 0x1273,
  0x1273, 0x1274, 0x1274, 0x1274, 0x1274, 0x1275, 0x1275, 0x1275,
  0x1275, 0x1276, 0x1276, 0x1276, 0x1276, 0x1277, 0x1277, 0x1277,
  0x1277, 0x1278, 0x1278, 0x1279, 0x1279, 0x1279, 0x1279, 0x322,
  0x322, 0x127a, 0x127a, 0x127a, 0x127a, 0x127b, 0x127b, 0x127b,
  0x127b, 0x127c, 0x127c, 0x326, 0x326, 0x127d, 0x127d, 0x127d,
  0x127d, 0x127e, 0x127e, 0x127f, 0x127f, 0x1280, 0x1280, 0x31e,
  0x1281, 0x1281, 0x1282, 0x1282, 0x1283, 0x1283, 0x1284, 0x1284,
  0x1284, 0x1284, 0x1285, 0x1285, 0x1286, 0x1286, 0x1289, 0x1289,
  0x128c, 0x128c, 0x128f, 0x128f, 0x1292, 0x1292, 0x1295, 0x1295,
  0x1298, 0x1298, 0x1298, 0x129b, 0x129b, 0x129b, 0x129e, 0x129e,
  0x129e, 0x129e, 0x129f, 0x12a2, 0x12a5, 0x129b, 0x12a8, 0x12ab,
  0x12ad, 0x12af, 0x12b1, 0x12b3, 0x12b5, 0x12b7, 0x12b9, 0x12bb,
  0x12bd, 0x12bf, 0x12c1, 0x12c3, 0x12c5, 0x12c7, 0x12c9, 0x12cb,
  0x12cd, 0x12cf, 0x12d1, 0x12d3, 0x12d5, 0x12d7, 0x12d9, 0x12db,
  0x12dd, 0x12df, 0x12e1, 0x12e3, 0x12e5, 0x12e7, 0x12e9, 0x12eb,
  0x12ed, 0x12ef, 0x12f1, 0x12f3, 0x12f5, 0x12f7, 0x12f9, 0x12fb,
  0x12fd, 0x12ff, 0x1301, 0x1303, 0x1305, 0x1307, 0x1309, 0x130b,
  0x130d, 0x130f, 0x1311, 0x1313, 0x1315, 0x1317, 0x1319, 0x131b,
  0x131d, 0x131f, 0x1321, 0x1323, 0x1325, 0x1327, 0x1329, 0x132b,
  0x132d, 0x132f, 0x1331, 0x1333, 0x1335, 0x1337, 0x1339, 0x133b,
  0x133d, 0x133f, 0x1341, 0x1343, 0x1345, 0x1347, 0x1349, 0x134b,
  0x134d, 0x134f, 0x1351, 0x1353, 0x1355, 0x1357, 0x1359, 0x135b,
  0x135d, 0x1360, 0x1363, 0x1366, 0x1369, 0x136c, 0x136f, 0x1372,
  0x12a5, 0x1375, 0x129b, 0x12a8, 0x1378, 0x137a, 0x12b1, 0x137c,
  0x12b3, 0x12b5, 0x137e, 0x1380, 0x12bd, 0x1382, 0x12bf, 0x12c1,
  0x1384, 0x1386, 0x12c5, 0x1388, 0x12c7, 0x12c9, 0x1303, 0x1305,
  0x130b, 0x130d, 0x130f, 0x1317, 0x1319, 0x131b, 0x131d, 0x1325,
  0x1327, 0x1329, 0x138a, 0x1331, 0x138c, 0x138e, 0x133d, 0x1390,
  0x133f, 0x1341, 0x135b, 0x1392, 0x1394, 0x1351, 0x1396, 0x1353,
  0x1355, 0x129f, 0x12a2, 0x1398, 0x12a5, 0x139b, 0x12ab, 0x12ad,
  0x12af, 0x12b1, 0x139e, 0x12b7, 0x12b9, 0x12bb, 0x12bd, 0x13a0,
  0x12c5, 0x12cb, 0x12cd, 0x12cf, 0x12d1, 0x12d3, 0x12d7, 0x12d9,
  0x12db, 0x12dd, 0x12df, 0x12e1, 0x13a2, 0x12e3, 0x12e5, 0x12e7,
  0x12e9, 0x12eb, 0x12ed, 0x12f1, 0x12f3, 0x12f5, 0x12f7, 0x12f9,
  0x12fb, 0x12fd, 0x12ff, 0x1301, 0x1307, 0x1309, 0x1311, 0x1313,
  0x1315, 0x1317, 0x1319, 0x131f, 0x1321, 0x1323, 0x1325, 0x13a4,
  0x132b, 0x132d, 0x132f, 0x1331, 0x1337, 0x1339, 0x133b, 0x133d,
  0x13a6, 0x1343, 0x1345, 0x13a8, 0x134b, 0x134d, 0x134f, 0x1351,
  0x13aa, 0x12a5, 0x139b, 0x12b1, 0x139e, 0x12bd, 0x13a0, 0x12c5,
  0x13ac, 0x12df, 0x13ae, 0x13b0, 0x13b2, 0x1317, 0x1319, 0x1325,
  0x133d, 0x13a6, 0x1351, 0x13aa, 0x13b4, 0x13b7, 0x13ba, 0x13bd,
  0x13bf, 0x13c1, 0x13c3, 0x13c5, 0x13c7, 0x13c9, 0x13cb, 0x13cd,
  0x13cf, 0x13d1, 0x13d3, 0x13d5, 0x13d7, 0x13d9, 0x13db, 0x13dd,
  0x13df, 0x13e1, 0x13e3, 0x13e5, 0x13e7, 0x13e9, 0x13b0, 0x13eb,
  0x13ed, 0x13ef, 0x13f1, 0x13bd, 0x13bf, 0x13c1, 0x13c3, 0x13c5,
  0x13c7, 0x13c9, 0x13cb, 0x13cd, 0x13cf, 0x13d1, 0x13d3, 0x13d5,
  0x13d7, 0x13d9, 0x13db, 0x13dd, 0x13df, 0x13e1, 0x13e3, 0x13e5,
  0x13e7, 0x13e9, 0x13b0, 0x13eb, 0x13ed, 0x13ef, 0x13f1, 0x13e5,
  0x13e7, 0x13e9, 0x13b0, 0x13ae, 0x13b2, 0x12ef, 0x12d9, 0x12db,
  0x12dd, 0x13e5, 0x13e7, 0x13e9, 0x12ef, 0x12f1, 0x13f3, 0x13f3,
  0x13f5, 0x13f8, 0x13f8, 0x13fb, 0x13fe, 0x1401, 0x1404, 0x1407,
  0x140a, 0x140a, 0x140d, 0x1410, 0x1413, 0x1416, 0x1419, 0x141c,
  0x141c, 0x141f, 0x1422, 0x1422, 0x1425, 0x1425, 0x1428, 0x142b,
  0x142b, 0x142e, 0x1431, 0x1431, 0x1434, 0x1434, 0x1437, 0x143a,
  0x143a, 0x143d, 0x143d, 0x1440, 0x1443, 0x1446, 0x1449, 0x1449,
  0x144c, 0x144f, 0x1452, 0x1455, 0x1458, 0x1458, 0x145b, 0x145e,
  0x1461, 0x1464, 0x1467, 0x146a, 0x146a, 0x146d, 0x146d, 0x1470,
  0x1470, 0x1473, 0x1476, 0x1479, 0x147c, 0x147f, 0x1482, 0x1485,
  0x1488, 0x148b, 0x148e, 0x1491, 0x1494, 0x1497, 0x1497, 0x149a,
  0x149d, 0x14a0, 0x14a3, 0x14a3, 0x14a6, 0x14a9, 0x14ac, 0x14af,
  0x14b2, 0x14b5, 0x14b8, 0x14bb, 0x14be, 0x14c1, 0x14c4, 0x14c7,
  0x14ca, 0x14cd, 0x14d0, 0x14d3, 0x14d6, 0x14d9, 0x14dc, 0x14df,
  0x14e2, 0x14e5, 0x145b, 0x1461, 0x14e8, 0x14eb, 0x14ee, 0x14f1,
  0x14f4, 0x14f7, 0x14f4, 0x14ee, 0x14fa, 0x14fd, 0x1500, 0x1503,
  0x1506, 0x14f7, 0x1446, 0x1428, 0x1509, 0x150c, 0x150f, 0x1512,
  0x1515, 0x1519, 0x151d, 0x1521, 0x1525, 0x1529, 0x152d, 0x1531,
  0x1534, 0x1546, 0x154e, 0x85b, 0x1552, 0x1553, 0x1554, 0x1554,
  0x883, 0x884, 0x1555, 0x1556, 0x1557, 0x1558, 0x1559, 0x155a,
  0x155b, 0x155c, 0x979, 0x97a, 0x155d, 0x155e, 0x155f, 0x1560,
  0x86c, 0x86c, 0x86c, 0x86c, 0x1554, 0x1554, 0x1554, 0x1561,
  0x1562, 0x85a, 0x26d, 0x1563, 0x1564, 0x1565, 0x1552, 0x883,
  0x884, 0x1555, 0x1556, 0x1557, 0x1558, 0x1566, 0x1567, 0x1568,
  0x880, 0x1569, 0x156a, 0x156b, 0x882, 0x156c, 0x156d, 0x156e,
  0x156f, 0x1570, 0x1572, 0x1574, 0x1576, 0x1578, 0x157a, 0x157c,
  0x157e, 0x1580, 0x1582, 0x1584, 0x1586, 0x1588, 0x158a, 0x158c,
  0x310, 0x310, 0x312, 0x312, 0x314, 0x314, 0x316, 0x316,
  0x318, 0x318, 0x318, 0x318, 0x158d, 0x158d, 0x158e, 0x158e,
  0x158e, 0x158e, 0x158f, 0x158f, 0x1590, 0x1590, 0x1590, 0x1590,
  0x1591, 0x1591, 0x1591, 0x1591, 0x1592, 0x1592, 0x1592, 0x1592,
  0x1593, 0x1593, 0x1593, 0x1593, 0x1594, 0x1594, 0x1594, 0x1594,
  0x1595, 0x1595, 0x1596, 0x1596, 0x1597, 0x1597, 0x1598, 0x1598,
  0x1599, 0x1599, 0x1599, 0x1599, 0x159a, 0x159a, 0x159a, 0x159a,
  0x159b, 0x159b, 0x159b, 0x159b, 0x159c, 0x159c, 0x159c, 0x159c,
  0x159d, 0x159d, 0x159d, 0x159d, 0x159e, 0x159e, 0x159e, 0x159e,
  0x159f, 0x159f, 0x159f, 0x159f, 0x15a0, 0x15a0, 0x15a0, 0x15a0,
  0x15a1, 0x15a1, 0x15a1, 0x15a1, 0x15a2, 0x15a2, 0x15a2, 0x15a2,
  0x15a3, 0x15a3, 0x15a3, 0x15a3, 0x15a4, 0x15a4, 0x15a4, 0x15a4,
  0x15a5, 0x15a5, 0x15a5, 0x15a5, 0x15a6, 0x15a6, 0x15a6, 0x15a6,
  0x15a7, 0x15a7, 0x15a7, 0x15a7, 0x15a8, 0x15a8, 0x1285, 0x1285,
  0x15a9, 0x15a9, 0x15a9, 0x15a9, 0x15aa, 0x15aa, 0x15ad, 0x15ad,
  0x15b0, 0x15b0, 0x15b3, 0x15b3, 0x1565, 0x15b5, 0x1566, 0x156d,
  0x156e, 0x1567, 0x15b6, 0x883, 0x884, 0x1568, 0x880, 0x1561,
  0x1569, 0x85a, 0x15b7, 0x878, 0xd, 0x6, 0x7, 0x87a,
  0x87b, 0x87c, 0x87d, 0x87e, 0x87f, 0x1563, 0x26d, 0x156a,
  0x882, 0x156b, 0x1564, 0x156f, 0xa59, 0x8af, 0x88e, 0x8bc,
  0x8b1, 0x8b2, 0xa5a, 0x89b, 0x89d, 0xa5b, 0x8ae, 0x89e,
  0x8b3, 0x89f, 0xa5c, 0x8a2, 0x8a3, 0x8a4, 0xa5d, 0xa5e,
  0xa5f, 0x8eb, 0xa60, 0x8f7, 0xa61, 0x8ac, 0x15b8, 0x156c,
  0x15b9, 0x15ba, 0x1554, 0x841, 0x3, 0xa62, 0x915, 0x8bd,
  0x8b0, 0xa63, 0x89a, 0x24c, 0x879, 0x24e, 0xa64, 0x262,
  0x916, 0x885, 0xe, 0xa65, 0xa66, 0x24f, 0x164, 0xa67,
  0xa68, 0x904, 0x253, 0x263, 0x254, 0xa69, 0x1555, 0x15bb,
  0x1556, 0x15bc, 0x15bd, 0x15be, 0x15bf, 0x155d, 0x155e, 0x1562,
  0x15c0, 0xdca, 0x15c1, 0x15c2, 0x15c3, 0x15c4, 0x15c5, 0x15c6,
  0x15c7, 0x15c8, 0x15c9, 0x15ca, 0xd9c, 0xd9d, 0xd9e, 0xd9f,
  0xda0, 0xda1, 0xda2, 0xda3, 0xda4, 0xda5, 0xda6, 0xda7,
  0xda8, 0xda9, 0xdaa, 0xdab, 0xdac, 0xdad, 0xdae, 0xdaf,
  0xdb0, 0xdb1, 0xdb2, 0xdb3, 0xdb4, 0xdb5, 0xdb6, 0xdb7,
  0xdb8, 0xdb9, 0xdba, 0xdbb, 0xdbc, 0xdbd, 0xdbe, 0xdbf,
  0xdc0, 0xdc1, 0xdc2, 0xdc3, 0xdc4, 0xdc5, 0xdc6, 0xdc7,
  0x15cb, 0x15cc, 0x15cd, 0xc02, 0xbcf, 0xbd0, 0xbd1, 0xbd2,
  0xbd3, 0xbd4, 0xbd5, 0xbd6, 0xbd7, 0xbd8, 0xbd9, 0xbda,
  0xbdb, 0xbdc, 0xbdd, 0xbde, 0xbdf, 0xbe0, 0xbe1, 0xbe2,
  0xbe3, 0xbe4, 0xbe5, 0xbe6, 0xbe7, 0xbe8, 0xbe9, 0xbea,
  0xbeb, 0xbec, 0xbed, 0xbee, 0xbef, 0xbf0, 0xbf1, 0xbf2,
  0xbf3, 0xbf4, 0xbf5, 0xbf6, 0xbf7, 0xbf8, 0xbf9, 0xbfa,
  0xbfb, 0xbfc, 0xbfd, 0xbfe, 0xbff, 0xc00, 0xc01, 0x15ce,
  0x15cf, 0x15d0, 0x4, 0x15d1, 0x15d2, 0x15d3, 0x15d4, 0x15d5,
  0x15d6, 0x15d7, 0x15d8, 0x15d9, 0x15da, 0x15db, 0x15dd, 0x15df,
  0x15e2, 0x15e5, 0x15e8, 0x15eb, 0x15ee, 0x15f0, 0x15f2, 0x15f5,
  0x15f8, 0x15fb, 0xa59, 0x8af, 0x88e, 0x8bc, 0x8b1, 0x8b2,
  0xa5a, 0x89b, 0x89d, 0xa5b, 0x8ae, 0x89e, 0x8b3, 0x89f,
  0xa5c, 0x8a2, 0x8a3, 0x8a4, 0xa5d, 0xa5e, 0xa5f, 0x8eb,
  0xa60, 0x8f7, 0xa61, 0x8ac, 0x3, 0xa62, 0x915, 0x8bd,
  0x8b0, 0xa63, 0x89a, 0x24c, 0x879, 0x24e, 0xa64, 0x262,
  0x916, 0x885, 0xe, 0xa65, 0xa66, 0x24f, 0x164, 0xa67,
  0xa68, 0x904, 0x253, 0x263, 0x254, 0xa69, 0xa59, 0x8af,
  0x88e, 0x8bc, 0x8b1, 0x8b2, 0xa5a, 0x89b, 0x89d, 0xa5b,
  0x8ae, 0x89e, 0x8b3, 0x89f, 0xa5c, 0x8a2, 0x8a3, 0x8a4,
  0xa5d, 0xa5e, 0xa5f, 0x8eb, 0xa60, 0x8f7, 0xa61, 0x8ac,
  0x3, 0xa62, 0x915, 0x8bd, 0x8b0, 0xa63, 0x89a, 0x879,
  0x24e, 0xa64, 0x262, 0x916, 0x885, 0xe, 0xa65, 0xa66,
  0x24f, 0x164, 0xa67, 0xa68, 0x904, 0x253, 0x263, 0x254,
  0xa69, 0xa59, 0x8af, 0x88e, 0x8bc, 0x8b1, 0x8b2, 0xa5a,
  0x89b, 0x89d, 0xa5b, 0x8ae, 0x89e, 0x8b3, 0x89f, 0xa5c,
  0x8a2, 0x8a3, 0x8a4, 0xa5d, 0xa5e, 0xa5f, 0x8eb, 0xa60,
  0x8f7, 0xa61, 0x8ac, 0x3, 0xa62, 0x915, 0x8bd, 0x8b0,
  0xa63, 0x89a, 0x24c, 0x879, 0x24e, 0xa64, 0x262, 0x916,
  0x885, 0xe, 0xa65, 0xa66, 0x24f, 0x164, 0xa67, 0xa68,
  0x904, 0x253, 0x263, 0x254, 0xa69, 0xa59, 0x88e, 0x8bc,
  0xa5a, 0xa5b, 0x8ae, 0x89f, 0xa5c, 0x8a2, 0x8a3, 0xa5d,
  0xa5e, 0xa5f, 0x8eb, 0xa60, 0x8f7, 0xa61, 0x8ac, 0x3,
  0xa62, 0x915, 0x8bd, 0xa63, 0x24c, 0x879, 0x24e, 0xa64,
  0x916, 0x885, 0xa65, 0xa66, 0x24f, 0x164, 0xa67, 0xa68,
  0x904, 0x253, 0x263, 0x254, 0xa69, 0xa59, 0x8af, 0x88e,
  0x8bc, 0x8b1, 0x8b2, 0xa5a, 0x89b, 0x89d, 0xa5b, 0x8ae,
  0x89e, 0x8b3, 0x89f, 0xa5c, 0x8a2, 0x8a3, 0x8a4, 0xa5d,
  0xa5e, 0xa5f, 0x8eb, 0xa60, 0x8f7, 0xa61, 0x8ac, 0x3,
  0xa62, 0x915, 0x8bd, 0x8b0, 0xa63, 0x89a, 0x24c, 0x879,
  0x24e, 0xa64, 0x262, 0x916, 0x885, 0xe, 0xa65, 0xa66,
  0x24f, 0x164, 0xa67, 0xa68, 0x904, 0x253, 0x263, 0x254,
  0xa69, 0xa59, 0x8af, 0x8bc, 0x8b1, 0x8b2, 0xa5a, 0xa5b,
  0x8ae, 0x89e, 0x8b3, 0x89f, 0xa5c, 0x8a2, 0x8a3, 0xa5d,
  0xa5e, 0xa5f, 0x8eb, 0xa60, 0x8f7, 0xa61, 0x3, 0xa62,
  0x915, 0x8bd, 0x8b0, 0xa63, 0x89a, 0x24c, 0x879, 0x24e,
  0xa64, 0x262, 0x916, 0x885, 0xe, 0xa65, 0xa66, 0x24f,
  0x164, 0xa67, 0xa68, 0x904, 0x253, 0x263, 0x254, 0xa69,
  0xa59, 0x8af, 0x8bc, 0x8b1, 0x8b2, 0xa5a, 0x89d, 0xa5b,
  0x8ae, 0x89e, 0x8b3, 0xa5c, 0xa5d, 0xa5e, 0xa5f, 0x8eb,
  0xa60, 0x8f7, 0xa61, 0x3, 0xa62, 0x915, 0x8bd, 0x8b0,
  0xa63, 0x89a, 0x24c, 0x879, 0x24e, 0xa64, 0x262, 0x916,
  0x885, 0xe, 0xa65, 0xa66, 0x24f, 0x164, 0xa67, 0xa68,
  0x904, 0x253, 0x263, 0x254, 0xa69, 0xa59, 0x8af, 0x88e,
  0x8bc, 0x8b1, 0x8b2, 0xa5a, 0x89b, 0x89d, 0xa5b, 0x8ae,
  0x89e, 0x8b3, 0x89f, 0xa5c, 0x8a2, 0x8a3, 0x8a4, 0xa5d,
  0xa5e, 0xa5f, 0x8eb, 0xa60, 0x8f7, 0xa61, 0x8ac, 0x3,
  0xa62, 0x915, 0x8bd, 0x8b0, 0xa63, 0x89a, 0x24c, 0x879,
  0x24e, 0xa64, 0x262, 0x916, 0x885, 0xe, 0xa65, 0xa66,
  0x24f, 0x164, 0xa67, 0xa68, 0x904, 0x253, 0x263, 0x254,
  0xa69, 0xa59, 0x8af, 0x88e, 0x8bc, 0x8b1, 0x8b2, 0xa5a,
  0x89b, 0x89d, 0xa5b, 0x8ae, 0x89e, 0x8b3, 0x89f, 0xa5c,
  0x8a2, 0x8a3, 0x8a4, 0xa5d, 0xa5e, 0xa5f, 0x8eb, 0xa60,
  0x8f7, 0xa61, 0x8ac, 0x3, 0xa62, 0x915, 0x8bd, 0x8b0,
  0xa63, 0x89a, 0x24c, 0x879, 0x24e, 0xa64, 0x262, 0x916,
  0x885, 0xe, 0xa65, 0xa66, 0x24f, 0x164, 0xa67, 0xa68,
  0x904, 0x253, 0x263, 0x254, 0xa69, 0xa59, 0x8af, 0x88e,
  0x8bc, 0x8b1, 0x8b2, 0xa5a, 0x89b, 0x89d, 0xa5b, 0x8ae,
  0x89e, 0x8b3, 0x89f, 0xa5c, 0x8a2, 0x8a3, 0x8a4, 0xa5d,
  0xa5e, 0xa5f, 0x8eb, 0xa60, 0x8f7, 0xa61, 0x8ac, 0x3,
  0xa62, 0x915, 0x8bd, 0x8b0, 0xa63, 0x89a, 0x24c, 0x879,
  0x24e, 0xa64, 0x262, 0x916, 0x885, 0xe, 0xa65, 0xa66,
  0x24f, 0x164, 0xa67, 0xa68, 0x904, 0x253, 0x263, 0x254,
  0xa69, 0xa59, 0x8af, 0x88e, 0x8bc, 0x8b1, 0x8b2, 0xa5a,
  0x89b, 0x89d, 0xa5b, 0x8ae, 0x89e, 0x8b3, 0x89f, 0xa5c,
  0x8a2, 0x8a3, 0x8a4, 0xa5d, 0xa5e, 0xa5f, 0x8eb, 0xa60,
  0x8f7, 0xa61, 0x8ac, 0x3, 0xa62, 0x915, 0x8bd, 0x8b0,
  0xa63, 0x89a, 0x24c, 0x879, 0x24e, 0xa64, 0x262, 0x916,
  0x885, 0xe, 0xa65, 0xa66, 0x24f, 0x164, 0xa67, 0xa68,
  0x904, 0x253, 0x263, 0x254, 0xa69, 0xa59, 0x8af, 0x88e,
  0x8bc, 0x8b1, 0x8b2, 0xa5a, 0x89b, 0x89d, 0xa5b, 0x8ae,
  0x89e, 0x8b3, 0x89f, 0xa5c, 0x8a2, 0x8a3, 0x8a4, 0xa5d,
  0xa5e, 0xa5f, 0x8eb, 0xa60, 0x8f7, 0xa61, 0x8ac, 0x3,
  0xa62, 0x915, 0x8bd, 0x8b0, 0xa63, 0x89a, 0x24c, 0x879,
  0x24e, 0xa64, 0x262, 0x916, 0x885, 0xe, 0xa65, 0xa66,
  0x24f, 0x164, 0xa67, 0xa68, 0x904, 0x253, 0x263, 0x254,
  0xa69, 0xa59, 0x8af, 0x88e, 0x8bc, 0x8b1, 0x8b2, 0xa5a,
  0x89b, 0x89d, 0xa5b, 0x8ae, 0x89e, 0x8b3, 0x89f, 0xa5c,
  0x8a2, 0x8a3, 0x8a4, 0xa5d, 0xa5e, 0xa5f, 0x8eb, 0xa60,
  0x8f7, 0xa61, 0x8ac, 0x3, 0xa62, 0x915, 0x8bd, 0x8b0,
  0xa63, 0x89a, 0x24c, 0x879, 0x24e, 0xa64, 0x262, 0x916,
  0x885, 0xe, 0xa65, 0xa66, 0x24f, 0x164, 0xa67, 0xa68,
  0x904, 0x253, 0x263, 0x254, 0xa69, 0x15fe, 0x15ff, 0x8b9,
  0x1600, 0x1601, 0x1602, 0x1603, 0x2a4, 0x1604, 0x1605, 0x1606,
  0x1607, 0x1608, 0x1609, 0x160a, 0x8ba, 0x160b, 0x2a4, 0x160c,
  0x160d, 0x29e, 0x160e, 0x160f, 0x1610, 0x8ad, 0x1611, 0x1612,
  0x29c, 0x8b8, 0x1613, 0x2a5, 0x1614, 0x1615, 0x29d, 0x7e9,
  0x2a1, 0x1616, 0xa, 0x1617, 0x1618, 0x1619, 0x2a0, 0x2a2,
  0x2a3, 0x161a, 0x161b, 0x161c, 0x29f, 0x161d, 0x161e, 0x161f,
  0x1620, 0x2a5, 0x29d, 0x2a1, 0x29f, 0x2a2, 0x2a0, 0x15fe,
  0x15ff, 0x8b9, 0x1600, 0x1601, 0x1602, 0x1603, 0x2a4, 0x1604,
  0x1605, 0x1606, 0x1607, 0x1608, 0x1609, 0x160a, 0x8ba, 0x160b,
  0x2a4, 0x160c, 0x160d, 0x29e, 0x160e, 0x160f, 0x1610, 0x8ad,
  0x1611, 0x1612, 0x29c, 0x8b8, 0x1613, 0x2a5, 0x1614, 0x1615,
  0x29d, 0x7e9, 0x2a1, 0x1616, 0xa, 0x1617, 0x1618, 0x1619,
  0x2a0, 0x2a2, 0x2a3, 0x161a, 0x161b, 0x161c, 0x29f, 0x161d,
  0x161e, 0x161f, 0x1620, 0x2a5, 0x29d, 0x2a1, 0x29f, 0x2a2,
  0x2a0, 0x15fe, 0x15ff, 0x8b9, 0x1600, 0x1601, 0x1602, 0x1603,
  0x2a4, 0x1604, 0x1605, 0x1606, 0x1607, 0x1608, 0x1609, 0x160a,
  0x8ba, 0x160b, 0x2a4, 0x160c, 0x160d, 0x29e, 0x160e, 0x160f,
  0x1610, 0x8ad, 0x1611, 0x1612, 0x29c, 0x8b8, 0x1613, 0x2a5,
  0x1614, 0x1615, 0x29d, 0x7e9, 0x2a1, 0x1616, 0xa, 0x1617,
  0x1618, 0x1619, 0x2a0, 0x2a2, 0x2a3, 0x161a, 0x161b, 0x161c,
  0x29f, 0x161d, 0x161e, 0x161f, 0x1620, 0x2a5, 0x29d, 0x2a1,
  0x29f, 0x2a2, 0x2a0, 0x15fe, 0x15ff, 0x8b9, 0x1600, 0x1601,
  0x1602, 0x1603, 0x2a4, 0x1604, 0x1605, 0x1606, 0x1607, 0x1608,
  0x1609, 0x160a, 0x8ba, 0x160b, 0x2a4, 0x160c, 0x160d, 0x29e,
  0x160e, 0x160f, 0x1610, 0x8ad, 0x1611, 0x1612, 0x29c, 0x8b8,
  0x1613, 0x2a5, 0x1614, 0x1615, 0x29d, 0x7e9, 0x2a1, 0x1616,
  0xa, 0x1617, 0x1618, 0x1619, 0x2a0, 0x2a2, 0x2a3, 0x161a,
  0x161b, 0x161c, 0x29f, 0x161d, 0x161e, 0x161f, 0x1620, 0x2a5,
  0x29d, 0x2a1, 0x29f, 0x2a2, 0x2a0, 0x15fe, 0x15ff, 0x8b9,
  0x1600, 0x1601, 0x1602, 0x1603, 0x2a4, 0x1604, 0x1605, 0x1606,
  0x1607, 0x1608, 0x1609, 0x160a, 0x8ba, 0x160b, 0x2a4, 0x160c,
  0x160d, 0x29e, 0x160e, 0x160f, 0x1610, 0x8ad, 0x1611, 0x1612,
  0x29c, 0x8b8, 0x1613, 0x2a5, 0x1614, 0x1615, 0x29d, 0x7e9,
  0x2a1, 0x1616, 0xa, 0x1617, 0x1618, 0x1619, 0x2a0, 0x2a2,
  0x2a3, 0x161a, 0x161b, 0x161c, 0x29f, 0x161d, 0x161e, 0x161f,
  0x1620, 0x2a5, 0x29d, 0x2a1, 0x29f, 0x2a2, 0x2a0, 0x878,
  0xd, 0x6, 0x7, 0x87a, 0x87b, 0x87c, 0x87d, 0x87e,
  0x87f, 0x878, 0xd, 0x6, 0x7, 0x87a, 0x87b, 0x87c,
  0x87d, 0x87e, 0x87f, 0x878, 0xd, 0x6, 0x7, 0x87a,
  0x87b, 0x87c, 0x87d, 0x87e, 0x87f, 0x878, 0xd, 0x6,
  0x7, 0x87a, 0x87b, 0x87c, 0x87d, 0x87e, 0x87f, 0x878,
  0xd, 0x6, 0x7, 0x87a, 0x87b, 0x87c, 0x87d, 0x87e,
  0x87f, 0x1621, 0x1622, 0x1623, 0x1624, 0x1625, 0x11c5, 0x1626,
  0x1627, 0x1628, 0x1629, 0x11c6, 0x162a, 0x162b, 0x162c, 0x11c7,
  0x162d, 0x162e, 0x162f, 0x1630, 0x1631, 0x1632, 0x1633, 0x1634,
  0x1635, 0x1636, 0x1637, 0x1638, 0x1639, 0x163a, 0xa8a, 0x163b,
  0x163c, 0x163d, 0x163e, 0x163f, 0x1640, 0x1641, 0x1642, 0x11c8,
  0x11c9, 0x1643, 0x1644, 0x1645, 0x1114, 0x1646, 0x11ca, 0x1647,
  0x1648, 0x1649, 0x164a, 0x164a, 0x164a, 0x164b, 0x164c, 0x164d,
  0x164e, 0x164f, 0x1650, 0x1651, 0x1652, 0x1653, 0x1654, 0x1655,
  0x1656, 0x1657, 0x1658, 0x1659, 0x165a, 0x165b, 0x165c, 0x165c,
  0x165d, 0x165e, 0x165f, 0x1660, 0x1661, 0x11cc, 0x1662, 0x1663,
  0x1664, 0x11a6, 0x1665, 0x1666, 0x1667, 0x1668, 0x1669, 0x166a,
  0x166b, 0x166c, 0x166d, 0x166e, 0x166f, 0x1670, 0x1671, 0x1672,
  0x1673, 0x1674, 0x1675, 0x1676, 0x1677, 0x1678, 0x1679, 0x167a,
  0x167b, 0x167c, 0x167d, 0x167e, 0x167e, 0x167f, 0x1680, 0x1681,
  0x1110, 0x1682, 0x1683, 0x1684, 0x1685, 0x1686, 0xaa4, 0x1687,
  0x1688, 0xaa6, 0x1689, 0x168a, 0x168b, 0x168c, 0x168d, 0x168e,
  0x168f, 0x1690, 0x1691, 0x1692, 0x1693, 0x1694, 0x1695, 0x1696,
  0x1697, 0x1698, 0x1699, 0x169a, 0x169b, 0x169c, 0x169d, 0x10dc,
  0x169e, 0xab0, 0x169f, 0x169f, 0x16a0, 0x16a1, 0x16a1, 0x16a2,
  0x16a3, 0x16a4, 0x16a5, 0x16a6, 0x16a7, 0x16a8, 0x16a9, 0x16aa,
  0x16ab, 0x16ac, 0x16ad, 0x16ae, 0x11d1, 0x16af, 0x16b0, 0x16b1,
  0x16b2, 0x16b3, 0x16b2, 0x16b4, 0x11d3, 0x16b5, 0x16b6, 0x16b7,
  0x16b8, 0x11d4, 0x10c1, 0x16b9, 0x16ba, 0x16bb, 0x16bc, 0x16bd,
  0x16be, 0x16bf, 0x16c0, 0x16c1, 0x16c2, 0x16c3, 0x16c4, 0x16c5,
  0x16c6, 0x16c7, 0x16c8, 0x16c9, 0x16ca, 0x16cb, 0x16cc, 0x16cd,
  0x16ce, 0x11d5, 0x16cf, 0x16d0, 0x16d1, 0x16d2, 0x16d3, 0x16d4,
  0x11d7, 0x16d5, 0x16d6, 0x16d7, 0x16d8, 0x16d9, 0x16da, 0x16db,
  0x16dc, 0x10dd, 0x16dd, 0x16de, 0x16df, 0x16e0, 0x16e1, 0x16e2,
  0x16e3, 0x16e4, 0x16e5, 0x11d8, 0x16e6, 0x16e7, 0x16e8, 0x16e9,
  0x16ea, 0x16eb, 0x16ec, 0x16ed, 0x16ee, 0x16ef, 0x16f0, 0x16f1,
  0x16f2, 0x16f3, 0x16f4, 0x16f5, 0x16f6, 0x16f7, 0x1121, 0x16f8,
  0x16f9, 0x16fa, 0x16fb, 0x16fc, 0x16fd, 0x16fe, 0x16ff, 0x1700,
  0x1701, 0x1702, 0x11d9, 0x1174, 0x1703, 0x1704, 0x1705, 0x1706,
  0x1707, 0x1708, 0x1709, 0x170a, 0x170b, 0x170c, 0x170d, 0x170e,
  0x170f, 0x1710, 0x1711, 0x1712, 0x1713, 0x1714, 0x1715, 0x1716,
  0x1717, 0x1718, 0x1719, 0x171a, 0x171b, 0x171c, 0x171d, 0x171e,
  0x171f, 0x1720, 0x1721, 0x1722, 0x1723, 0x1724, 0x1725, 0x1726,
  0x1727, 0x1728, 0x1729, 0x172a, 0x172b, 0x172c, 0x172c, 0x172d,
  0x172e, 0x172f, 0x1730, 0x1731, 0x1732, 0x1733, 0x1734, 0x1735,
  0x1736, 0x1113, 0x1737, 0x1738, 0x1739, 0x173a, 0x173b, 0x173c,
  0x173d, 0x173e, 0x173f, 0x1740, 0x1741, 0x1742, 0x1743, 0x1744,
  0x1744, 0x1745, 0x1746, 0x1747, 0x1748, 0x1749, 0x174a, 0x174b,
  0x10ee, 0x174c, 0x174d, 0x174e, 0x11e3, 0x174f, 0x1750, 0x11ba,
  0x1751, 0x1752, 0x11e6, 0x1753, 0x1754, 0x1755, 0x1756, 0x1756,
  0x1757, 0x1758, 0x1759, 0x175a, 0x175b, 0x175c, 0x175d, 0x175e,
  0x175f, 0x1760, 0x1761, 0x1762, 0x1763, 0x1764, 0x1765, 0x1766,
  0x1767, 0x1768, 0x1769, 0x176a, 0x176b, 0x176c, 0x176d, 0x176e,
  0x176f, 0x1770, 0x1771, 0x11ec, 0x1772, 0x1773, 0x1774, 0x1775,
  0x1776, 0x1777, 0x1778, 0x1779, 0x177a, 0x177b, 0x177c, 0x177d,
  0x177e, 0x177f, 0x1780, 0x1781, 0x16a0, 0x1782, 0x1783, 0x1784,
  0x1785, 0x1786, 0x1787, 0x1788, 0x1789, 0x178a, 0x178b, 0x178c,
  0x178d, 0x1124, 0x178e, 0x178f, 0x1790, 0x1791, 0x1792, 0x1793,
  0x11ef, 0x1794, 0x1795, 0x1796, 0x1797, 0x1798, 0x1799, 0x179a,
  0x179b, 0x179c, 0x179d, 0x179e, 0x179f, 0x17a0, 0x17a1, 0x17a2,
  0x17a3, 0x17a4, 0x17a5, 0x17a6, 0x17a7, 0x10e9, 0x17a8, 0x17a9,
  0x17aa, 0x17ab, 0x17ac, 0x17ad, 0x17ae, 0x17af, 0x17b0, 0x17b1,
  0x17b2, 0x17b3, 0x17b4, 0x17b5, 0x17b6, 0xb0a, 0x17b7, 0x17b8,
  0x17b9, 0x17ba, 0x17bb, 0x17bc, 0x17bd, 0x17be, 0x17bf, 0x17c0,
  0x17c1, 0x17c2, 0x17c3, 0xb11, 0x17c4, 0x17c5, 0x17c6, 0x17c7,
  0x17c8, 0x17c9, 0x17ca, 0x17cb, 0x17cc, 0x17cd, 0x17ce, 0x17cf,
  0x17d0, 0x17d1, 0x17d2, 0x17d3, 0x17d4, 0x17d5, 0x17d6, 0x17d7,
  0x17d8, 0x17d9, 0x17da, 0x17db, 0x17dc, 0x17dd, 0x17de, 0x17df,
  0x17e0, 0x17e1, 0x17e2, 0x17e3, 0x17e4, 0x17e5, 0x17e6, 0x17e7,
  0x17e8, 0x17e9, 0x17ea, 0x17eb, 0x17ec, 0x17ed, 0x17ee, 0x17ef,
  0x17ef, 0x17f0, 0x17f1, 0x17f2, 0x17f3, 0x17f4, 0x17f5, 0x17f6,
  0x17f7, 0x17f8, 0x17f9, 0x17fa, 0x17fb, 0x17fc, 0x17fd, 0x17fe,
  0x17ff, 0x1800, 0x1801, 0x1802, 0x1803, 0x1804, 0xb41, 0x1805,
  0xb45, 0x1806, 0x1807, 0x1808, 0x1809, 0xb4a, 0x180a,
};

static const uint8_t tc_unicode_decomposition_lengths[] TC_UNICODE_STORAGE = {
  0x1, 0x2, 0x1, 0x2, 0x1, 0x1, 0x2, 0x1,
  0x2, 0x1, 0x1, 0x3, 0x3, 0x3, 0x2, 0x2,
  0x2, 0x2, 0x2, 0x2, 0x2, 0x2, 0x2, 0x2,
  0x2, 0x2, 0x2, 0x2, 0x2, 0x2, 0x2, 0x2,
  0x2, 0x2, 0x2, 0x2, 0x2, 0x2, 0x2, 0x2,
  0x2, 0x2, 0x2, 0x2, 0x2, 0x2, 0x2, 0x2,
  0x2, 0x2, 0x2, 0x2, 0x2, 0x2, 0x2, 0x2,
  0x2, 0x2, 0x2, 0x2, 0x2, 0x2, 0x2, 0x2,
  0x2, 0x2, 0x2, 0x2, 0x2, 0x2, 0x2, 0x2,
  0x2, 0x2, 0x2, 0x2, 0x2, 0x2, 0x2, 0x2,
  0x2, 0x2, 0x2, 0x2, 0x2, 0x2, 0x2, 0x2,
  0x2, 0x2, 0x2, 0x2, 0x2, 0x2, 0x2, 0x2,
  0x2, 0x2, 0x2, 0x2, 0x2, 0x2, 0x2, 0x2,
  0x2, 0x2, 0x2, 0x2, 0x2, 0x2, 0x2, 0x2,
  0x2, 0x2, 0x2, 0x2, 0x2, 0x2, 0x2, 0x2,
  0x2, 0x2, 0x2, 0x2, 0x2, 0x2, 0x2, 0x2,
  0x2, 0x2, 0x2, 0x2, 0x2, 0x2, 0x2, 0x2,
  0x2, 0x2, 0x2, 0x2, 0x2, 0x2, 0x2, 0x2,
  0x2, 0x2, 0x2, 0x2, 0x2, 0x2, 0x2, 0x2,
  0x2, 0x2, 0x2, 0x2, 0x2, 0x2, 0x2, 0x2,
  0x2, 0x2, 0x2, 0x2, 0x2, 0x2, 0x2, 0x2,
  0x2, 0x2, 0x2, 0x2, 0x2, 0x2, 0x2, 0x2,
  0x2, 0x2, 0x2, 0x2, 0x1, 0x2, 0x2, 0x2,
  0x2, 0x3, 0x3, 0x3, 0x2, 0x2, 0x2, 0x2,
  0x2, 0x2, 0x2, 0x2, 0x2, 0x2, 0x2, 0x2,
  0x2, 0x2, 0x3, 0x3, 0x3, 0x3, 0x3, 0x3,
  0x3, 0x3, 0x3, 0x3, 0x3, 0x3, 0x2, 0x2,
  0x2, 0x2, 0x2, 0x2, 0x2, 0x2, 0x3, 0x3,
  0x2, 0x2, 0x2, 0x2, 0x2, 0x2, 0x2, 0x2,
  0x2, 0x2, 0x3, 0x3, 0x2, 0x2, 0x2, 0x2,
  0x2, 0x2, 0x2, 0x2, 0x2, 0x2, 0x2, 0x2,
  0x2, 0x2, 0x2, 0x2, 0x2, 0x2, 0x2, 0x2,
  0x2, 0x2, 0x2, 0x2, 0x2, 0x2, 0x2, 0x2,
  0x2, 0x2, 0x2, 0x2, 0x2, 0x2, 0x2, 0x2,
  0x2, 0x2, 0x3, 0x3, 0x3, 0x3, 0x2, 0x2,
  0x3, 0x3, 0x2, 0x2, 0x1, 0x1, 0x1, 0x1,
  0x1, 0x1, 0x1, 0x1, 0x1, 0x2, 0x2, 0x2,
  0x2, 0x2, 0x2, 0x1, 0x1, 0x1, 0x1, 0x1,
  0x1, 0x1, 0x1, 0x2, 0x1, 0x2, 0x1, 0x2,
  0x3, 0x2, 0x1, 0x2, 0x2, 0x2, 0x2, 0x2,
  0x2, 0x3, 0x2, 0x2, 0x2, 0x2, 0x2, 0x2,
  0x3, 0x2, 0x2, 0x2, 0x2, 0x2, 0x1, 0x1,
  0x1, 0x2, 0x2, 0x1, 0x1, 0x1, 0x1, 0x1,
  0x1, 0x1, 0x2, 0x2, 0x2, 0x2, 0x2, 0x2,
  0x2, 0x2, 0x2, 0x2, 0x2, 0x2, 0x2, 0x2,
  0x2, 0x2, 0x2, 0x2, 0x2, 0x2, 0x2, 0x2,
  0x2, 0x2, 0x2, 0x2, 0x2, 0x2, 0x2, 0x2,
  0x2, 0x2, 0x2, 0x2, 0x2, 0x2, 0x2, 0x2,
  0x2, 0x2, 0x2, 0x2, 0x2, 0x2, 0x2, 0x2,
  0x2, 0x2, 0x2, 0x2, 0x2, 0x2, 0x2, 0x2,
  0x2, 0x2, 0x2, 0x2, 0x2, 0x2, 0x2, 0x2,
  0x2, 0x2, 0x2, 0x2, 0x2, 0x2, 0x2, 0x2,
  0x2, 0x2, 0x2, 0x2, 0x2, 0x2, 0x2, 0x2,
  0x2, 0x2, 0x2, 0x2, 0x2, 0x2, 0x2, 0x2,
  0x2, 0x2, 0x2, 0x2, 0x2, 0x2, 0x2, 0x2,
  0x2, 0x2, 0x2, 0x2, 0x2, 0x2, 0x2, 0x3,
  0x2, 0x2, 0x2, 0x2, 0x2, 0x3, 0x2, 0x2,
  0x2, 0x2, 0x2, 0x1, 0x2, 0x2, 0x2, 0x2,
  0x2, 0x2, 0x2, 0x2, 0x2, 0x3, 0x2, 0x3,
  0x2, 0x2, 0x2, 0x2, 0x2, 0x2, 0x2, 0x2,
  0x2, 0x2, 0x2, 0x2, 0x2, 0x2, 0x2, 0x2,
  0x3, 0x3, 0x2, 0x2, 0x2, 0x2, 0x2, 0x2,
  0x2, 0x2, 0x2, 0x2, 0x3, 0x3, 0x3, 0x3,
  0x2, 0x2, 0x2, 0x2, 0x3, 0x3, 0x2, 0x2,
  0x2, 0x2, 0x2, 0x2, 0x2, 0x2, 0x2, 0x2,
  0x2, 0x2, 0x2, 0x2, 0x2, 0x2, 0x3, 0x3,
  0x2, 0x2, 0x2, 0x2, 0x2, 0x2, 0x2, 0x2,
  0x3, 0x3, 0x2, 0x2, 0x2, 0x2, 0x2, 0x2,
  0x2, 0x2, 0x2, 0x2, 0x2, 0x2, 0x2, 0x2,
  0x2, 0x2, 0x2, 0x2, 0x3, 0x3, 0x3, 0x3,
  0x3, 0x3, 0x3, 0x3, 0x2, 0x2, 0x2, 0x2,
  0x2, 0x2, 0x2, 0x2, 0x3, 0x3, 0x2, 0x2,
  0x2, 0x2, 0x2, 0x2, 0x3, 0x3, 0x3, 0x3,
  0x3, 0x3, 0x2, 0x2, 0x2, 0x2, 0x2, 0x2,
  0x2, 0x2, 0x2, 0x2, 0x2, 0x2, 0x2, 0x2,
  0x3, 0x3, 0x3, 0x3, 0x2, 0x2, 0x2, 0x2,
  0x2, 0x2, 0x2, 0x2, 0x2, 0x2, 0x2, 0x2,
  0x2, 0x2, 0x2, 0x2, 0x2, 0x2, 0x2, 0x2,
  0x2, 0x2, 0x2, 0x2, 0x2, 0x2, 0x2, 0x2,
  0x2, 0x2, 0x2, 0x2, 0x2, 0x2, 0x2, 0x2,
  0x3, 0x3, 0x3, 0x3, 0x3, 0x3, 0x3, 0x3,
  0x3, 0x3, 0x3, 0x3, 0x3, 0x3, 0x3, 0x3,
  0x3, 0x3, 0x3, 0x3, 0x2, 0x2, 0x2, 0x2,
  0x2, 0x2, 0x3, 0x3, 0x3, 0x3, 0x3, 0x3,
  0x3, 0x3, 0x3, 0x3, 0x2, 0x2, 0x2, 0x2,
  0x2, 0x2, 0x2, 0x2, 0x3, 0x3, 0x3, 0x3,
  0x3, 0x3, 0x3, 0x3, 0x3, 0x3, 0x3, 0x3,
  0x3, 0x3, 0x3, 0x3, 0x3, 0x3, 0x3, 0x3,
  0x2, 0x2, 0x2, 0x2, 0x3, 0x3, 0x3, 0x3,
  0x3, 0x3, 0x3, 0x3, 0x3, 0x3, 0x2, 0x2,
  0x2, 0x2, 0x2, 0x2, 0x2, 0x2, 0x2, 0x2,
  0x3, 0x3, 0x3, 0x3, 0x3, 0x3, 0x2, 0x2,
  0x3, 0x3, 0x3, 0x3, 0x3, 0x3, 0x2, 0x2,
  0x3, 0x3, 0x3, 0x3, 0x2, 0x2, 0x3, 0x3,
  0x3, 0x3, 0x2, 0x2, 0x3, 0x3, 0x3, 0x3,
  0x3, 0x3, 0x2, 0x2, 0x3, 0x3, 0x3, 0x3,
  0x3, 0x3, 0x2, 0x2, 0x3, 0x3, 0x3, 0x3,
  0x3, 0x3, 0x2, 0x2, 0x3, 0x3, 0x3, 0x3,
  0x3, 0x3, 0x2, 0x2, 0x3, 0x3, 0x3, 0x3,
  0x2, 0x2, 0x3, 0x3, 0x3, 0x3, 0x2, 0x2,
  0x3, 0x3, 0x3, 0x3, 0x3, 0x3, 0x2, 0x3,
  0x3, 0x3, 0x2, 0x2, 0x3, 0x3, 0x3, 0x3,
  0x3, 0x3, 0x2, 0x2, 0x3, 0x3, 0x3, 0x3,
  0x3, 0x3, 0x2, 0x2, 0x2, 0x2, 0x2, 0x2,
  0x2, 0x2, 0x2, 0x2, 0x2, 0x2, 0x2, 0x2,
  0x3, 0x3, 0x4, 0x4, 0x4, 0x4, 0x4, 0x4,
  0x3, 0x3, 0x4, 0x4, 0x4, 0x4, 0x4, 0x4,
  0x3, 0x3, 0x4, 0x4, 0x4, 0x4, 0x4, 0x4,
  0x3, 0x3, 0x4, 0x4, 0x4, 0x4, 0x4, 0x4,
  0x3, 0x3, 0x4, 0x4, 0x4, 0x4, 0x4, 0x4,
  0x3, 0x3, 0x4, 0x4, 0x4, 0x4, 0x4, 0x4,
  0x2, 0x2, 0x3, 0x2, 0x3, 0x2, 0x3, 0x2,
  0x2, 0x2, 0x2, 0x2, 0x2, 0x1, 0x2, 0x2,
  0x3, 0x3, 0x2, 0x3, 0x2, 0x3, 0x2, 0x2,
  0x2, 0x2, 0x2, 0x3, 0x3, 0x3, 0x2, 0x2,
  0x3, 0x3, 0x2, 0x3, 0x2, 0x2, 0x2, 0x2,
  0x3, 0x3, 0x3, 0x2, 0x2, 0x3, 0x3, 0x2,
  0x2, 0x2, 0x3, 0x2, 0x2, 0x2, 0x2, 0x2,
  0x3, 0x3, 0x1, 0x3, 0x2, 0x3, 0x2, 0x3,
  0x2, 0x2, 0x2, 0x2, 0x2, 0x2, 0x2, 0x1,
  0x1, 0x1, 0x1, 0x1, 0x1, 0x1, 0x1, 0x1,
  0x1, 0x1, 0x1, 0x2, 0x1, 0x2, 0x3, 0x1,
  0x2, 0x3, 0x2, 0x3, 0x2, 0x2, 0x2, 0x2,
  0x2, 0x4, 0x1, 0x1, 0x1, 0x1, 0x1, 0x1,
  0x1, 0x1, 0x1, 0x1, 0x1, 0x1, 0x1, 0x1,
  0x1, 0x1, 0x1, 0x1, 0x1, 0x1, 0x1, 0x1,
  0x1, 0x1, 0x1, 0x1, 0x1, 0x1, 0x1, 0x1,
  0x2, 0x3, 0x3, 0x1, 0x2, 0x3, 0x3, 0x1,
  0x2, 0x1, 0x1, 0x1, 0x1, 0x1, 0x1, 0x1,
  0x1, 0x1, 0x1, 0x1, 0x2, 0x1, 0x1, 0x1,
  0x1, 0x1, 0x2, 0x3, 0x2, 0x1, 0x1, 0x1,
  0x1, 0x2, 0x1, 0x1, 0x1, 0x1, 0x1, 0x1,
  0x1, 0x1, 0x1, 0x1, 0x1, 0x1, 0x1, 0x1,
  0x1, 0x1, 0x1, 0x1, 0x1, 0x1, 0x1, 0x3,
  0x3, 0x3, 0x3, 0x3, 0x3, 0x3, 0x3, 0x3,
  0x3, 0x3, 0x3, 0x2, 0x1, 0x2, 0x3, 0x2,
  0x1, 0x2, 0x3, 0x4, 0x2, 0x1, 0x2, 0x3,
  0x1, 0x1, 0x1, 0x1, 0x1, 0x2, 0x3, 0x2,
  0x1, 0x2, 0x3, 0x4, 0x2, 0x1, 0x2, 0x3,
  0x1, 0x1, 0x1, 0x1, 0x2, 0x2, 0x2, 0x2,
  0x2, 0x2, 0x2, 0x2, 0x2, 0x2, 0x2, 0x2,
  0x3, 0x2, 0x3, 0x2, 0x2, 0x2, 0x2, 0x2,
  0x2, 0x2, 0x2, 0x2, 0x2, 0x2, 0x2, 0x2,
  0x2, 0x2, 0x2, 0x2, 0x2, 0x2, 0x2, 0x2,
  0x2, 0x2, 0x2, 0x2, 0x2, 0x2, 0x2, 0x2,
  0x2, 0x2, 0x2, 0x2, 0x1, 0x1, 0x1, 0x1,
  0x1, 0x1, 0x1, 0x1, 0x1, 0x1, 0x1, 0x2,
  0x2, 0x2, 0x2, 0x2, 0x2, 0x2, 0x2, 0x2,
  0x2, 0x2, 0x3, 0x3, 0x3, 0x3, 0x3, 0x3,
  0x3, 0x3, 0x3, 0x4, 0x4, 0x4, 0x4, 0x4,
  0x4, 0x4, 0x4, 0x4, 0x4, 0x4, 0x2, 0x2,
  0x2, 0x2, 0x2, 0x2, 0x2, 0x2, 0x2, 0x3,
  0x3, 0x3, 0x3, 0x3, 0x3, 0x3, 0x3, 0x3,
  0x3, 0x3, 0x3, 0x3, 0x3, 0x3, 0x3, 0x3,
  0x3, 0x3, 0x3, 0x3, 0x3, 0x3, 0x3, 0x3,
  0x3, 0x3, 0x3, 0x3, 0x3, 0x3, 0x3, 0x3,
  0x3, 0x3, 0x3, 0x3, 0x1, 0x1, 0x1, 0x1,
  0x1, 0x1, 0x1, 0x1, 0x1, 0x1, 0x1, 0x1,
  0x1, 0x1, 0x1, 0x1, 0x1, 0x1, 0x1, 0x1,
  0x1, 0x1, 0x1, 0x1, 0x1, 0x1, 0x1, 0x1,
  0x1, 0x1, 0x1, 0x1, 0x1, 0x1, 0x1, 0x1,
  0x1, 0x1, 0x1, 0x1, 0x1, 0x1, 0x1, 0x1,
  0x1, 0x1, 0x1, 0x1, 0x1, 0x1, 0x1, 0x1,
  0x1, 0x4, 0x3, 0x2, 0x3, 0x2, 0x1, 0x1,
  0x1, 0x1, 0x1, 0x1, 0x1, 0x1, 0x1, 0x1,
  0x1, 0x1, 0x1, 0x1, 0x1, 0x1, 0x1, 0x1,
  0x1, 0x1, 0x1, 0x1, 0x1, 0x1, 0x1, 0x1,
  0x1, 0x1, 0x1, 0x1, 0x1, 0x1, 0x1, 0x1,
  0x1, 0x1, 0x1, 0x1, 0x1, 0x1, 0x1, 0x1,
  0x1, 0x1, 0x1, 0x1, 0x1, 0x1, 0x1, 0x1,
  0x1, 0x1, 0x1, 0x1, 0x1, 0x1, 0x1, 0x1,
  0x1, 0x1, 0x1, 0x1, 0x1, 0x1, 0x1, 0x1,
  0x1, 0x1, 0x1, 0x1, 0x1, 0x1, 0x1, 0x1,
  0x1, 0x1, 0x1, 0x1, 0x1, 0x1, 0x1, 0x1,
  0x1, 0x1, 0x1, 0x1, 0x1, 0x1, 0x1, 0x1,
  0x1, 0x1, 0x1, 0x1, 0x1, 0x1, 0x1, 0x1,
  0x1, 0x1, 0x1, 0x1, 0x1, 0x1, 0x1, 0x1,
  0x1, 0x1, 0x1, 0x1, 0x1, 0x1, 0x1, 0x1,
  0x1, 0x1, 0x1, 0x1, 0x1, 0x1, 0x1, 0x1,
  0x1, 0x1, 0x1, 0x1, 0x1, 0x1, 0x1, 0x1,
  0x1, 0x1, 0x1, 0x1, 0x1, 0x1, 0x1, 0x1,
  0x1, 0x1, 0x1, 0x1, 0x1, 0x1, 0x1, 0x1,
  0x1, 0x1, 0x1, 0x1, 0x1, 0x1, 0x1, 0x1,
  0x1, 0x1, 0x1, 0x1, 0x1, 0x1, 0x1, 0x1,
  0x1, 0x1, 0x1, 0x1, 0x1, 0x1, 0x1, 0x1,
  0x1, 0x1, 0x1, 0x1, 0x1, 0x1, 0x1, 0x1,
  0x1, 0x1, 0x1, 0x1, 0x1, 0x1, 0x1, 0x1,
  0x1, 0x1, 0x1, 0x1, 0x1, 0x1, 0x1, 0x1,
  0x1, 0x1, 0x1, 0x1, 0x1, 0x1, 0x1, 0x1,
  0x1, 0x1, 0x1, 0x1, 0x1, 0x1, 0x1, 0x1,
  0x1, 0x1, 0x1, 0x1, 0x1, 0x1, 0x1, 0x1,
  0x1, 0x1, 0x1, 0x2, 0x2, 0x2, 0x2, 0x2,
  0x2, 0x2, 0x2, 0x2, 0x2, 0x2, 0x2, 0x2,
  0x2, 0x2, 0x2, 0x2, 0x2, 0x2, 0x2, 0x2,
  0x2, 0x2, 0x2, 0x2, 0x2, 0x2, 0x2, 0x2,
  0x2, 0x2, 0x2, 0x2, 0x2, 0x2, 0x2, 0x2,
  0x2, 0x2, 0x2, 0x2, 0x2, 0x2, 0x2, 0x2,
  0x2, 0x2, 0x2, 0x2, 0x2, 0x2, 0x2, 0x2,
  0x2, 0x2, 0x2, 0x2, 0x2, 0x2, 0x2, 0x2,
  0x2, 0x1, 0x1, 0x1, 0x1, 0x1, 0x1, 0x1,
  0x1, 0x1, 0x1, 0x1, 0x1, 0x1, 0x1, 0x1,
  0x1, 0x1, 0x1, 0x1, 0x1, 0x1, 0x1, 0x1,
  0x1, 0x1, 0x1, 0x1, 0x1, 0x1, 0x1, 0x1,
  0x1, 0x1, 0x1, 0x1, 0x1, 0x1, 0x1, 0x1,
  0x1, 0x1, 0x1, 0x1, 0x1, 0x1, 0x1, 0x1,
  0x1, 0x1, 0x1, 0x1, 0x1, 0x1, 0x1, 0x1,
  0x1, 0x1, 0x1, 0x1, 0x1, 0x1, 0x1, 0x1,
  0x1, 0x1, 0x1, 0x1, 0x1, 0x1, 0x1, 0x1,
  0x1, 0x1, 0x1, 0x1, 0x1, 0x1, 0x1, 0x1,
  0x1, 0x1, 0x1, 0x1, 0x1, 0x1, 0x1, 0x1,
  0x1, 0x1, 0x1, 0x1, 0x1, 0x1, 0x1, 0x1,
  0x1, 0x1, 0x1, 0x1, 0x1, 0x1, 0x1, 0x1,
  0x1, 0x1, 0x1, 0x1, 0x1, 0x3, 0x3, 0x3,
  0x3, 0x3, 0x3, 0x3, 0x3, 0x3, 0x3, 0x3,
  0x3, 0x3, 0x3, 0x4, 0x4, 0x4, 0x4, 0x4,
  0x4, 0x4, 0x4, 0x4, 0x4, 0x4, 0x4, 0x4,
  0x4, 0x4, 0x3, 0x3, 0x3, 0x3, 0x3, 0x3,
  0x3, 0x3, 0x3, 0x3, 0x3, 0x3, 0x3, 0x3,
  0x3, 0x3, 0x3, 0x3, 0x3, 0x3, 0x3, 0x3,
  0x3, 0x3, 0x3, 0x3, 0x3, 0x3, 0x3, 0x3,
  0x3, 0x3, 0x3, 0x3, 0x3, 0x3, 0x2, 0x2,
  0x2, 0x2, 0x2, 0x2, 0x2, 0x2, 0x2, 0x2,
  0x2, 0x2, 0x2, 0x2, 0x2, 0x1, 0x1, 0x1,
  0x1, 0x1, 0x1, 0x1, 0x1, 0x1, 0x1, 0x1,
  0x1, 0x1, 0x1, 0x2, 0x2, 0x2, 0x2, 0x2,
  0x2, 0x2, 0x2, 0x2, 0x2, 0x2, 0x2, 0x2,
  0x2, 0x1, 0x1, 0x1, 0x1, 0x1, 0x1, 0x1,
  0x1, 0x1, 0x1, 0x1, 0x1, 0x1, 0x1, 0x1,
  0x1, 0x1, 0x1, 0x1, 0x1, 0x1, 0x1, 0x1,
  0x1, 0x1, 0x1, 0x1, 0x1, 0x1, 0x1, 0x1,
  0x1, 0x1, 0x1, 0x1, 0x1, 0x1, 0x1, 0x1,
  0x1, 0x1, 0x1, 0x1, 0x1, 0x1, 0x1, 0x1,
  0x1, 0x1, 0x2, 0x2, 0x2, 0x2, 0x2, 0x2,
  0x2, 0x2, 0x2, 0x2, 0x2, 0x2, 0x2, 0x2,
  0x2, 0x2, 0x2, 0x2, 0x2, 0x2, 0x2, 0x2,
  0x2, 0x2, 0x3, 0x3, 0x3, 0x1, 0x1, 0x1,
  0x1, 0x1, 0x1, 0x1, 0x1, 0x1, 0x1, 0x1,
  0x1, 0x1, 0x1, 0x1, 0x1, 0x1, 0x1, 0x1,
  0x1, 0x1, 0x1, 0x1, 0x1, 0x1, 0x1, 0x1,
  0x1, 0x1, 0x1, 0x1, 0x1, 0x1, 0x1, 0x1,
  0x1, 0x1, 0x1, 0x1, 0x1, 0x1, 0x1, 0x1,
  0x1, 0x1, 0x1, 0x1, 0x5, 0x4, 0x5, 0x3,
  0x5, 0x3, 0x3, 0x6, 0x4, 0x3, 0x3, 0x3,
  0x4, 0x4, 0x4, 0x4, 0x4, 0x4, 0x4, 0x6,
  0x2, 0x6, 0x6, 0x5, 0x4, 0x6, 0x6, 0x4,
  0x3, 0x3, 0x4, 0x4, 0x5, 0x5, 0x3, 0x3,
  0x4, 0x3, 0x3, 0x2, 0x2, 0x3, 0x3, 0x6,
  0x4, 0x5, 0x6, 0x4, 0x3, 0x3, 0x6, 0x4,
  0x6, 0x3, 0x5, 0x3, 0x4, 0x3, 0x4, 0x5,
  0x4, 0x5, 0x4, 0x2, 0x5, 0x3, 0x3, 0x4,
  0x3, 0x3, 0x3, 0x5, 0x4, 0x2, 0x6, 0x3,
  0x5, 0x4, 0x4, 0x3, 0x3, 0x4, 0x2, 0x4,
  0x5, 0x2, 0x6, 0x3, 0x2, 0x2, 0x2, 0x2,
  0x2, 0x2, 0x2, 0x2, 0x2, 0x2, 0x3, 0x3,
  0x3, 0x3, 0x3, 0x3, 0x3, 0x3, 0x3, 0x3,
  0x3, 0x3, 0x3, 0x3, 0x3, 0x3, 0x2, 0x2,
  0x3, 0x2, 0x2, 0x2, 0x2, 0x2, 0x2, 0x4,
  0x2, 0x2, 0x2, 0x2, 0x2, 0x2, 0x2, 0x2,
  0x3, 0x4, 0x2, 0x2, 0x2, 0x2, 0x2, 0x2,
  0x2, 0x3, 0x3, 0x3, 0x3, 0x2, 0x2, 0x2,
  0x2, 0x2, 0x2, 0x2, 0x2, 0x2, 0x2, 0x3,
  0x3, 0x2, 0x3, 0x3, 0x3, 0x2, 0x3, 0x3,
  0x4, 0x2, 0x3, 0x3, 0x3, 0x3, 0x5, 0x6,
  0x2, 0x2, 0x2, 0x2, 0x2, 0x2, 0x2, 0x2,
  0x2, 0x2, 0x2, 0x2, 0x2, 0x2, 0x2, 0x2,
  0x2, 0x2, 0x4, 0x2, 0x2, 0x2, 0x4, 0x3,
  0x2, 0x2, 0x2, 0x2, 0x2, 0x2, 0x2, 0x2,
  0x2, 0x2, 0x3, 0x2, 0x2, 0x3, 0x3, 0x2,
  0x4, 0x3, 0x2, 0x2, 0x2, 0x2, 0x2, 0x2,
  0x2, 0x2, 0x2, 0x2, 0x2, 0x2, 0x2, 0x3,
  0x3, 0x3, 0x3, 0x3, 0x3, 0x3, 0x3, 0x3,
  0x3, 0x3, 0x3, 0x3, 0x3, 0x3, 0x3, 0x3,
  0x3, 0x3, 0x3, 0x3, 0x3, 0x1, 0x1, 0x1,
  0x1, 0x1, 0x1, 0x1, 0x1, 0x1, 0x1, 0x1,
  0x1, 0x1, 0x1, 0x1, 0x1, 0x1, 0x1, 0x1,
  0x1, 0x1, 0x1, 0x1, 0x1, 0x1, 0x1, 0x1,
  0x1, 0x1, 0x1, 0x1, 0x1, 0x1, 0x1, 0x1,
  0x1, 0x1, 0x1, 0x1, 0x1, 0x1, 0x1, 0x1,
  0x1, 0x1, 0x1, 0x1, 0x1, 0x1, 0x1, 0x1,
  0x1, 0x1, 0x1, 0x1, 0x1, 0x1, 0x1, 0x1,
  0x1, 0x1, 0x1, 0x1, 0x1, 0x1, 0x1, 0x1,
  0x1, 0x1, 0x1, 0x1, 0x1, 0x1, 0x1, 0x1,
  0x1, 0x1, 0x1, 0x1, 0x1, 0x1, 0x1, 0x1,
  0x1, 0x1, 0x1, 0x1, 0x1, 0x1, 0x1, 0x1,
  0x1, 0x1, 0x1, 0x1, 0x1, 0x1, 0x1, 0x1,
  0x1, 0x1, 0x1, 0x1, 0x1, 0x1, 0x1, 0x1,
  0x1, 0x1, 0x1, 0x1, 0x1, 0x1, 0x1, 0x1,
  0x1, 0x1, 0x1, 0x1, 0x1, 0x1, 0x1, 0x1,
  0x1, 0x1, 0x1, 0x1, 0x1, 0x1, 0x1, 0x1,
  0x1, 0x1, 0x1, 0x1, 0x1, 0x1, 0x1, 0x1,
  0x1, 0x1, 0x1, 0x1, 0x1, 0x1, 0x1, 0x1,
  0x1, 0x1, 0x1, 0x1, 0x1, 0x1, 0x1, 0x1,
  0x1, 0x1, 0x1, 0x1, 0x1, 0x1, 0x1, 0x1,
  0x1, 0x1, 0x1, 0x1, 0x1, 0x1, 0x1, 0x1,
  0x1, 0x1, 0x1, 0x1, 0x1, 0x1, 0x1, 0x1,
  0x1, 0x1, 0x1, 0x1, 0x1, 0x1, 0x1, 0x1,
  0x1, 0x1, 0x1, 0x1, 0x1, 0x1, 0x1, 0x1,
  0x1, 0x1, 0x1, 0x1, 0x1, 0x1, 0x1, 0x1,
  0x1, 0x1, 0x1, 0x1, 0x1, 0x1, 0x1, 0x1,
  0x1, 0x1, 0x1, 0x1, 0x1, 0x1, 0x1, 0x1,
  0x1, 0x1, 0x1, 0x1, 0x1, 0x1, 0x1, 0x1,
  0x1, 0x1, 0x1, 0x1, 0x1, 0x1, 0x1, 0x1,
  0x1, 0x1, 0x1, 0x1, 0x1, 0x1, 0x1, 0x1,
  0x1, 0x1, 0x1, 0x1, 0x1, 0x1, 0x1, 0x1,
  0x1, 0x1, 0x1, 0x1, 0x1, 0x1, 0x1, 0x1,
  0x1, 0x1, 0x1, 0x1, 0x1, 0x1, 0x1, 0x1,
  0x1, 0x1, 0x1, 0x1, 0x1, 0x1, 0x1, 0x1,
  0x1, 0x1, 0x1, 0x1, 0x1, 0x1, 0x1, 0x1,
  0x1, 0x1, 0x1, 0x1, 0x1, 0x1, 0x1, 0x1,
  0x1, 0x1, 0x1, 0x1, 0x1, 0x1, 0x1, 0x1,
  0x1, 0x1, 0x1, 0x1, 0x1, 0x1, 0x1, 0x1,
  0x1, 0x1, 0x1, 0x1, 0x1, 0x1, 0x1, 0x1,
  0x1, 0x1, 0x1, 0x1, 0x1, 0x1, 0x1, 0x1,
  0x1, 0x1, 0x1, 0x1, 0x1, 0x1, 0x1, 0x1,
  0x1, 0x1, 0x1, 0x1, 0x1, 0x1, 0x1, 0x1,
  0x1, 0x1, 0x1, 0x1, 0x1, 0x1, 0x1, 0x1,
  0x1, 0x1, 0x2, 0x2, 0x2, 0x3, 0x3, 0x2,
  0x2, 0x2, 0x2, 0x2, 0x2, 0x2, 0x2, 0x2,
  0x1, 0x1, 0x1, 0x1, 0x1, 0x1, 0x1, 0x1,
  0x1, 0x1, 0x2, 0x2, 0x3, 0x3, 0x2, 0x2,
  0x2, 0x2, 0x2, 0x2, 0x2, 0x2, 0x2, 0x2,
  0x2, 0x2, 0x2, 0x2, 0x2, 0x2, 0x2, 0x2,
  0x2, 0x2, 0x2, 0x2, 0x2, 0x2, 0x2, 0x2,
  0x2, 0x2, 0x2, 0x1, 0x1, 0x1, 0x1, 0x1,
  0x1, 0x1, 0x1, 0x1, 0x1, 0x1, 0x1, 0x1,
  0x1, 0x1, 0x1, 0x1, 0x1, 0x1, 0x1, 0x1,
  0x1, 0x1, 0x1, 0x1, 0x1, 0x1, 0x1, 0x1,
  0x1, 0x1, 0x1, 0x1, 0x1, 0x1, 0x1, 0x1,
  0x1, 0x1, 0x1, 0x1, 0x1, 0x1, 0x1, 0x1,
  0x1, 0x1, 0x1, 0x1, 0x1, 0x1, 0x1, 0x1,
  0x1, 0x1, 0x1, 0x1, 0x1, 0x1, 0x1, 0x1,
  0x1, 0x1, 0x1, 0x1, 0x1, 0x1, 0x1, 0x1,
  0x1, 0x1, 0x1, 0x1, 0x1, 0x1, 0x1, 0x1,
  0x1, 0x1, 0x1, 0x1, 0x1, 0x1, 0x1, 0x2,
  0x2, 0x1, 0x1, 0x1, 0x1, 0x1, 0x1, 0x1,
  0x1, 0x1, 0x1, 0x2, 0x2, 0x1, 0x1, 0x1,
  0x1, 0x1, 0x1, 0x1, 0x1, 0x1, 0x1, 0x2,
  0x1, 0x1, 0x1, 0x1, 0x1, 0x1, 0x1, 0x1,
  0x1, 0x1, 0x1, 0x1, 0x3, 0x3, 0x3, 0x3,
  0x3, 0x3, 0x3, 0x3, 0x3, 0x3, 0x3, 0x3,
  0x3, 0x3, 0x3, 0x3, 0x3, 0x3, 0x1, 0x1,
  0x1, 0x1, 0x3, 0x3, 0x3, 0x3, 0x3, 0x2,
  0x2, 0x2, 0x2, 0x2, 0x2, 0x2, 0x2, 0x2,
  0x2, 0x2, 0x2, 0x2, 0x2, 0x2, 0x2, 0x2,
  0x2, 0x2, 0x2, 0x2, 0x2, 0x2, 0x2, 0x2,
  0x2, 0x2, 0x2, 0x2, 0x2, 0x2, 0x2, 0x2,
  0x2, 0x2, 0x2, 0x2, 0x2, 0x2, 0x2, 0x2,
  0x2, 0x2, 0x2, 0x2, 0x2, 0x2, 0x2, 0x2,
  0x2, 0x2, 0x2, 0x2, 0x2, 0x2, 0x2, 0x2,
  0x2, 0x2, 0x2, 0x2, 0x2, 0x2, 0x2, 0x2,
  0x2, 0x2, 0x2, 0x2, 0x2, 0x2, 0x2, 0x2,
  0x2, 0x2, 0x2, 0x2, 0x2, 0x2, 0x2, 0x2,
  0x2, 0x2, 0x2, 0x2, 0x2, 0x2, 0x2, 0x2,
  0x3, 0x3, 0x3, 0x3, 0x3, 0x3, 0x3, 0x3,
  0x3, 0x3, 0x3, 0x3, 0x2, 0x2, 0x2, 0x2,
  0x2, 0x2, 0x2, 0x2, 0x2, 0x2, 0x2, 0x2,
  0x2, 0x2, 0x2, 0x2, 0x2, 0x2, 0x2, 0x2,
  0x2, 0x2, 0x2, 0x2, 0x2, 0x2, 0x2, 0x2,
  0x2, 0x2, 0x2, 0x2, 0x2, 0x2, 0x2, 0x2,
  0x2, 0x2, 0x2, 0x2, 0x2, 0x2, 0x2, 0x2,
  0x2, 0x3, 0x3, 0x3, 0x3, 0x3, 0x2, 0x2,
  0x2, 0x2, 0x2, 0x2, 0x2, 0x2, 0x2, 0x2,
  0x2, 0x2, 0x2, 0x2, 0x2, 0x2, 0x2, 0x2,
  0x2, 0x2, 0x2, 0x2, 0x2, 0x2, 0x2, 0x2,
  0x2, 0x2, 0x2, 0x2, 0x2, 0x2, 0x2, 0x2,
  0x2, 0x2, 0x2, 0x2, 0x2, 0x2, 0x2, 0x2,
  0x2, 0x2, 0x2, 0x2, 0x2, 0x2, 0x2, 0x2,
  0x2, 0x2, 0x2, 0x2, 0x2, 0x2, 0x2, 0x2,
  0x2, 0x2, 0x2, 0x2, 0x2, 0x2, 0x2, 0x2,
  0x2, 0x3, 0x3, 0x2, 0x2, 0x2, 0x2, 0x2,
  0x2, 0x2, 0x2, 0x2, 0x2, 0x2, 0x2, 0x2,
  0x2, 0x2, 0x2, 0x2, 0x3, 0x3, 0x3, 0x2,
  0x2, 0x2, 0x2, 0x2, 0x2, 0x2, 0x2, 0x2,
  0x2, 0x2, 0x2, 0x2, 0x2, 0x2, 0x2, 0x2,
  0x2, 0x2, 0x2, 0x2, 0x2, 0x2, 0x2, 0x2,
  0x2, 0x2, 0x2, 0x2, 0x2, 0x2, 0x2, 0x2,
  0x2, 0x2, 0x2, 0x2, 0x2, 0x2, 0x2, 0x2,
  0x2, 0x2, 0x2, 0x2, 0x2, 0x2, 0x2, 0x2,
  0x2, 0x2, 0x2, 0x2, 0x2, 0x2, 0x2, 0x2,
  0x2, 0x2, 0x2, 0x2, 0x2, 0x2, 0x2, 0x2,
  0x2, 0x2, 0x2, 0x2, 0x2, 0x2, 0x2, 0x2,
  0x3, 0x3, 0x3, 0x3, 0x3, 0x3, 0x3, 0x3,
  0x3, 0x3, 0x3, 0x3, 0x3, 0x3, 0x3, 0x3,
  0x3, 0x3, 0x3, 0x3, 0x3, 0x3, 0x3, 0x3,
  0x3, 0x3, 0x3, 0x3, 0x3, 0x3, 0x3, 0x3,
  0x3, 0x3, 0x3, 0x3, 0x3, 0x3, 0x3, 0x3,
  0x3, 0x3, 0x3, 0x3, 0x3, 0x3, 0x3, 0x3,
  0x3, 0x3, 0x3, 0x3, 0x3, 0x3, 0x3, 0x3,
  0x3, 0x3, 0x3, 0x3, 0x3, 0x3, 0x3, 0x3,
  0x3, 0x3, 0x3, 0x3, 0x3, 0x3, 0x3, 0x3,
  0x3, 0x3, 0x3, 0x3, 0x3, 0x3, 0x3, 0x3,
  0x3, 0x3, 0x3, 0x3, 0x3, 0x3, 0x3, 0x3,
  0x3, 0x3, 0x3, 0x3, 0x3, 0x3, 0x3, 0x3,
  0x3, 0x3, 0x3, 0x3, 0x3, 0x3, 0x3, 0x3,
  0x3, 0x3, 0x3, 0x3, 0x3, 0x3, 0x3, 0x3,
  0x3, 0x3, 0x3, 0x3, 0x3, 0x3, 0x3, 0x3,
  0x4, 0x4, 0x4, 0x4, 0x4, 0x4, 0x4, 0x3,
  0x12, 0x8, 0x4, 0x2, 0x1, 0x1, 0x1, 0x1,
  0x1, 0x1, 0x1, 0x1, 0x1, 0x1, 0x1, 0x1,
  0x1, 0x1, 0x1, 0x1, 0x1, 0x1, 0x1, 0x1,
  0x2, 0x2, 0x2, 0x2, 0x1, 0x1, 0x1, 0x1,
  0x1, 0x1, 0x1, 0x1, 0x1, 0x1, 0x1, 0x1,
  0x1, 0x1, 0x1, 0x1, 0x1, 0x1, 0x1, 0x1,
  0x1, 0x1, 0x1, 0x1, 0x1, 0x1, 0x1, 0x1,
  0x1, 0x2, 0x2, 0x2, 0x2, 0x2, 0x2, 0x2,
  0x2, 0x2, 0x2, 0x2, 0x2, 0x2, 0x2, 0x1,
  0x2, 0x2, 0x2, 0x2, 0x2, 0x2, 0x2, 0x2,
  0x2, 0x2, 0x2, 0x2, 0x1, 0x1, 0x1, 0x1,
  0x1, 0x1, 0x1, 0x1, 0x1, 0x1, 0x1, 0x1,
  0x1, 0x1, 0x1, 0x1, 0x1, 0x1, 0x1, 0x1,
  0x1, 0x1, 0x1, 0x1, 0x1, 0x1, 0x1, 0x1,
  0x1, 0x1, 0x1, 0x1, 0x1, 0x1, 0x1, 0x1,
  0x1, 0x1, 0x1, 0x1, 0x1, 0x1, 0x1, 0x1,
  0x1, 0x1, 0x1, 0x1, 0x1, 0x1, 0x1, 0x1,
  0x1, 0x1, 0x1, 0x1, 0x1, 0x1, 0x1, 0x1,
  0x1, 0x1, 0x1, 0x1, 0x1, 0x1, 0x1, 0x1,
  0x1, 0x1, 0x1, 0x1, 0x1, 0x1, 0x1, 0x1,
  0x1, 0x1, 0x1, 0x1, 0x1, 0x1, 0x1, 0x1,
  0x1, 0x1, 0x1, 0x1, 0x1, 0x1, 0x1, 0x1,
  0x1, 0x1, 0x1, 0x1, 0x1, 0x1, 0x1, 0x1,
  0x1, 0x1, 0x1, 0x1, 0x3, 0x3, 0x3, 0x3,
  0x3, 0x3, 0x2, 0x2, 0x1, 0x1, 0x1, 0x1,
  0x1, 0x1, 0x1, 0x1, 0x1, 0x1, 0x1, 0x1,
  0x1, 0x1, 0x1, 0x1, 0x1, 0x1, 0x1, 0x1,
  0x1, 0x1, 0x1, 0x1, 0x1, 0x1, 0x1, 0x1,
  0x1, 0x1, 0x1, 0x1, 0x1, 0x1, 0x1, 0x1,
  0x1, 0x1, 0x1, 0x1, 0x1, 0x1, 0x1, 0x1,
  0x1, 0x1, 0x1, 0x1, 0x1, 0x1, 0x1, 0x1,
  0x1, 0x1, 0x1, 0x1, 0x1, 0x1, 0x1, 0x1,
  0x1, 0x1, 0x1, 0x1, 0x1, 0x1, 0x1, 0x1,
  0x1, 0x1, 0x1, 0x1, 0x1, 0x1, 0x1, 0x1,
  0x1, 0x1, 0x1, 0x1, 0x1, 0x1, 0x1, 0x1,
  0x1, 0x1, 0x1, 0x1, 0x1, 0x1, 0x1, 0x1,
  0x1, 0x1, 0x1, 0x1, 0x1, 0x1, 0x1, 0x1,
  0x1, 0x1, 0x1, 0x1, 0x1, 0x1, 0x1, 0x1,
  0x1, 0x1, 0x1, 0x1, 0x1, 0x1, 0x1, 0x1,
  0x1, 0x1, 0x1, 0x1, 0x1, 0x1, 0x1, 0x1,
  0x1, 0x1, 0x1, 0x1, 0x1, 0x1, 0x1, 0x1,
  0x1, 0x1, 0x1, 0x1, 0x1, 0x1, 0x1, 0x1,
  0x1, 0x1, 0x1, 0x1, 0x1, 0x1, 0x1, 0x1,
  0x1, 0x1, 0x1, 0x1, 0x1, 0x1, 0x1, 0x1,
  0x1, 0x1, 0x1, 0x1, 0x1, 0x1, 0x1, 0x1,
  0x1, 0x1, 0x1, 0x1, 0x1, 0x1, 0x1, 0x1,
  0x1, 0x1, 0x1, 0x1, 0x1, 0x1, 0x1, 0x1,
  0x1, 0x1, 0x1, 0x1, 0x1, 0x1, 0x1, 0x1,
  0x1, 0x1, 0x1, 0x1, 0x1, 0x1, 0x1, 0x1,
  0x1, 0x1, 0x1, 0x1, 0x1, 0x1, 0x1, 0x1,
  0x1, 0x1, 0x1, 0x1, 0x1, 0x1, 0x1, 0x1,
  0x1, 0x1, 0x2, 0x1, 0x1, 0x1, 0x1, 0x1,
  0x1, 0x1, 0x1, 0x1, 0x1, 0x2, 0x2, 0x3,
  0x3, 0x3, 0x3, 0x3, 0x2, 0x2, 0x3, 0x3,
  0x3, 0x3, 0x1, 0x1, 0x1, 0x1, 0x1, 0x1,
  0x1, 0x1, 0x1, 0x1, 0x1, 0x1, 0x1, 0x1,
  0x1, 0x1, 0x1, 0x1, 0x1, 0x1, 0x1, 0x1,
  0x1, 0x1, 0x1, 0x1, 0x1, 0x1, 0x1, 0x1,
  0x1, 0x1, 0x1, 0x1, 0x1, 0x1, 0x1, 0x1,
  0x1, 0x1, 0x1, 0x1, 0x1, 0x1, 0x1, 0x1,
  0x1, 0x1, 0x1, 0x1, 0x1, 0x1, 0x1, 0x1,
  0x1, 0x1, 0x1, 0x1, 0x1, 0x1, 0x1, 0x1,
  0x1, 0x1, 0x1, 0x1, 0x1, 0x1, 0x1, 0x1,
  0x1, 0x1, 0x1, 0x1, 0x1, 0x1, 0x1, 0x1,
  0x1, 0x1, 0x1, 0x1, 0x1, 0x1, 0x1, 0x1,
  0x1, 0x1, 0x1, 0x1, 0x1, 0x1, 0x1, 0x1,
  0x1, 0x1, 0x1, 0x1, 0x1, 0x1, 0x1, 0x1,
  0x1, 0x1, 0x1, 0x1, 0x1, 0x1, 0x1, 0x1,
  0x1, 0x1, 0x1, 0x1, 0x1, 0x1, 0x1, 0x1,
  0x1, 0x1, 0x1, 0x1, 0x1, 0x1, 0x1, 0x1,
  0x1, 0x1, 0x1, 0x1, 0x1, 0x1, 0x1, 0x1,
  0x1, 0x1, 0x1, 0x1, 0x1, 0x1, 0x1, 0x1,
  0x1, 0x1, 0x1, 0x1, 0x1, 0x1, 0x1, 0x1,
  0x1, 0x1, 0x1, 0x1, 0x1, 0x1, 0x1, 0x1,
  0x1, 0x1, 0x1, 0x1, 0x1, 0x1, 0x1, 0x1,
  0x1, 0x1, 0x1, 0x1, 0x1, 0x1, 0x1, 0x1,
  0x1, 0x1, 0x1, 0x1, 0x1, 0x1, 0x1, 0x1,
  0x1, 0x1, 0x1, 0x1, 0x1, 0x1, 0x1, 0x1,
  0x1, 0x1, 0x1, 0x1, 0x1, 0x1, 0x1, 0x1,
  0x1, 0x1, 0x1, 0x1, 0x1, 0x1, 0x1, 0x1,
  0x1, 0x1, 0x1, 0x1, 0x1, 0x1, 0x1, 0x1,
  0x1, 0x1, 0x1, 0x1, 0x1, 0x1, 0x1, 0x1,
  0x1, 0x1, 0x1, 0x1, 0x1, 0x1, 0x1, 0x1,
  0x1, 0x1, 0x1, 0x1, 0x1, 0x1, 0x1, 0x1,
  0x1, 0x1, 0x1, 0x1, 0x1, 0x1, 0x1, 0x1,
  0x1, 0x1, 0x1, 0x1, 0x1, 0x1, 0x1, 0x1,
  0x1, 0x1, 0x1, 0x1, 0x1, 0x1, 0x1, 0x1,
  0x1, 0x1, 0x1, 0x1, 0x1, 0x1, 0x1, 0x1,
  0x1, 0x1, 0x1, 0x1, 0x1, 0x1, 0x1, 0x1,
  0x1, 0x1, 0x1, 0x1, 0x1, 0x1, 0x1, 0x1,
  0x1, 0x1, 0x1, 0x1, 0x1, 0x1, 0x1, 0x1,
  0x1, 0x1, 0x1, 0x1, 0x1, 0x1, 0x1, 0x1,
  0x1, 0x1, 0x1, 0x1, 0x1, 0x1, 0x1, 0x1,
  0x1, 0x1, 0x1, 0x1, 0x1, 0x1, 0x1, 0x1,
  0x1, 0x1, 0x1, 0x1, 0x1, 0x1, 0x1, 0x1,
  0x1, 0x1, 0x1, 0x1, 0x1, 0x1, 0x1, 0x1,
  0x1, 0x1, 0x1, 0x1, 0x1, 0x1, 0x1, 0x1,
  0x1, 0x1, 0x1, 0x1, 0x1, 0x1, 0x1, 0x1,
  0x1, 0x1, 0x1, 0x1, 0x1, 0x1, 0x1, 0x1,
  0x1, 0x1, 0x1, 0x1, 0x1, 0x1, 0x1, 0x1,
  0x1, 0x1, 0x1, 0x1, 0x1, 0x1, 0x1, 0x1,
  0x1, 0x1, 0x1, 0x1, 0x1, 0x1, 0x1, 0x1,
  0x1, 0x1, 0x1, 0x1, 0x1, 0x1, 0x1, 0x1,
  0x1, 0x1, 0x1, 0x1, 0x1, 0x1, 0x1, 0x1,
  0x1, 0x1, 0x1, 0x1, 0x1, 0x1, 0x1, 0x1,
  0x1, 0x1, 0x1, 0x1, 0x1, 0x1, 0x1, 0x1,
  0x1, 0x1, 0x1, 0x1, 0x1, 0x1, 0x1, 0x1,
  0x1, 0x1, 0x1, 0x1, 0x1, 0x1, 0x1, 0x1,
  0x1, 0x1, 0x1, 0x1, 0x1, 0x1, 0x1, 0x1,
  0x1, 0x1, 0x1, 0x1, 0x1, 0x1, 0x1, 0x1,
  0x1, 0x1, 0x1, 0x1, 0x1, 0x1, 0x1, 0x1,
  0x1, 0x1, 0x1, 0x1, 0x1, 0x1, 0x1, 0x1,
  0x1, 0x1, 0x1, 0x1, 0x1, 0x1, 0x1, 0x1,
  0x1, 0x1, 0x1, 0x1, 0x1, 0x1, 0x1, 0x1,
  0x1, 0x1, 0x1, 0x1, 0x1, 0x1, 0x1, 0x1,
  0x1, 0x1, 0x1, 0x1, 0x1, 0x1, 0x1, 0x1,
  0x1, 0x1, 0x1, 0x1, 0x1, 0x1, 0x1, 0x1,
  0x1, 0x1, 0x1, 0x1, 0x1, 0x1, 0x1, 0x1,
  0x1, 0x1, 0x1, 0x1, 0x1, 0x1, 0x1, 0x1,
  0x1, 0x1, 0x1, 0x1, 0x1, 0x1, 0x1, 0x1,
  0x1, 0x1, 0x1, 0x1, 0x1, 0x1, 0x1, 0x1,
  0x1, 0x1, 0x1, 0x1, 0x1, 0x1, 0x1, 0x1,
  0x1, 0x1, 0x1, 0x1, 0x1, 0x1, 0x1, 0x1,
  0x1, 0x1, 0x1, 0x1, 0x1, 0x1, 0x1, 0x1,
  0x1, 0x1, 0x1, 0x1, 0x1, 0x1, 0x1, 0x1,
  0x1, 0x1, 0x1, 0x1, 0x1, 0x1, 0x1, 0x1,
  0x1, 0x1, 0x1, 0x1, 0x1, 0x1, 0x1, 0x1,
  0x1, 0x1, 0x1, 0x1, 0x1, 0x1, 0x1, 0x1,
  0x1, 0x1, 0x1, 0x1, 0x1, 0x1, 0x1, 0x1,
  0x1, 0x1, 0x1, 0x1, 0x1, 0x1, 0x1, 0x1,
  0x1, 0x1, 0x1, 0x1, 0x1, 0x1, 0x1, 0x1,
  0x1, 0x1, 0x1, 0x1, 0x1, 0x1, 0x1, 0x1,
  0x1, 0x1, 0x1, 0x1, 0x1, 0x1, 0x1, 0x1,
  0x1, 0x1, 0x1, 0x1, 0x1, 0x1, 0x1, 0x1,
  0x1, 0x1, 0x1, 0x1, 0x1, 0x1, 0x1, 0x1,
  0x1, 0x1, 0x1, 0x1, 0x1, 0x1, 0x1, 0x1,
  0x1, 0x1, 0x1, 0x1, 0x1, 0x1, 0x1, 0x1,
  0x1, 0x1, 0x1, 0x1, 0x1, 0x1, 0x1, 0x1,
  0x1, 0x1, 0x1, 0x1, 0x1, 0x1, 0x1, 0x1,
  0x1, 0x1, 0x1, 0x1, 0x1, 0x1, 0x1, 0x1,
  0x1, 0x1, 0x1, 0x1, 0x1, 0x1, 0x1, 0x1,
  0x1, 0x1, 0x1, 0x1, 0x1, 0x1, 0x1, 0x1,
  0x1, 0x1, 0x1, 0x1, 0x1, 0x1, 0x1, 0x1,
  0x1, 0x1, 0x1, 0x1, 0x1, 0x1, 0x1, 0x1,
  0x1, 0x1, 0x1, 0x1, 0x1, 0x1, 0x1, 0x1,
  0x1, 0x1, 0x1, 0x1, 0x1, 0x1, 0x1, 0x1,
  0x1, 0x1, 0x1, 0x1, 0x1, 0x1, 0x1, 0x1,
  0x1, 0x1, 0x1, 0x1, 0x1, 0x1, 0x1, 0x1,
  0x1, 0x1, 0x1, 0x1, 0x1, 0x1, 0x1, 0x1,
  0x1, 0x1, 0x1, 0x1, 0x1, 0x1, 0x1, 0x1,
  0x1, 0x1, 0x1, 0x1, 0x1, 0x1, 0x1, 0x1,
  0x1, 0x1, 0x1, 0x1, 0x1, 0x1, 0x1, 0x1,
  0x1, 0x1, 0x1, 0x1, 0x1, 0x1, 0x1, 0x1,
  0x1, 0x1, 0x1, 0x1, 0x1, 0x1, 0x1, 0x1,
  0x1, 0x1, 0x1, 0x1, 0x1, 0x1, 0x1, 0x1,
  0x1, 0x1, 0x1, 0x1, 0x1, 0x1, 0x1, 0x1,
  0x1, 0x1, 0x1, 0x1, 0x1, 0x1, 0x1, 0x1,
  0x1, 0x1, 0x1, 0x1, 0x1, 0x1, 0x1, 0x1,
  0x1, 0x1, 0x1, 0x1, 0x1, 0x1, 0x1, 0x1,
  0x1, 0x1, 0x1, 0x1, 0x1, 0x1, 0x1, 0x1,
  0x1, 0x1, 0x1, 0x1, 0x1, 0x1, 0x1, 0x1,
  0x1, 0x1, 0x1, 0x1, 0x1, 0x1, 0x1, 0x1,
  0x1, 0x1, 0x1, 0x1, 0x1, 0x1, 0x1, 0x1,
  0x1, 0x1, 0x1, 0x1, 0x1, 0x1, 0x1, 0x1,
  0x1, 0x1, 0x1, 0x1, 0x1, 0x1, 0x1, 0x1,
  0x1, 0x1, 0x1, 0x1, 0x1, 0x1, 0x1, 0x1,
  0x1, 0x1, 0x1, 0x1, 0x1, 0x1, 0x1, 0x1,
  0x1, 0x1, 0x1, 0x1, 0x1, 0x1, 0x1, 0x1,
  0x1, 0x1, 0x1, 0x1, 0x1, 0x1, 0x1, 0x1,
  0x1, 0x1, 0x1, 0x1, 0x1, 0x1, 0x1, 0x1,
  0x1, 0x1, 0x1, 0x1, 0x1, 0x1, 0x1, 0x1,
  0x1, 0x1, 0x1, 0x1, 0x1, 0x1, 0x1, 0x1,
  0x1, 0x1, 0x1, 0x1, 0x1, 0x1, 0x1, 0x1,
  0x1, 0x1, 0x1, 0x1, 0x1, 0x1, 0x1, 0x1,
  0x1, 0x1, 0x1, 0x1, 0x1, 0x1, 0x1, 0x1,
  0x1, 0x1, 0x1, 0x1, 0x1, 0x1, 0x1, 0x1,
  0x1, 0x1, 0x1, 0x1, 0x1, 0x1, 0x1, 0x1,
  0x1, 0x1, 0x1, 0x1, 0x1, 0x1, 0x1, 0x1,
  0x1, 0x1, 0x1, 0x1, 0x1, 0x1, 0x1, 0x1,
  0x1, 0x1, 0x1, 0x1, 0x1, 0x1, 0x1, 0x1,
  0x1, 0x1, 0x1, 0x1, 0x1, 0x1, 0x1, 0x1,
  0x1, 0x1, 0x1, 0x1, 0x1, 0x1, 0x1, 0x1,
  0x1, 0x1, 0x1, 0x1, 0x1, 0x1, 0x1, 0x1,
  0x1, 0x1, 0x1, 0x1, 0x1, 0x1, 0x1, 0x1,
  0x1, 0x1, 0x1, 0x1, 0x1, 0x1, 0x1, 0x1,
  0x1, 0x1, 0x1, 0x1, 0x1, 0x1, 0x1, 0x1,
  0x1, 0x1, 0x1, 0x1, 0x1, 0x1, 0x1, 0x1,
  0x1, 0x1, 0x1, 0x1, 0x1, 0x1, 0x1, 0x1,
  0x1, 0x1, 0x1, 0x1, 0x1, 0x1, 0x1, 0x1,
  0x1, 0x1, 0x1, 0x1, 0x1, 0x1, 0x1, 0x1,
  0x1, 0x1, 0x1, 0x1, 0x1, 0x1, 0x1, 0x1,
  0x1, 0x1, 0x1, 0x1, 0x1, 0x1, 0x1, 0x1,
  0x1, 0x1, 0x1, 0x1, 0x1, 0x1, 0x1, 0x1,
  0x1, 0x1, 0x1, 0x1, 0x1, 0x1, 0x1, 0x1,
  0x1, 0x1, 0x1, 0x1, 0x1, 0x1, 0x1, 0x1,
  0x1, 0x1, 0x1, 0x1, 0x1, 0x1, 0x1, 0x1,
  0x1, 0x1, 0x1, 0x1, 0x1, 0x1, 0x1, 0x1,
  0x1, 0x1, 0x1, 0x1, 0x1, 0x1, 0x1, 0x1,
  0x1, 0x1, 0x1, 0x1, 0x1, 0x1, 0x1, 0x1,
  0x1, 0x1, 0x1, 0x1, 0x1, 0x1, 0x1, 0x1,
  0x1, 0x1, 0x1, 0x1, 0x1, 0x1, 0x1, 0x1,
  0x1, 0x1, 0x1, 0x1, 0x1, 0x1, 0x1, 0x1,
  0x1, 0x1, 0x1, 0x1, 0x1, 0x1, 0x1, 0x1,
  0x1, 0x1, 0x1, 0x1, 0x1, 0x1, 0x1, 0x1,
  0x1, 0x1, 0x1, 0x1, 0x1, 0x1, 0x1, 0x1,
  0x1, 0x1, 0x1, 0x1, 0x1, 0x1, 0x1, 0x1,
  0x1, 0x1, 0x1, 0x1, 0x1, 0x1, 0x1, 0x1,
  0x1, 0x1, 0x1, 0x1, 0x1, 0x1, 0x1, 0x1,
  0x1, 0x1, 0x1, 0x1, 0x1, 0x1, 0x1, 0x1,
  0x1, 0x1, 0x1, 0x1, 0x1, 0x1, 0x1, 0x1,
  0x1, 0x1, 0x1, 0x1, 0x1, 0x1, 0x1, 0x1,
  0x1, 0x1, 0x1, 0x1, 0x1, 0x1, 0x1, 0x1,
  0x1, 0x1, 0x1, 0x1, 0x1, 0x1, 0x1, 0x1,
  0x1, 0x1, 0x1, 0x1, 0x1, 0x1, 0x1, 0x1,
  0x1, 0x1, 0x1, 0x1, 0x1, 0x1, 0x1, 0x1,
  0x1, 0x1, 0x1, 0x1, 0x1, 0x1, 0x1, 0x1,
  0x1, 0x1, 0x1, 0x1, 0x1, 0x1, 0x1, 0x1,
  0x1, 0x1, 0x1, 0x1, 0x1, 0x1, 0x1, 0x1,
  0x1, 0x1, 0x1, 0x1, 0x1, 0x1, 0x1, 0x1,
  0x1, 0x1, 0x1, 0x1, 0x1, 0x1, 0x1, 0x1,
  0x1, 0x1, 0x1, 0x1, 0x1, 0x1, 0x1, 0x1,
  0x1, 0x1, 0x1, 0x1, 0x1, 0x1, 0x1, 0x1,
  0x1, 0x1, 0x1, 0x1, 0x1, 0x1, 0x1, 0x1,
  0x1, 0x1, 0x1, 0x1, 0x1, 0x1, 0x1, 0x1,
  0x1, 0x1, 0x1, 0x1, 0x1, 0x1, 0x1, 0x1,
  0x1, 0x1, 0x1, 0x1, 0x1, 0x1, 0x1, 0x1,
  0x1, 0x1, 0x1, 0x1, 0x1, 0x1, 0x1, 0x1,
  0x1, 0x1, 0x1, 0x1, 0x1, 0x1, 0x1, 0x1,
  0x1, 0x1, 0x1, 0x1, 0x1, 0x1, 0x1, 0x1,
  0x1, 0x1, 0x1, 0x1, 0x1, 0x1, 0x1, 0x1,
  0x1, 0x1, 0x1, 0x1, 0x1, 0x1, 0x1, 0x1,
  0x1, 0x1, 0x1, 0x1, 0x1, 0x1, 0x1, 0x1,
  0x1, 0x1, 0x1, 0x1, 0x1, 0x1, 0x1, 0x1,
  0x1, 0x1, 0x1, 0x1, 0x1, 0x1, 0x1, 0x1,
  0x1, 0x1, 0x1, 0x1, 0x1, 0x1, 0x1, 0x1,
  0x1, 0x1, 0x1, 0x1, 0x1, 0x1, 0x1, 0x1,
  0x1, 0x1, 0x1, 0x1, 0x1, 0x1, 0x1, 0x1,
  0x1, 0x1, 0x1, 0x1, 0x1, 0x1, 0x1, 0x1,
  0x1, 0x1, 0x1, 0x1, 0x1, 0x1, 0x1, 0x1,
  0x1, 0x1, 0x1, 0x1, 0x1, 0x1, 0x1, 0x1,
  0x1, 0x1, 0x1, 0x1, 0x1, 0x1, 0x1, 0x1,
  0x1, 0x1, 0x1, 0x1, 0x1, 0x1, 0x1, 0x1,
  0x1, 0x1, 0x1, 0x1, 0x1, 0x1, 0x1, 0x1,
  0x1, 0x1, 0x1, 0x1, 0x1, 0x1, 0x1, 0x1,
  0x1, 0x1, 0x1, 0x1, 0x1, 0x1, 0x1, 0x1,
  0x1, 0x1, 0x1, 0x1, 0x1, 0x1, 0x1,
};

static const uint32_t tc_unicode_decomposition_pool[] TC_UNICODE_STORAGE = {
  0x20, 0x20, 0x308, 0x61, 0x20, 0x304, 0x32, 0x33,
  0x20, 0x301, 0x3bc, 0x20, 0x327, 0x31, 0x6f, 0x31,
  0x2044, 0x34, 0x31, 0x2044, 0x32, 0x33, 0x2044, 0x34,
  0x41, 0x300, 0x41, 0x301, 0x41, 0x302, 0x41, 0x303,
  0x41, 0x308, 0x41, 0x30a, 0x43, 0x327, 0x45, 0x300,
  0x45, 0x301, 0x45, 0x302, 0x45, 0x308, 0x49, 0x300,
  0x49, 0x301, 0x49, 0x302, 0x49, 0x308, 0x4e, 0x303,
  0x4f, 0x300, 0x4f, 0x301, 0x4f, 0x302, 0x4f, 0x303,
  0x4f, 0x308, 0x55, 0x300, 0x55, 0x301, 0x55, 0x302,
  0x55, 0x308, 0x59, 0x301, 0x61, 0x300, 0x61, 0x301,
  0x61, 0x302, 0x61, 0x303, 0x61, 0x308, 0x61, 0x30a,
  0x63, 0x327, 0x65, 0x300, 0x65, 0x301, 0x65, 0x302,
  0x65, 0x308, 0x69, 0x300, 0x69, 0x301, 0x69, 0x302,
  0x69, 0x308, 0x6e, 0x303, 0x6f, 0x300, 0x6f, 0x301,
  0x6f, 0x302, 0x6f, 0x303, 0x6f, 0x308, 0x75, 0x300,
  0x75, 0x301, 0x75, 0x302, 0x75, 0x308, 0x79, 0x301,
  0x79, 0x308, 0x41, 0x304, 0x61, 0x304, 0x41, 0x306,
  0x61, 0x306, 0x41, 0x328, 0x61, 0x328, 0x43, 0x301,
  0x63, 0x301, 0x43, 0x302, 0x63, 0x302, 0x43, 0x307,
  0x63, 0x307, 0x43, 0x30c, 0x63, 0x30c, 0x44, 0x30c,
  0x64, 0x30c, 0x45, 0x304, 0x65, 0x304, 0x45, 0x306,
  0x65, 0x306, 0x45, 0x307, 0x65, 0x307, 0x45, 0x328,
  0x65, 0x328, 0x45, 0x30c, 0x65, 0x30c, 0x47, 0x302,
  0x67, 0x302, 0x47, 0x306, 0x67, 0x306, 0x47, 0x307,
  0x67, 0x307, 0x47, 0x327, 0x67, 0x327, 0x48, 0x302,
  0x68, 0x302, 0x49, 0x303, 0x69, 0x303, 0x49, 0x304,
  0x69, 0x304, 0x49, 0x306, 0x69, 0x306, 0x49, 0x328,
  0x69, 0x328, 0x49, 0x307, 0x49, 0x4a, 0x69, 0x6a,
  0x4a, 0x302, 0x6a, 0x302, 0x4b, 0x327, 0x6b, 0x327,
  0x4c, 0x301, 0x6c, 0x301, 0x4c, 0x327, 0x6c, 0x327,
  0x4c, 0x30c, 0x6c, 0x30c, 0x4c, 0xb7, 0x6c, 0xb7,
  0x4e, 0x301, 0x6e, 0x301, 0x4e, 0x327, 0x6e, 0x327,
  0x4e, 0x30c, 0x6e, 0x30c, 0x2bc, 0x6e, 0x4f, 0x304,
  0x6f, 0x304, 0x4f, 0x306, 0x6f, 0x306, 0x4f, 0x30b,
  0x6f, 0x30b, 0x52, 0x301, 0x72, 0x301, 0x52, 0x327,
  0x72, 0x327, 0x52, 0x30c, 0x72, 0x30c, 0x53, 0x301,
  0x73, 0x301, 0x53, 0x302, 0x73, 0x302, 0x53, 0x327,
  0x73, 0x327, 0x53, 0x30c, 0x73, 0x30c, 0x54, 0x327,
  0x74, 0x327, 0x54, 0x30c, 0x74, 0x30c, 0x55, 0x303,
  0x75, 0x303, 0x55, 0x304, 0x75, 0x304, 0x55, 0x306,
  0x75, 0x306, 0x55, 0x30a, 0x75, 0x30a, 0x55, 0x30b,
  0x75, 0x30b, 0x55, 0x328, 0x75, 0x328, 0x57, 0x302,
  0x77, 0x302, 0x59, 0x302, 0x79, 0x302, 0x59, 0x308,
  0x5a, 0x301, 0x7a, 0x301, 0x5a, 0x307, 0x7a, 0x307,
  0x5a, 0x30c, 0x7a, 0x30c, 0x73, 0x4f, 0x31b, 0x6f,
  0x31b, 0x55, 0x31b, 0x75, 0x31b, 0x44, 0x5a, 0x30c,
  0x44, 0x7a, 0x30c, 0x64, 0x7a, 0x30c, 0x4c, 0x4a,
  0x4c, 0x6a, 0x6c, 0x6a, 0x4e, 0x4a, 0x4e, 0x6a,
  0x6e, 0x6a, 0x41, 0x30c, 0x61, 0x30c, 0x49, 0x30c,
  0x69, 0x30c, 0x4f, 0x30c, 0x6f, 0x30c, 0x55, 0x30c,
  0x75, 0x30c, 0x55, 0x308, 0x304, 0x75, 0x308, 0x304,
  0x55, 0x308, 0x301, 0x75, 0x308, 0x301, 0x55, 0x308,
  0x30c, 0x75, 0x308, 0x30c, 0x55, 0x308, 0x300, 0x75,
  0x308, 0x300, 0x41, 0x308, 0x304, 0x61, 0x308, 0x304,
  0x41, 0x307, 0x304, 0x61, 0x307, 0x304, 0xc6, 0x304,
  0xe6, 0x304, 0x47, 0x30c, 0x67, 0x30c, 0x4b, 0x30c,
  0x6b, 0x30c, 0x4f, 0x328, 0x6f, 0x328, 0x4f, 0x328,
  0x304, 0x6f, 0x328, 0x304, 0x1b7, 0x30c, 0x292, 0x30c,
  0x6a, 0x30c, 0x44, 0x5a, 0x44, 0x7a, 0x64, 0x7a,
  0x47, 0x301, 0x67, 0x301, 0x4e, 0x300, 0x6e, 0x300,
  0x41, 0x30a, 0x301, 0x61, 0x30a, 0x301, 0xc6, 0x301,
  0xe6, 0x301, 0xd8, 0x301, 0xf8, 0x301, 0x41, 0x30f,
  0x61, 0x30f, 0x41, 0x311, 0x61, 0x311, 0x45, 0x30f,
  0x65, 0x30f, 0x45, 0x311, 0x65, 0x311, 0x49, 0x30f,
  0x69, 0x30f, 0x49, 0x311, 0x69, 0x311, 0x4f, 0x30f,
  0x6f, 0x30f, 0x4f, 0x311, 0x6f, 0x311, 0x52, 0x30f,
  0x72, 0x30f, 0x52, 0x311, 0x72, 0x311, 0x55, 0x30f,
  0x75, 0x30f, 0x55, 0x311, 0x75, 0x311, 0x53, 0x326,
  0x73, 0x326, 0x54, 0x326, 0x74, 0x326, 0x48, 0x30c,
  0x68, 0x30c, 0x41, 0x307, 0x61, 0x307, 0x45, 0x327,
  0x65, 0x327, 0x4f, 0x308, 0x304, 0x6f, 0x308, 0x304,
  0x4f, 0x303, 0x304, 0x6f, 0x303, 0x304, 0x4f, 0x307,
  0x6f, 0x307, 0x4f, 0x307, 0x304, 0x6f, 0x307, 0x304,
  0x59, 0x304, 0x79, 0x304, 0x68, 0x266, 0x6a, 0x72,
  0x279, 0x27b, 0x281, 0x77, 0x79, 0x20, 0x306, 0x20,
  0x307, 0x20, 0x30a, 0x20, 0x328, 0x20, 0x303, 0x20,
  0x30b, 0x263, 0x6c, 0x78, 0x295, 0x300, 0x301, 0x313,
  0x308, 0x301, 0x2b9, 0x20, 0x345, 0x3b, 0x20, 0x308,
  0x301, 0x391, 0x301, 0xb7, 0x395, 0x301, 0x397, 0x301,
  0x399, 0x301, 0x39f, 0x301, 0x3a5, 0x301, 0x3a9, 0x301,
  0x3b9, 0x308, 0x301, 0x399, 0x308, 0x3a5, 0x308, 0x3b1,
  0x301, 0x3b5, 0x301, 0x3b7, 0x301, 0x3b9, 0x301, 0x3c5,
  0x308, 0x301, 0x3b9, 0x308, 0x3c5, 0x308, 0x3bf, 0x301,
  0x3c5, 0x301, 0x3c9, 0x301, 0x3b2, 0x3b8, 0x3a5, 0x3c6,
  0x3c0, 0x3ba, 0x3c1, 0x3c2, 0x398, 0x3b5, 0x415, 0x300,
  0x415, 0x308, 0x413, 0x301, 0x406, 0x308, 0x41a, 0x301,
  0x418, 0x300, 0x423, 0x306, 0x418, 0x306, 0x438, 0x306,
  0x435, 0x300, 0x435, 0x308, 0x433, 0x301, 0x456, 0x308,
  0x43a, 0x301, 0x438, 0x300, 0x443, 0x306, 0x474, 0x30f,
  0x475, 0x30f, 0x416, 0x306, 0x436, 0x306, 0x410, 0x306,
  0x430, 0x306, 0x410, 0x308, 0x430, 0x308, 0x415, 0x306,
  0x435, 0x306, 0x4d8, 0x308, 0x4d9, 0x308, 0x416, 0x308,
  0x436, 0x308, 0x417, 0x308, 0x437, 0x308, 0x418, 0x304,
  0x438, 0x304, 0x418, 0x308, 0x438, 0x308, 0x41e, 0x308,
  0x43e, 0x308, 0x4e8, 0x308, 0x4e9, 0x308, 0x42d, 0x308,
  0x44d, 0x308, 0x423, 0x304, 0x443, 0x304, 0x423, 0x308,
  0x443, 0x308, 0x423, 0x30b, 0x443, 0x30b, 0x427, 0x308,
  0x447, 0x308, 0x42b, 0x308, 0x44b, 0x308, 0x565, 0x582,
  0x627, 0x653, 0x627, 0x654, 0x648, 0x654, 0x627, 0x655,
  0x64a, 0x654, 0x627, 0x674, 0x648, 0x674, 0x6c7, 0x674,
  0x64a, 0x674, 0x6d5, 0x654, 0x6c1, 0x654, 0x6d2, 0x654,
  0x928, 0x93c, 0x930, 0x93c, 0x933, 0x93c, 0x915, 0x93c,
  0x916, 0x93c, 0x917, 0x93c, 0x91c, 0x93c, 0x921, 0x93c,
  0x922, 0x93c, 0x92b, 0x93c, 0x92f, 0x93c, 0x9c7, 0x9be,
  0x9c7, 0x9d7, 0x9a1, 0x9bc, 0x9a2, 0x9bc, 0x9af, 0x9bc,
  0xa32, 0xa3c, 0xa38, 0xa3c, 0xa16, 0xa3c, 0xa17, 0xa3c,
  0xa1c, 0xa3c, 0xa2b, 0xa3c, 0xb47, 0xb56, 0xb47, 0xb3e,
  0xb47, 0xb57, 0xb21, 0xb3c, 0xb22, 0xb3c, 0xb92, 0xbd7,
  0xbc6, 0xbbe, 0xbc7, 0xbbe, 0xbc6, 0xbd7, 0xc46, 0xc56,
  0xcbf, 0xcd5, 0xcc6, 0xcd5, 0xcc6, 0xcd6, 0xcc6, 0xcc2,
  0xcc6, 0xcc2, 0xcd5, 0xd46, 0xd3e, 0xd47, 0xd3e, 0xd46,
  0xd57, 0xdd9, 0xdca, 0xdd9, 0xdcf, 0xdd9, 0xdcf, 0xdca,
  0xdd9, 0xddf, 0xe4d, 0xe32, 0xecd, 0xeb2, 0xeab, 0xe99,
  0xeab, 0xea1, 0xf0b, 0xf42, 0xfb7, 0xf4c, 0xfb7, 0xf51,
  0xfb7, 0xf56, 0xfb7, 0xf5b, 0xfb7, 0xf40, 0xfb5, 0xf71,
  0xf72, 0xf71, 0xf74, 0xfb2, 0xf80, 0xfb2, 0xf71, 0xf80,
  0xfb3, 0xf80, 0xfb3, 0xf71, 0xf80, 0xf71, 0xf80, 0xf92,
  0xfb7, 0xf9c, 0xfb7, 0xfa1, 0xfb7, 0xfa6, 0xfb7, 0xfab,
  0xfb7, 0xf90, 0xfb5, 0x1025, 0x102e, 0x41, 0x325, 0x61,
  0x325, 0x42, 0x307, 0x62, 0x307, 0x42, 0x323, 0x62,
  0x323, 0x42, 0x331, 0x62, 0x331, 0x43, 0x327, 0x301,
  0x63, 0x327, 0x301, 0x44, 0x307, 0x64, 0x307, 0x44,
  0x323, 0x64, 0x323, 0x44, 0x331, 0x64, 0x331, 0x44,
  0x327, 0x64, 0x327, 0x44, 0x32d, 0x64, 0x32d, 0x45,
  0x304, 0x300, 0x65, 0x304, 0x300, 0x45, 0x304, 0x301,
  0x65, 0x304, 0x301, 0x45, 0x32d, 0x65, 0x32d, 0x45,
  0x330, 0x65, 0x330, 0x45, 0x327, 0x306, 0x65, 0x327,
  0x306, 0x46, 0x307, 0x66, 0x307, 0x47, 0x304, 0x67,
  0x304, 0x48, 0x307, 0x68, 0x307, 0x48, 0x323, 0x68,
  0x323, 0x48, 0x308, 0x68, 0x308, 0x48, 0x327, 0x68,
  0x327, 0x48, 0x32e, 0x68, 0x32e, 0x49, 0x330, 0x69,
  0x330, 0x49, 0x308, 0x301, 0x69, 0x308, 0x301, 0x4b,
  0x301, 0x6b, 0x301, 0x4b, 0x323, 0x6b, 0x323, 0x4b,
  0x331, 0x6b, 0x331, 0x4c, 0x323, 0x6c, 0x323, 0x4c,
  0x323, 0x304, 0x6c, 0x323, 0x304, 0x4c, 0x331, 0x6c,
  0x331, 0x4c, 0x32d, 0x6c, 0x32d, 0x4d, 0x301, 0x6d,
  0x301, 0x4d, 0x307, 0x6d, 0x307, 0x4d, 0x323, 0x6d,
  0x323, 0x4e, 0x307, 0x6e, 0x307, 0x4e, 0x323, 0x6e,
  0x323, 0x4e, 0x331, 0x6e, 0x331, 0x4e, 0x32d, 0x6e,
  0x32d, 0x4f, 0x303, 0x301, 0x6f, 0x303, 0x301, 0x4f,
  0x303, 0x308, 0x6f, 0x303, 0x308, 0x4f, 0x304, 0x300,
  0x6f, 0x304, 0x300, 0x4f, 0x304, 0x301, 0x6f, 0x304,
  0x301, 0x50, 0x301, 0x70, 0x301, 0x50, 0x307, 0x70,
  0x307, 0x52, 0x307, 0x72, 0x307, 0x52, 0x323, 0x72,
  0x323, 0x52, 0x323, 0x304, 0x72, 0x323, 0x304, 0x52,
  0x331, 0x72, 0x331, 0x53, 0x307, 0x73, 0x307, 0x53,
  0x323, 0x73, 0x323, 0x53, 0x301, 0x307, 0x73, 0x301,
  0x307, 0x53, 0x30c, 0x307, 0x73, 0x30c, 0x307, 0x53,
  0x323, 0x307, 0x73, 0x323, 0x307, 0x54, 0x307, 0x74,
  0x307, 0x54, 0x323, 0x74, 0x323, 0x54, 0x331, 0x74,
  0x331, 0x54, 0x32d, 0x74, 0x32d, 0x55, 0x324, 0x75,
  0x324, 0x55, 0x330, 0x75, 0x330, 0x55, 0x32d, 0x75,
  0x32d, 0x55, 0x303, 0x301, 0x75, 0x303, 0x301, 0x55,
  0x304, 0x308, 0x75, 0x304, 0x308, 0x56, 0x303, 0x76,
  0x303, 0x56, 0x323, 0x76, 0x323, 0x57, 0x300, 0x77,
  0x300, 0x57, 0x301, 0x77, 0x301, 0x57, 0x308, 0x77,
  0x308, 0x57, 0x307, 0x77, 0x307, 0x57, 0x323, 0x77,
  0x323, 0x58, 0x307, 0x78, 0x307, 0x58, 0x308, 0x78,
  0x308, 0x59, 0x307, 0x79, 0x307, 0x5a, 0x302, 0x7a,
  0x302, 0x5a, 0x323, 0x7a, 0x323, 0x5a, 0x331, 0x7a,
  0x331, 0x68, 0x331, 0x74, 0x308, 0x77, 0x30a, 0x79,
  0x30a, 0x61, 0x2be, 0x41, 0x323, 0x61, 0x323, 0x41,
  0x309, 0x61, 0x309, 0x41, 0x302, 0x301, 0x61, 0x302,
  0x301, 0x41, 0x302, 0x300, 0x61, 0x302, 0x300, 0x41,
  0x302, 0x309, 0x61, 0x302, 0x309, 0x41, 0x302, 0x303,
  0x61, 0x302, 0x303, 0x41, 0x323, 0x302, 0x61, 0x323,
  0x302, 0x41, 0x306, 0x301, 0x61, 0x306, 0x301, 0x41,
  0x306, 0x300, 0x61, 0x306, 0x300, 0x41, 0x306, 0x309,
  0x61, 0x306, 0x309, 0x41, 0x306, 0x303, 0x61, 0x306,
  0x303, 0x41, 0x323, 0x306, 0x61, 0x323, 0x306, 0x45,
  0x323, 0x65, 0x323, 0x45, 0x309, 0x65, 0x309, 0x45,
  0x303, 0x65, 0x303, 0x45, 0x302, 0x301, 0x65, 0x302,
  0x301, 0x45, 0x302, 0x300, 0x65, 0x302, 0x300, 0x45,
  0x302, 0x309, 0x65, 0x302, 0x309, 0x45, 0x302, 0x303,
  0x65, 0x302, 0x303, 0x45, 0x323, 0x302, 0x65, 0x323,
  0x302, 0x49, 0x309, 0x69, 0x309, 0x49, 0x323, 0x69,
  0x323, 0x4f, 0x323, 0x6f, 0x323, 0x4f, 0x309, 0x6f,
  0x309, 0x4f, 0x302, 0x301, 0x6f, 0x302, 0x301, 0x4f,
  0x302, 0x300, 0x6f, 0x302, 0x300, 0x4f, 0x302, 0x309,
  0x6f, 0x302, 0x309, 0x4f, 0x302, 0x303, 0x6f, 0x302,
  0x303, 0x4f, 0x323, 0x302, 0x6f, 0x323, 0x302, 0x4f,
  0x31b, 0x301, 0x6f, 0x31b, 0x301, 0x4f, 0x31b, 0x300,
  0x6f, 0x31b, 0x300, 0x4f, 0x31b, 0x309, 0x6f, 0x31b,
  0x309, 0x4f, 0x31b, 0x303, 0x6f, 0x31b, 0x303, 0x4f,
  0x31b, 0x323, 0x6f, 0x31b, 0x323, 0x55, 0x323, 0x75,
  0x323, 0x55, 0x309, 0x75, 0x309, 0x55, 0x31b, 0x301,
  0x75, 0x31b, 0x301, 0x55, 0x31b, 0x300, 0x75, 0x31b,
  0x300, 0x55, 0x31b, 0x309, 0x75, 0x31b, 0x309, 0x55,
  0x31b, 0x303, 0x75, 0x31b, 0x303, 0x55, 0x31b, 0x323,
  0x75, 0x31b, 0x323, 0x59, 0x300, 0x79, 0x300, 0x59,
  0x323, 0x79, 0x323, 0x59, 0x309, 0x79, 0x309, 0x59,
  0x303, 0x79, 0x303, 0x3b1, 0x313, 0x3b1, 0x314, 0x3b1,
  0x313, 0x300, 0x3b1, 0x314, 0x300, 0x3b1, 0x313, 0x301,
  0x3b1, 0x314, 0x301, 0x3b1, 0x313, 0x342, 0x3b1, 0x314,
  0x342, 0x391, 0x313, 0x391, 0x314, 0x391, 0x313, 0x300,
  0x391, 0x314, 0x300, 0x391, 0x313, 0x301, 0x391, 0x314,
  0x301, 0x391, 0x313, 0x342, 0x391, 0x314, 0x342, 0x3b5,
  0x313, 0x3b5, 0x314, 0x3b5, 0x313, 0x300, 0x3b5, 0x314,
  0x300, 0x3b5, 0x313, 0x301, 0x3b5, 0x314, 0x301, 0x395,
  0x313, 0x395, 0x314, 0x395, 0x313, 0x300, 0x395, 0x314,
  0x300, 0x395, 0x313, 0x301, 0x395, 0x314, 0x301, 0x3b7,
  0x313, 0x3b7, 0x314, 0x3b7, 0x313, 0x300, 0x3b7, 0x314,
  0x300, 0x3b7, 0x313, 0x301, 0x3b7, 0x314, 0x301, 0x3b7,
  0x313, 0x342, 0x3b7, 0x314, 0x342, 0x397, 0x313, 0x397,
  0x314, 0x397, 0x313, 0x300, 0x397, 0x314, 0x300, 0x397,
  0x313, 0x301, 0x397, 0x314, 0x301, 0x397, 0x313, 0x342,
  0x397, 0x314, 0x342, 0x3b9, 0x313, 0x3b9, 0x314, 0x3b9,
  0x313, 0x300, 0x3b9, 0x314, 0x300, 0x3b9, 0x313, 0x301,
  0x3b9, 0x314, 0x301, 0x3b9, 0x313, 0x342, 0x3b9, 0x314,
  0x342, 0x399, 0x313, 0x399, 0x314, 0x399, 0x313, 0x300,
  0x399, 0x314, 0x300, 0x399, 0x313, 0x301, 0x399, 0x314,
  0x301, 0x399, 0x313, 0x342, 0x399, 0x314, 0x342, 0x3bf,
  0x313, 0x3bf, 0x314, 0x3bf, 0x313, 0x300, 0x3bf, 0x314,
  0x300, 0x3bf, 0x313, 0x301, 0x3bf, 0x314, 0x301, 0x39f,
  0x313, 0x39f, 0x314, 0x39f, 0x313, 0x300, 0x39f, 0x314,
  0x300, 0x39f, 0x313, 0x301, 0x39f, 0x314, 0x301, 0x3c5,
  0x313, 0x3c5, 0x314, 0x3c5, 0x313, 0x300, 0x3c5, 0x314,
  0x300, 0x3c5, 0x313, 0x301, 0x3c5, 0x314, 0x301, 0x3c5,
  0x313, 0x342, 0x3c5, 0x314, 0x342, 0x3a5, 0x314, 0x3a5,
  0x314, 0x300, 0x3a5, 0x314, 0x301, 0x3a5, 0x314, 0x342,
  0x3c9, 0x313, 0x3c9, 0x314, 0x3c9, 0x313, 0x300, 0x3c9,
  0x314, 0x300, 0x3c9, 0x313, 0x301, 0x3c9, 0x314, 0x301,
  0x3c9, 0x313, 0x342, 0x3c9, 0x314, 0x342, 0x3a9, 0x313,
  0x3a9, 0x314, 0x3a9, 0x313, 0x300, 0x3a9, 0x314, 0x300,
  0x3a9, 0x313, 0x301, 0x3a9, 0x314, 0x301, 0x3a9, 0x313,
  0x342, 0x3a9, 0x314, 0x342, 0x3b1, 0x300, 0x3b5, 0x300,
  0x3b7, 0x300, 0x3b9, 0x300, 0x3bf, 0x300, 0x3c5, 0x300,
  0x3c9, 0x300, 0x3b1, 0x313, 0x345, 0x3b1, 0x314, 0x345,
  0x3b1, 0x313, 0x300, 0x345, 0x3b1, 0x314, 0x300, 0x345,
  0x3b1, 0x313, 0x301, 0x345, 0x3b1, 0x314, 0x301, 0x345,
  0x3b1, 0x313, 0x342, 0x345, 0x3b1, 0x314, 0x342, 0x345,
  0x391, 0x313, 0x345, 0x391, 0x314, 0x345, 0x391, 0x313,
  0x300, 0x345, 0x391, 0x314, 0x300, 0x345, 0x391, 0x313,
  0x301, 0x345, 0x391, 0x314, 0x301, 0x345, 0x391, 0x313,
  0x342, 0x345, 0x391, 0x314, 0x342, 0x345, 0x3b7, 0x313,
  0x345, 0x3b7, 0x314, 0x345, 0x3b7, 0x313, 0x300, 0x345,
  0x3b7, 0x314, 0x300, 0x345, 0x3b7, 0x313, 0x301, 0x345,
  0x3b7, 0x314, 0x301, 0x345, 0x3b7, 0x313, 0x342, 0x345,
  0x3b7, 0x314, 0x342, 0x345, 0x397, 0x313, 0x345, 0x397,
  0x314, 0x345, 0x397, 0x313, 0x300, 0x345, 0x397, 0x314,
  0x300, 0x345, 0x397, 0x313, 0x301, 0x345, 0x397, 0x314,
  0x301, 0x345, 0x397, 0x313, 0x342, 0x345, 0x397, 0x314,
  0x342, 0x345, 0x3c9, 0x313, 0x345, 0x3c9, 0x314, 0x345,
  0x3c9, 0x313, 0x300, 0x345, 0x3c9, 0x314, 0x300, 0x345,
  0x3c9, 0x313, 0x301, 0x345, 0x3c9, 0x314, 0x301, 0x345,
  0x3c9, 0x313, 0x342, 0x345, 0x3c9, 0x314, 0x342, 0x345,
  0x3a9, 0x313, 0x345, 0x3a9, 0x314, 0x345, 0x3a9, 0x313,
  0x300, 0x345, 0x3a9, 0x314, 0x300, 0x345, 0x3a9, 0x313,
  0x301, 0x345, 0x3a9, 0x314, 0x301, 0x345, 0x3a9, 0x313,
  0x342, 0x345, 0x3a9, 0x314, 0x342, 0x345, 0x3b1, 0x306,
  0x3b1, 0x304, 0x3b1, 0x300, 0x345, 0x3b1, 0x345, 0x3b1,
  0x301, 0x345, 0x3b1, 0x342, 0x3b1, 0x342, 0x345, 0x391,
  0x306, 0x391, 0x304, 0x391, 0x300, 0x391, 0x345, 0x20,
  0x313, 0x3b9, 0x20, 0x342, 0x20, 0x308, 0x342, 0x3b7,
  0x300, 0x345, 0x3b7, 0x345, 0x3b7, 0x301, 0x345, 0x3b7,
  0x342, 0x3b7, 0x342, 0x345, 0x395, 0x300, 0x397, 0x300,
  0x397, 0x345, 0x20, 0x313, 0x300, 0x20, 0x313, 0x301,
  0x20, 0x313, 0x342, 0x3b9, 0x306, 0x3b9, 0x304, 0x3b9,
  0x308, 0x300, 0x3b9, 0x342, 0x3b9, 0x308, 0x342, 0x399,
  0x306, 0x399, 0x304, 0x399, 0x300, 0x20, 0x314, 0x300,
  0x20, 0x314, 0x301, 0x20, 0x314, 0x342, 0x3c5, 0x306,
  0x3c5, 0x304, 0x3c5, 0x308, 0x300, 0x3c1, 0x313, 0x3c1,
  0x314, 0x3c5, 0x342, 0x3c5, 0x308, 0x342, 0x3a5, 0x306,
  0x3a5, 0x304, 0x3a5, 0x300, 0x3a1, 0x314, 0x20, 0x308,
  0x300, 0x60, 0x3c9, 0x300, 0x345, 0x3c9, 0x345, 0x3c9,
  0x301, 0x345, 0x3c9, 0x342, 0x3c9, 0x342, 0x345, 0x39f,
  0x300, 0x3a9, 0x300, 0x3a9, 0x345, 0x20, 0x314, 0x2010,
  0x20, 0x333, 0x2e, 0x2e, 0x2e, 0x2e, 0x2e, 0x2e,
  0x2032, 0x2032, 0x2032, 0x2032, 0x2032, 0x2035, 0x2035, 0x2035,
  0x2035, 0x2035, 0x21, 0x21, 0x20, 0x305, 0x3f, 0x3f,
  0x3f, 0x21, 0x21, 0x3f, 0x2032, 0x2032, 0x2032, 0x2032,
  0x30, 0x69, 0x34, 0x35, 0x36, 0x37, 0x38, 0x39,
  0x2b, 0x2212, 0x3d, 0x28, 0x29, 0x6e, 0x52, 0x73,
  0x61, 0x2f, 0x63, 0x61, 0x2f, 0x73, 0x43, 0xb0,
  0x43, 0x63, 0x2f, 0x6f, 0x63, 0x2f, 0x75, 0x190,
  0xb0, 0x46, 0x67, 0x48, 0x127, 0x49, 0x4c, 0x4e,
  0x4e, 0x6f, 0x50, 0x51, 0x52, 0x53, 0x4d, 0x54,
  0x45, 0x4c, 0x54, 0x4d, 0x5a, 0x3a9, 0x4b, 0x42,
  0x65, 0x45, 0x46, 0x4d, 0x5d0, 0x5d1, 0x5d2, 0x5d3,
  0x3b3, 0x393, 0x3a0, 0x2211, 0x44, 0x64, 0x31, 0x2044,
  0x33, 0x32, 0x2044, 0x33, 0x31, 0x2044, 0x35, 0x32,
  0x2044, 0x35, 0x33, 0x2044, 0x35, 0x34, 0x2044, 0x35,
  0x31, 0x2044, 0x36, 0x35, 0x2044, 0x36, 0x31, 0x2044,
  0x38, 0x33, 0x2044, 0x38, 0x35, 0x2044, 0x38, 0x37,
  0x2044, 0x38, 0x31, 0x2044, 0x49, 0x49, 0x49, 0x49,
  0x49, 0x49, 0x56, 0x56, 0x56, 0x49, 0x56, 0x49,
  0x49, 0x56, 0x49, 0x49, 0x49, 0x49, 0x58, 0x58,
  0x58, 0x49, 0x58, 0x49, 0x49, 0x69, 0x69, 0x69,
  0x69, 0x69, 0x69, 0x76, 0x76, 0x76, 0x69, 0x76,
  0x69, 0x69, 0x76, 0x69, 0x69, 0x69, 0x69, 0x78,
  0x78, 0x69, 0x78, 0x69, 0x69, 0x63, 0x6d, 0x2190,
  0x338, 0x2192, 0x338, 0x2194, 0x338, 0x21d0, 0x338, 0x21d4,
  0x338, 0x21d2, 0x338, 0x2203, 0x338, 0x2208, 0x338, 0x220b,
  0x338, 0x2223, 0x338, 0x2225, 0x338, 0x222b, 0x222b, 0x222b,
  0x222b, 0x222b, 0x222e, 0x222e, 0x222e, 0x222e, 0x222e, 0x223c,
  0x338, 0x2243, 0x338, 0x2245, 0x338, 0x2248, 0x338, 0x3d,
  0x338, 0x2261, 0x338, 0x224d, 0x338, 0x3c, 0x338, 0x3e,
  0x338, 0x2264, 0x338, 0x2265, 0x338, 0x2272, 0x338, 0x2273,
  0x338, 0x2276, 0x338, 0x2277, 0x338, 0x227a, 0x338, 0x227b,
  0x338, 0x2282, 0x338, 0x2283, 0x338, 0x2286, 0x338, 0x2287,
  0x338, 0x22a2, 0x338, 0x22a8, 0x338, 0x22a9, 0x338, 0x22ab,
  0x338, 0x227c, 0x338, 0x227d, 0x338, 0x2291, 0x338, 0x2292,
  0x338, 0x22b2, 0x338, 0x22b3, 0x338, 0x22b4, 0x338, 0x22b5,
  0x338, 0x3008, 0x3009, 0x31, 0x30, 0x31, 0x31, 0x31,
  0x32, 0x31, 0x33, 0x31, 0x34, 0x31, 0x35, 0x31,
  0x36, 0x31, 0x37, 0x31, 0x38, 0x31, 0x39, 0x32,
  0x30, 0x28, 0x31, 0x29, 0x28, 0x32, 0x29, 0x28,
  0x33, 0x29, 0x28, 0x34, 0x29, 0x28, 0x35, 0x29,
  0x28, 0x36, 0x29, 0x28, 0x37, 0x29, 0x28, 0x38,
  0x29, 0x28, 0x39, 0x29, 0x28, 0x31, 0x30, 0x29,
  0x28, 0x31, 0x31, 0x29, 0x28, 0x31, 0x32, 0x29,
  0x28, 0x31, 0x33, 0x29, 0x28, 0x31, 0x34, 0x29,
  0x28, 0x31, 0x35, 0x29, 0x28, 0x31, 0x36, 0x29,
  0x28, 0x31, 0x37, 0x29, 0x28, 0x31, 0x38, 0x29,
  0x28, 0x31, 0x39, 0x29, 0x28, 0x32, 0x30, 0x29,
  0x31, 0x2e, 0x32, 0x2e, 0x33, 0x2e, 0x34, 0x2e,
  0x35, 0x2e, 0x36, 0x2e, 0x37, 0x2e, 0x38, 0x2e,
  0x39, 0x2e, 0x31, 0x30, 0x2e, 0x31, 0x31, 0x2e,
  0x31, 0x32, 0x2e, 0x31, 0x33, 0x2e, 0x31, 0x34,
  0x2e, 0x31, 0x35, 0x2e, 0x31, 0x36, 0x2e, 0x31,
  0x37, 0x2e, 0x31, 0x38, 0x2e, 0x31, 0x39, 0x2e,
  0x32, 0x30, 0x2e, 0x28, 0x61, 0x29, 0x28, 0x62,
  0x29, 0x28, 0x63, 0x29, 0x28, 0x64, 0x29, 0x28,
  0x65, 0x29, 0x28, 0x66, 0x29, 0x28, 0x67, 0x29,
  0x28, 0x68, 0x29, 0x28, 0x69, 0x29, 0x28, 0x6a,
  0x29, 0x28, 0x6b, 0x29, 0x28, 0x6c, 0x29, 0x28,
  0x6d, 0x29, 0x28, 0x6e, 0x29, 0x28, 0x6f, 0x29,
  0x28, 0x70, 0x29, 0x28, 0x71, 0x29, 0x28, 0x72,
  0x29, 0x28, 0x73, 0x29, 0x28, 0x74, 0x29, 0x28,
  0x75, 0x29, 0x28, 0x76, 0x29, 0x28, 0x77, 0x29,
  0x28, 0x78, 0x29, 0x28, 0x79, 0x29, 0x28, 0x7a,
  0x29, 0x41, 0x47, 0x4a, 0x4f, 0x53, 0x54, 0x55,
  0x57, 0x59, 0x62, 0x66, 0x6b, 0x70, 0x71, 0x74,
  0x75, 0x7a, 0x222b, 0x222b, 0x222b, 0x222b, 0x3a, 0x3a,
  0x3d, 0x3d, 0x3d, 0x3d, 0x3d, 0x3d, 0x2add, 0x338,
  0x6bcd, 0x9f9f, 0x4e00, 0x4e28, 0x4e36, 0x4e3f, 0x4e59, 0x4e85,
  0x4e8c, 0x4ea0, 0x4eba, 0x513f, 0x5165, 0x516b, 0x5182, 0x5196,
  0x51ab, 0x51e0, 0x51f5, 0x5200, 0x529b, 0x52f9, 0x5315, 0x531a,
  0x5338, 0x5341, 0x535c, 0x5369, 0x5382, 0x53b6, 0x53c8, 0x53e3,
  0x56d7, 0x571f, 0x58eb, 0x5902, 0x590a, 0x5915, 0x5927, 0x5973,
  0x5b50, 0x5b80, 0x5bf8, 0x5c0f, 0x5c22, 0x5c38, 0x5c6e, 0x5c71,
  0x5ddb, 0x5de5, 0x5df1, 0x5dfe, 0x5e72, 0x5e7a, 0x5e7f, 0x5ef4,
  0x5efe, 0x5f0b, 0x5f13, 0x5f50, 0x5f61, 0x5f73, 0x5fc3, 0x6208,
  0x6236, 0x624b, 0x652f, 0x6534, 0x6587, 0x6597, 0x65a4, 0x65b9,
  0x65e0, 0x65e5, 0x66f0, 0x6708, 0x6728, 0x6b20, 0x6b62, 0x6b79,
  0x6bb3, 0x6bcb, 0x6bd4, 0x6bdb, 0x6c0f, 0x6c14, 0x6c34, 0x706b,
  0x722a, 0x7236, 0x723b, 0x723f, 0x7247, 0x7259, 0x725b, 0x72ac,
  0x7384, 0x7389, 0x74dc, 0x74e6, 0x7518, 0x751f, 0x7528, 0x7530,
  0x758b, 0x7592, 0x7676, 0x767d, 0x76ae, 0x76bf, 0x76ee, 0x77db,
  0x77e2, 0x77f3, 0x793a, 0x79b8, 0x79be, 0x7a74, 0x7acb, 0x7af9,
  0x7c73, 0x7cf8, 0x7f36, 0x7f51, 0x7f8a, 0x7fbd, 0x8001, 0x800c,
  0x8012, 0x8033, 0x807f, 0x8089, 0x81e3, 0x81ea, 0x81f3, 0x81fc,
  0x820c, 0x821b, 0x821f, 0x826e, 0x8272, 0x8278, 0x864d, 0x866b,
  0x8840, 0x884c, 0x8863, 0x897e, 0x898b, 0x89d2, 0x8a00, 0x8c37,
  0x8c46, 0x8c55, 0x8c78, 0x8c9d, 0x8d64, 0x8d70, 0x8db3, 0x8eab,
  0x8eca, 0x8f9b, 0x8fb0, 0x8fb5, 0x9091, 0x9149, 0x91c6, 0x91cc,
  0x91d1, 0x9577, 0x9580, 0x961c, 0x96b6, 0x96b9, 0x96e8, 0x9751,
  0x975e, 0x9762, 0x9769, 0x97cb, 0x97ed, 0x97f3, 0x9801, 0x98a8,
  0x98db, 0x98df, 0x9996, 0x9999, 0x99ac, 0x9aa8, 0x9ad8, 0x9adf,
  0x9b25, 0x9b2f, 0x9b32, 0x9b3c, 0x9b5a, 0x9ce5, 0x9e75, 0x9e7f,
  0x9ea5, 0x9ebb, 0x9ec3, 0x9ecd, 0x9ed1, 0x9ef9, 0x9efd, 0x9f0e,
  0x9f13, 0x9f20, 0x9f3b, 0x9f4a, 0x9f52, 0x9f8d, 0x9f9c, 0x9fa0,
  0x3012, 0x5344, 0x5345, 0x304b, 0x3099, 0x304d, 0x3099, 0x304f,
  0x3099, 0x3051, 0x3099, 0x3053, 0x3099, 0x3055, 0x3099, 0x3057,
  0x3099, 0x3059, 0x3099, 0x305b, 0x3099, 0x305d, 0x3099, 0x305f,
  0x3099, 0x3061, 0x3099, 0x3064, 0x3099, 0x3066, 0x3099, 0x3068,
  0x3099, 0x306f, 0x3099, 0x306f, 0x309a, 0x3072, 0x3099, 0x3072,
  0x309a, 0x3075, 0x3099, 0x3075, 0x309a, 0x3078, 0x3099, 0x3078,
  0x309a, 0x307b, 0x3099, 0x307b, 0x309a, 0x3046, 0x3099, 0x20,
  0x3099, 0x20, 0x309a, 0x309d, 0x3099, 0x3088, 0x308a, 0x30ab,
  0x3099, 0x30ad, 0x3099, 0x30af, 0x3099, 0x30b1, 0x3099, 0x30b3,
  0x3099, 0x30b5, 0x3099, 0x30b7, 0x3099, 0x30b9, 0x3099, 0x30bb,
  0x3099, 0x30bd, 0x3099, 0x30bf, 0x3099, 0x30c1, 0x3099, 0x30c4,
  0x3099, 0x30c6, 0x3099, 0x30c8, 0x3099, 0x30cf, 0x3099, 0x30cf,
  0x309a, 0x30d2, 0x3099, 0x30d2, 0x309a, 0x30d5, 0x3099, 0x30d5,
  0x309a, 0x30d8, 0x3099, 0x30d8, 0x309a, 0x30db, 0x3099, 0x30db,
  0x309a, 0x30a6, 0x3099, 0x30ef, 0x3099, 0x30f0, 0x3099, 0x30f1,
  0x3099, 0x30f2, 0x3099, 0x30fd, 0x3099, 0x30b3, 0x30c8, 0x1100,
  0x1101, 0x11aa, 0x1102, 0x11ac, 0x11ad, 0x1103, 0x1104, 0x1105,
  0x11b0, 0x11b1, 0x11b2, 0x11b3, 0x11b4, 0x11b5, 0x111a, 0x1106,
  0x1107, 0x1108, 0x1121, 0x1109, 0x110a, 0x110b, 0x110c, 0x110d,
  0x110e, 0x110f, 0x1110, 0x1111, 0x1112, 0x1161, 0x1162, 0x1163,
  0x1164, 0x1165, 0x1166, 0x1167, 0x1168, 0x1169, 0x116a, 0x116b,
  0x116c, 0x116d, 0x116e, 0x116f, 0x1170, 0x1171, 0x1172, 0x1173,
  0x1174, 0x1175, 0x1160, 0x1114, 0x1115, 0x11c7, 0x11c8, 0x11cc,
  0x11ce, 0x11d3, 0x11d7, 0x11d9, 0x111c, 0x11dd, 0x11df, 0x111d,
  0x111e, 0x1120, 0x1122, 0x1123, 0x1127, 0x1129, 0x112b, 0x112c,
  0x112d, 0x112e, 0x112f, 0x1132, 0x1136, 0x1140, 0x1147, 0x114c,
  0x11f1, 0x11f2, 0x1157, 0x1158, 0x1159, 0x1184, 0x1185, 0x1188,
  0x1191, 0x1192, 0x1194, 0x119e, 0x11a1, 0x4e09, 0x56db, 0x4e0a,
  0x4e2d, 0x4e0b, 0x7532, 0x4e19, 0x4e01, 0x5929, 0x5730, 0x28,
  0x1100, 0x29, 0x28, 0x1102, 0x29, 0x28, 0x1103, 0x29,
  0x28, 0x1105, 0x29, 0x28, 0x1106, 0x29, 0x28, 0x1107,
  0x29, 0x28, 0x1109, 0x29, 0x28, 0x110b, 0x29, 0x28,
  0x110c, 0x29, 0x28, 0x110e, 0x29, 0x28, 0x110f, 0x29,
  0x28, 0x1110, 0x29, 0x28, 0x1111, 0x29, 0x28, 0x1112,
  0x29, 0x28, 0x1100, 0x1161, 0x29, 0x28, 0x1102, 0x1161,
  0x29, 0x28, 0x1103, 0x1161, 0x29, 0x28, 0x1105, 0x1161,
  0x29, 0x28, 0x1106, 0x1161, 0x29, 0x28, 0x1107, 0x1161,
  0x29, 0x28, 0x1109, 0x1161, 0x29, 0x28, 0x110b, 0x1161,
  0x29, 0x28, 0x110c, 0x1161, 0x29, 0x28, 0x110e, 0x1161,
  0x29, 0x28, 0x110f, 0x1161, 0x29, 0x28, 0x1110, 0x1161,
  0x29, 0x28, 0x1111, 0x1161, 0x29, 0x28, 0x1112, 0x1161,
  0x29, 0x28, 0x110c, 0x116e, 0x29, 0x28, 0x4e00, 0x29,
  0x28, 0x4e8c, 0x29, 0x28, 0x4e09, 0x29, 0x28, 0x56db,
  0x29, 0x28, 0x4e94, 0x29, 0x28, 0x516d, 0x29, 0x28,
  0x4e03, 0x29, 0x28, 0x516b, 0x29, 0x28, 0x4e5d, 0x29,
  0x28, 0x5341, 0x29, 0x28, 0x6708, 0x29, 0x28, 0x706b,
  0x29, 0x28, 0x6c34, 0x29, 0x28, 0x6728, 0x29, 0x28,
  0x91d1, 0x29, 0x28, 0x571f, 0x29, 0x28, 0x65e5, 0x29,
  0x28, 0x682a, 0x29, 0x28, 0x6709, 0x29, 0x28, 0x793e,
  0x29, 0x28, 0x540d, 0x29, 0x28, 0x7279, 0x29, 0x28,
  0x8ca1, 0x29, 0x28, 0x795d, 0x29, 0x28, 0x52b4, 0x29,
  0x28, 0x4ee3, 0x29, 0x28, 0x547c, 0x29, 0x28, 0x5b66,
  0x29, 0x28, 0x76e3, 0x29, 0x28, 0x4f01, 0x29, 0x28,
  0x8cc7, 0x29, 0x28, 0x5354, 0x29, 0x28, 0x796d, 0x29,
  0x28, 0x4f11, 0x29, 0x28, 0x81ea, 0x29, 0x28, 0x81f3,
  0x29, 0x32, 0x31, 0x32, 0x32, 0x32, 0x33, 0x32,
  0x34, 0x32, 0x35, 0x32, 0x36, 0x32, 0x37, 0x32,
  0x38, 0x32, 0x39, 0x33, 0x30, 0x33, 0x31, 0x33,
  0x32, 0x33, 0x33, 0x33, 0x34, 0x33, 0x35, 0x1100,
  0x1161, 0x1102, 0x1161, 0x1103, 0x1161, 0x1105, 0x1161, 0x1106,
  0x1161, 0x1107, 0x1161, 0x1109, 0x1161, 0x110b, 0x1161, 0x110c,
  0x1161, 0x110e, 0x1161, 0x110f, 0x1161, 0x1110, 0x1161, 0x1111,
  0x1161, 0x1112, 0x1161, 0x4e94, 0x516d, 0x4e03, 0x4e5d, 0x682a,
  0x6709, 0x793e, 0x540d, 0x7279, 0x8ca1, 0x795d, 0x52b4, 0x79d8,
  0x7537, 0x9069, 0x512a, 0x5370, 0x6ce8, 0x9805, 0x4f11, 0x5199,
  0x6b63, 0x5de6, 0x53f3, 0x533b, 0x5b97, 0x5b66, 0x76e3, 0x4f01,
  0x8cc7, 0x5354, 0x591c, 0x33, 0x36, 0x33, 0x37, 0x33,
  0x38, 0x33, 0x39, 0x34, 0x30, 0x34, 0x31, 0x34,
  0x32, 0x34, 0x33, 0x34, 0x34, 0x34, 0x35, 0x34,
  0x36, 0x34, 0x37, 0x34, 0x38, 0x34, 0x39, 0x35,
  0x30, 0x31, 0x6708, 0x32, 0x6708, 0x33, 0x6708, 0x34,
  0x6708, 0x35, 0x6708, 0x36, 0x6708, 0x37, 0x6708, 0x38,
  0x6708, 0x39, 0x6708, 0x31, 0x30, 0x6708, 0x31, 0x31,
  0x6708, 0x31, 0x32, 0x6708, 0x30a2, 0x30a4, 0x30a6, 0x30a8,
  0x30aa, 0x30ab, 0x30ad, 0x30af, 0x30b1, 0x30b3, 0x30b5, 0x30b7,
  0x30b9, 0x30bb, 0x30bd, 0x30bf, 0x30c1, 0x30c4, 0x30c6, 0x30c8,
  0x30ca, 0x30cb, 0x30cc, 0x30cd, 0x30ce, 0x30cf, 0x30d2, 0x30d5,
  0x30d8, 0x30db, 0x30de, 0x30df, 0x30e0, 0x30e1, 0x30e2, 0x30e4,
  0x30e6, 0x30e8, 0x30e9, 0x30ea, 0x30eb, 0x30ec, 0x30ed, 0x30ef,
  0x30f0, 0x30f1, 0x30f2, 0x30a2, 0x30cf, 0x309a, 0x30fc, 0x30c8,
  0x30a2, 0x30eb, 0x30d5, 0x30a1, 0x30a2, 0x30f3, 0x30d8, 0x309a,
  0x30a2, 0x30a2, 0x30fc, 0x30eb, 0x30a4, 0x30cb, 0x30f3, 0x30af,
  0x3099, 0x30a4, 0x30f3, 0x30c1, 0x30a6, 0x30a9, 0x30f3, 0x30a8,
  0x30b9, 0x30af, 0x30fc, 0x30c8, 0x3099, 0x30a8, 0x30fc, 0x30ab,
  0x30fc, 0x30aa, 0x30f3, 0x30b9, 0x30aa, 0x30fc, 0x30e0, 0x30ab,
  0x30a4, 0x30ea, 0x30ab, 0x30e9, 0x30c3, 0x30c8, 0x30ab, 0x30ed,
  0x30ea, 0x30fc, 0x30ab, 0x3099, 0x30ed, 0x30f3, 0x30ab, 0x3099,
  0x30f3, 0x30de, 0x30ad, 0x3099, 0x30ab, 0x3099, 0x30ad, 0x3099,
  0x30cb, 0x30fc, 0x30ad, 0x30e5, 0x30ea, 0x30fc, 0x30ad, 0x3099,
  0x30eb, 0x30bf, 0x3099, 0x30fc, 0x30ad, 0x30ed, 0x30ad, 0x30ed,
  0x30af, 0x3099, 0x30e9, 0x30e0, 0x30ad, 0x30ed, 0x30e1, 0x30fc,
  0x30c8, 0x30eb, 0x30ad, 0x30ed, 0x30ef, 0x30c3, 0x30c8, 0x30af,
  0x3099, 0x30e9, 0x30e0, 0x30af, 0x3099, 0x30e9, 0x30e0, 0x30c8,
  0x30f3, 0x30af, 0x30eb, 0x30bb, 0x3099, 0x30a4, 0x30ed, 0x30af,
  0x30ed, 0x30fc, 0x30cd, 0x30b1, 0x30fc, 0x30b9, 0x30b3, 0x30eb,
  0x30ca, 0x30b3, 0x30fc, 0x30db, 0x309a, 0x30b5, 0x30a4, 0x30af,
  0x30eb, 0x30b5, 0x30f3, 0x30c1, 0x30fc, 0x30e0, 0x30b7, 0x30ea,
  0x30f3, 0x30af, 0x3099, 0x30bb, 0x30f3, 0x30c1, 0x30bb, 0x30f3,
  0x30c8, 0x30bf, 0x3099, 0x30fc, 0x30b9, 0x30c6, 0x3099, 0x30b7,
  0x30c8, 0x3099, 0x30eb, 0x30c8, 0x30f3, 0x30ca, 0x30ce, 0x30ce,
  0x30c3, 0x30c8, 0x30cf, 0x30a4, 0x30c4, 0x30cf, 0x309a, 0x30fc,
  0x30bb, 0x30f3, 0x30c8, 0x30cf, 0x309a, 0x30fc, 0x30c4, 0x30cf,
  0x3099, 0x30fc, 0x30ec, 0x30eb, 0x30d2, 0x309a, 0x30a2, 0x30b9,
  0x30c8, 0x30eb, 0x30d2, 0x309a, 0x30af, 0x30eb, 0x30d2, 0x309a,
  0x30b3, 0x30d2, 0x3099, 0x30eb, 0x30d5, 0x30a1, 0x30e9, 0x30c3,
  0x30c8, 0x3099, 0x30d5, 0x30a3, 0x30fc, 0x30c8, 0x30d5, 0x3099,
  0x30c3, 0x30b7, 0x30a7, 0x30eb, 0x30d5, 0x30e9, 0x30f3, 0x30d8,
  0x30af, 0x30bf, 0x30fc, 0x30eb, 0x30d8, 0x309a, 0x30bd, 0x30d8,
  0x309a, 0x30cb, 0x30d2, 0x30d8, 0x30eb, 0x30c4, 0x30d8, 0x309a,
  0x30f3, 0x30b9, 0x30d8, 0x309a, 0x30fc, 0x30b7, 0x3099, 0x30d8,
  0x3099, 0x30fc, 0x30bf, 0x30db, 0x309a, 0x30a4, 0x30f3, 0x30c8,
  0x30db, 0x3099, 0x30eb, 0x30c8, 0x30db, 0x30f3, 0x30db, 0x309a,
  0x30f3, 0x30c8, 0x3099, 0x30db, 0x30fc, 0x30eb, 0x30db, 0x30fc,
  0x30f3, 0x30de, 0x30a4, 0x30af, 0x30ed, 0x30de, 0x30a4, 0x30eb,
  0x30de, 0x30c3, 0x30cf, 0x30de, 0x30eb, 0x30af, 0x30de, 0x30f3,
  0x30b7, 0x30e7, 0x30f3, 0x30df, 0x30af, 0x30ed, 0x30f3, 0x30df,
  0x30ea, 0x30df, 0x30ea, 0x30cf, 0x3099, 0x30fc, 0x30eb, 0x30e1,
  0x30ab, 0x3099, 0x30e1, 0x30ab, 0x3099, 0x30c8, 0x30f3, 0x30e1,
  0x30fc, 0x30c8, 0x30eb, 0x30e4, 0x30fc, 0x30c8, 0x3099, 0x30e4,
  0x30fc, 0x30eb, 0x30e6, 0x30a2, 0x30f3, 0x30ea, 0x30c3, 0x30c8,
  0x30eb, 0x30ea, 0x30e9, 0x30eb, 0x30d2, 0x309a, 0x30fc, 0x30eb,
  0x30fc, 0x30d5, 0x3099, 0x30eb, 0x30ec, 0x30e0, 0x30ec, 0x30f3,
  0x30c8, 0x30b1, 0x3099, 0x30f3, 0x30ef, 0x30c3, 0x30c8, 0x30,
  0x70b9, 0x31, 0x70b9, 0x32, 0x70b9, 0x33, 0x70b9, 0x34,
  0x70b9, 0x35, 0x70b9, 0x36, 0x70b9, 0x37, 0x70b9, 0x38,
  0x70b9, 0x39, 0x70b9, 0x31, 0x30, 0x70b9, 0x31, 0x31,
  0x70b9, 0x31, 0x32, 0x70b9, 0x31, 0x33, 0x70b9, 0x31,
  0x34, 0x70b9, 0x31, 0x35, 0x70b9, 0x31, 0x36, 0x70b9,
  0x31, 0x37, 0x70b9, 0x31, 0x38, 0x70b9, 0x31, 0x39,
  0x70b9, 0x32, 0x30, 0x70b9, 0x32, 0x31, 0x70b9, 0x32,
  0x32, 0x70b9, 0x32, 0x33, 0x70b9, 0x32, 0x34, 0x70b9,
  0x68, 0x50, 0x61, 0x64, 0x61, 0x41, 0x55, 0x62,
  0x61, 0x72, 0x6f, 0x56, 0x70, 0x63, 0x5e73, 0x6210,
  0x662d, 0x548c, 0x5927, 0x6b63, 0x660e, 0x6cbb, 0x682a, 0x5f0f,
  0x4f1a, 0x793e, 0x70, 0x41, 0x6e, 0x41, 0x3bc, 0x41,
  0x6d, 0x41, 0x6b, 0x41, 0x4b, 0x42, 0x4d, 0x42,
  0x47, 0x42, 0x63, 0x61, 0x6c, 0x6b, 0x63, 0x61,
  0x6c, 0x70, 0x46, 0x6e, 0x46, 0x3bc, 0x46, 0x3bc,
  0x67, 0x6d, 0x67, 0x6b, 0x67, 0x48, 0x7a, 0x6b,
  0x48, 0x7a, 0x4d, 0x48, 0x7a, 0x47, 0x48, 0x7a,
  0x54, 0x48, 0x7a, 0x3bc, 0x6c, 0x6d, 0x6c, 0x64,
  0x6c, 0x6b, 0x6c, 0x66, 0x6d, 0x6e, 0x6d, 0x3bc,
  0x6d, 0x6d, 0x6d, 0x63, 0x6d, 0x6b, 0x6d, 0x6d,
  0x6d, 0x32, 0x63, 0x6d, 0x32, 0x6d, 0x32, 0x6b,
  0x6d, 0x32, 0x6d, 0x6d, 0x33, 0x63, 0x6d, 0x33,
  0x6d, 0x33, 0x6b, 0x6d, 0x33, 0x6d, 0x2215, 0x73,
  0x6d, 0x2215, 0x73, 0x32, 0x50, 0x61, 0x6b, 0x50,
  0x61, 0x4d, 0x50, 0x61, 0x47, 0x50, 0x61, 0x72,
  0x61, 0x64, 0x72, 0x61, 0x64, 0x2215, 0x73, 0x72,
  0x61, 0x64, 0x2215, 0x73, 0x32, 0x70, 0x73, 0x6e,
  0x73, 0x3bc, 0x73, 0x6d, 0x73, 0x70, 0x56, 0x6e,
  0x56, 0x3bc, 0x56, 0x6d, 0x56, 0x6b, 0x56, 0x4d,
  0x56, 0x70, 0x57, 0x6e, 0x57, 0x3bc, 0x57, 0x6d,
  0x57, 0x6b, 0x57, 0x4d, 0x57, 0x6b, 0x3a9, 0x4d,
  0x3a9, 0x61, 0x2e, 0x6d, 0x2e, 0x42, 0x71, 0x63,
  0x63, 0x63, 0x64, 0x43, 0x2215, 0x6b, 0x67, 0x43,
  0x6f, 0x2e, 0x64, 0x42, 0x47, 0x79, 0x68, 0x61,
  0x48, 0x50, 0x69, 0x6e, 0x4b, 0x4b, 0x4b, 0x4d,
  0x6b, 0x74, 0x6c, 0x6d, 0x6c, 0x6e, 0x6c, 0x6f,
  0x67, 0x6c, 0x78, 0x6d, 0x62, 0x6d, 0x69, 0x6c,
  0x6d, 0x6f, 0x6c, 0x50, 0x48, 0x70, 0x2e, 0x6d,
  0x2e, 0x50, 0x50, 0x4d, 0x50, 0x52, 0x73, 0x72,
  0x53, 0x76, 0x57, 0x62, 0x31, 0x65e5, 0x32, 0x65e5,
  0x33, 0x65e5, 0x34, 0x65e5, 0x35, 0x65e5, 0x36, 0x65e5,
  0x37, 0x65e5, 0x38, 0x65e5, 0x39, 0x65e5, 0x31, 0x30,
  0x65e5, 0x31, 0x31, 0x65e5, 0x31, 0x32, 0x65e5, 0x31,
  0x33, 0x65e5, 0x31, 0x34, 0x65e5, 0x31, 0x35, 0x65e5,
  0x31, 0x36, 0x65e5, 0x31, 0x37, 0x65e5, 0x31, 0x38,
  0x65e5, 0x31, 0x39, 0x65e5, 0x32, 0x30, 0x65e5, 0x32,
  0x31, 0x65e5, 0x32, 0x32, 0x65e5, 0x32, 0x33, 0x65e5,
  0x32, 0x34, 0x65e5, 0x32, 0x35, 0x65e5, 0x32, 0x36,
  0x65e5, 0x32, 0x37, 0x65e5, 0x32, 0x38, 0x65e5, 0x32,
  0x39, 0x65e5, 0x33, 0x30, 0x65e5, 0x33, 0x31, 0x65e5,
  0x8c48, 0x66f4, 0x8cc8, 0x6ed1, 0x4e32, 0x53e5, 0x5951, 0x5587,
  0x5948, 0x61f6, 0x7669, 0x7f85, 0x863f, 0x87ba, 0x88f8, 0x908f,
  0x6a02, 0x6d1b, 0x70d9, 0x73de, 0x843d, 0x916a, 0x99f1, 0x4e82,
  0x5375, 0x6b04, 0x721b, 0x862d, 0x9e1e, 0x5d50, 0x6feb, 0x85cd,
  0x8964, 0x62c9, 0x81d8, 0x881f, 0x5eca, 0x6717, 0x6d6a, 0x72fc,
  0x90ce, 0x4f86, 0x51b7, 0x52de, 0x64c4, 0x6ad3, 0x7210, 0x76e7,
  0x8606, 0x865c, 0x8def, 0x9732, 0x9b6f, 0x9dfa, 0x788c, 0x797f,
  0x7da0, 0x83c9, 0x9304, 0x8ad6, 0x58df, 0x5f04, 0x7c60, 0x807e,
  0x7262, 0x78ca, 0x8cc2, 0x96f7, 0x58d8, 0x5c62, 0x6a13, 0x6dda,
  0x6f0f, 0x7d2f, 0x7e37, 0x964b, 0x52d2, 0x808b, 0x51dc, 0x51cc,
  0x7a1c, 0x7dbe, 0x83f1, 0x9675, 0x8b80, 0x62cf, 0x8afe, 0x4e39,
  0x5be7, 0x6012, 0x7387, 0x7570, 0x5317, 0x78fb, 0x4fbf, 0x5fa9,
  0x4e0d, 0x6ccc, 0x6578, 0x7d22, 0x53c3, 0x585e, 0x7701, 0x8449,
  0x8aaa, 0x6bba, 0x6c88, 0x62fe, 0x82e5, 0x63a0, 0x7565, 0x4eae,
  0x5169, 0x51c9, 0x6881, 0x7ce7, 0x826f, 0x8ad2, 0x91cf, 0x52f5,
  0x5442, 0x5eec, 0x65c5, 0x6ffe, 0x792a, 0x95ad, 0x9a6a, 0x9e97,
  0x9ece, 0x66c6, 0x6b77, 0x8f62, 0x5e74, 0x6190, 0x6200, 0x649a,
  0x6f23, 0x7149, 0x7489, 0x79ca, 0x7df4, 0x806f, 0x8f26, 0x84ee,
  0x9023, 0x934a, 0x5217, 0x52a3, 0x54bd, 0x70c8, 0x88c2, 0x5ec9,
  0x5ff5, 0x637b, 0x6bae, 0x7c3e, 0x7375, 0x4ee4, 0x56f9, 0x5dba,
  0x601c, 0x73b2, 0x7469, 0x7f9a, 0x8046, 0x9234, 0x96f6, 0x9748,
  0x9818, 0x4f8b, 0x79ae, 0x91b4, 0x96b8, 0x60e1, 0x4e86, 0x50da,
  0x5bee, 0x5c3f, 0x6599, 0x71ce, 0x7642, 0x84fc, 0x907c, 0x6688,
  0x962e, 0x5289, 0x677b, 0x67f3, 0x6d41, 0x6e9c, 0x7409, 0x7559,
  0x786b, 0x7d10, 0x985e, 0x622e, 0x9678, 0x502b, 0x5d19, 0x6dea,
  0x8f2a, 0x5f8b, 0x6144, 0x6817, 0x9686, 0x5229, 0x540f, 0x5c65,
  0x6613, 0x674e, 0x68a8, 0x6ce5, 0x7406, 0x75e2, 0x7f79, 0x88cf,
  0x88e1, 0x96e2, 0x533f, 0x6eba, 0x541d, 0x71d0, 0x7498, 0x85fa,
  0x96a3, 0x9c57, 0x9e9f, 0x6797, 0x6dcb, 0x81e8, 0x7b20, 0x7c92,
  0x72c0, 0x7099, 0x8b58, 0x4ec0, 0x8336, 0x523a, 0x5207, 0x5ea6,
  0x62d3, 0x7cd6, 0x5b85, 0x6d1e, 0x66b4, 0x8f3b, 0x964d, 0x5ed3,
  0x5140, 0x55c0, 0x585a, 0x6674, 0x51de, 0x732a, 0x76ca, 0x793c,
  0x795e, 0x7965, 0x798f, 0x9756, 0x7cbe, 0x8612, 0x8af8, 0x9038,
  0x90fd, 0x98ef, 0x98fc, 0x9928, 0x9db4, 0x4fae, 0x50e7, 0x514d,
  0x52c9, 0x52e4, 0x5351, 0x559d, 0x5606, 0x5668, 0x5840, 0x58a8,
  0x5c64, 0x6094, 0x6168, 0x618e, 0x61f2, 0x654f, 0x65e2, 0x6691,
  0x6885, 0x6d77, 0x6e1a, 0x6f22, 0x716e, 0x722b, 0x7422, 0x7891,
  0x7949, 0x7948, 0x7950, 0x7956, 0x798d, 0x798e, 0x7a40, 0x7a81,
  0x7bc0, 0x7e09, 0x7e41, 0x7f72, 0x8005, 0x81ed, 0x8279, 0x8457,
  0x8910, 0x8996, 0x8b01, 0x8b39, 0x8cd3, 0x8d08, 0x8fb6, 0x96e3,
  0x97ff, 0x983b, 0x66, 0x66, 0x66, 0x69, 0x66, 0x6c,
  0x66, 0x66, 0x69, 0x66, 0x66, 0x6c, 0x73, 0x74,
  0x574, 0x576, 0x574, 0x565, 0x574, 0x56b, 0x57e, 0x576,
  0x574, 0x56d, 0x5d9, 0x5b4, 0x5f2, 0x5b7, 0x5e2, 0x5d4,
  0x5db, 0x5dc, 0x5dd, 0x5e8, 0x5ea, 0x5e9, 0x5c1, 0x5e9,
  0x5c2, 0x5e9, 0x5bc, 0x5c1, 0x5e9, 0x5bc, 0x5c2, 0x5d0,
  0x5b7, 0x5d0, 0x5b8, 0x5d0, 0x5bc, 0x5d1, 0x5bc, 0x5d2,
  0x5bc, 0x5d3, 0x5bc, 0x5d4, 0x5bc, 0x5d5, 0x5bc, 0x5d6,
  0x5bc, 0x5d8, 0x5bc, 0x5d9, 0x5bc, 0x5da, 0x5bc, 0x5db,
  0x5bc, 0x5dc, 0x5bc, 0x5de, 0x5bc, 0x5e0, 0x5bc, 0x5e1,
  0x5bc, 0x5e3, 0x5bc, 0x5e4, 0x5bc, 0x5e6, 0x5bc, 0x5e7,
  0x5bc, 0x5e8, 0x5bc, 0x5e9, 0x5bc, 0x5ea, 0x5bc, 0x5d5,
  0x5b9, 0x5d1, 0x5bf, 0x5db, 0x5bf, 0x5e4, 0x5bf, 0x5d0,
  0x5dc, 0x671, 0x67b, 0x67e, 0x680, 0x67a, 0x67f, 0x679,
  0x6a4, 0x6a6, 0x684, 0x683, 0x686, 0x687, 0x68d, 0x68c,
  0x68e, 0x688, 0x698, 0x691, 0x6a9, 0x6af, 0x6b3, 0x6b1,
  0x6ba, 0x6bb, 0x6c1, 0x6be, 0x6d2, 0x6ad, 0x6c7, 0x6c6,
  0x6c8, 0x6cb, 0x6c5, 0x6c9, 0x6d0, 0x649, 0x64a, 0x654,
  0x627, 0x64a, 0x654, 0x6d5, 0x64a, 0x654, 0x648, 0x64a,
  0x654, 0x6c7, 0x64a, 0x654, 0x6c6, 0x64a, 0x654, 0x6c8,
  0x64a, 0x654, 0x6d0, 0x64a, 0x654, 0x649, 0x6cc, 0x64a,
  0x654, 0x62c, 0x64a, 0x654, 0x62d, 0x64a, 0x654, 0x645,
  0x64a, 0x654, 0x64a, 0x628, 0x62c, 0x628, 0x62d, 0x628,
  0x62e, 0x628, 0x645, 0x628, 0x649, 0x628, 0x64a, 0x62a,
  0x62c, 0x62a, 0x62d, 0x62a, 0x62e, 0x62a, 0x645, 0x62a,
  0x649, 0x62a, 0x64a, 0x62b, 0x62c, 0x62b, 0x645, 0x62b,
  0x649, 0x62b, 0x64a, 0x62c, 0x62d, 0x62c, 0x645, 0x62d,
  0x62c, 0x62d, 0x645, 0x62e, 0x62c, 0x62e, 0x62d, 0x62e,
  0x645, 0x633, 0x62c, 0x633, 0x62d, 0x633, 0x62e, 0x633,
  0x645, 0x635, 0x62d, 0x635, 0x645, 0x636, 0x62c, 0x636,
  0x62d, 0x636, 0x62e, 0x636, 0x645, 0x637, 0x62d, 0x637,
  0x645, 0x638, 0x645, 0x639, 0x62c, 0x639, 0x645, 0x63a,
  0x62c, 0x63a, 0x645, 0x641, 0x62c, 0x641, 0x62d, 0x641,
  0x62e, 0x641, 0x645, 0x641, 0x649, 0x641, 0x64a, 0x642,
  0x62d, 0x642, 0x645, 0x642, 0x649, 0x642, 0x64a, 0x643,
  0x627, 0x643, 0x62c, 0x643, 0x62d, 0x643, 0x62e, 0x643,
  0x644, 0x643, 0x645, 0x643, 0x649, 0x643, 0x64a, 0x644,
  0x62c, 0x644, 0x62d, 0x644, 0x62e, 0x644, 0x645, 0x644,
  0x649, 0x644, 0x64a, 0x645, 0x62c, 0x645, 0x62d, 0x645,
  0x62e, 0x645, 0x645, 0x645, 0x649, 0x645, 0x64a, 0x646,
  0x62c, 0x646, 0x62d, 0x646, 0x62e, 0x646, 0x645, 0x646,
  0x649, 0x646, 0x64a, 0x647, 0x62c, 0x647, 0x645, 0x647,
  0x649, 0x647, 0x64a, 0x64a, 0x62c, 0x64a, 0x62d, 0x64a,
  0x62e, 0x64a, 0x645, 0x64a, 0x649, 0x64a, 0x64a, 0x630,
  0x670, 0x631, 0x670, 0x649, 0x670, 0x20, 0x64c, 0x651,
  0x20, 0x64d, 0x651, 0x20, 0x64e, 0x651, 0x20, 0x64f,
  0x651, 0x20, 0x650, 0x651, 0x20, 0x651, 0x670, 0x64a,
  0x654, 0x631, 0x64a, 0x654, 0x632, 0x64a, 0x654, 0x646,
  0x628, 0x631, 0x628, 0x632, 0x628, 0x646, 0x62a, 0x631,
  0x62a, 0x632, 0x62a, 0x646, 0x62b, 0x631, 0x62b, 0x632,
  0x62b, 0x646, 0x645, 0x627, 0x646, 0x631, 0x646, 0x632,
  0x646, 0x646, 0x64a, 0x631, 0x64a, 0x632, 0x64a, 0x646,
  0x64a, 0x654, 0x62e, 0x64a, 0x654, 0x647, 0x628, 0x647,
  0x62a, 0x647, 0x635, 0x62e, 0x644, 0x647, 0x646, 0x647,
  0x647, 0x670, 0x64a, 0x647, 0x62b, 0x647, 0x633, 0x647,
  0x634, 0x645, 0x634, 0x647, 0x640, 0x64e, 0x651, 0x640,
  0x64f, 0x651, 0x640, 0x650, 0x651, 0x637, 0x649, 0x637,
  0x64a, 0x639, 0x649, 0x639, 0x64a, 0x63a, 0x649, 0x63a,
  0x64a, 0x633, 0x649, 0x633, 0x64a, 0x634, 0x649, 0x634,
  0x64a, 0x62d, 0x649, 0x62d, 0x64a, 0x62c, 0x649, 0x62c,
  0x64a, 0x62e, 0x649, 0x62e, 0x64a, 0x635, 0x649, 0x635,
  0x64a, 0x636, 0x649, 0x636, 0x64a, 0x634, 0x62c, 0x634,
  0x62d, 0x634, 0x62e, 0x634, 0x631, 0x633, 0x631, 0x635,
  0x631, 0x636, 0x631, 0x627, 0x64b, 0x62a, 0x62c, 0x645,
  0x62a, 0x62d, 0x62c, 0x62a, 0x62d, 0x645, 0x62a, 0x62e,
  0x645, 0x62a, 0x645, 0x62c, 0x62a, 0x645, 0x62d, 0x62a,
  0x645, 0x62e, 0x62c, 0x645, 0x62d, 0x62d, 0x645, 0x64a,
  0x62d, 0x645, 0x649, 0x633, 0x62d, 0x62c, 0x633, 0x62c,
  0x62d, 0x633, 0x62c, 0x649, 0x633, 0x645, 0x62d, 0x633,
  0x645, 0x62c, 0x633, 0x645, 0x645, 0x635, 0x62d, 0x62d,
  0x635, 0x645, 0x645, 0x634, 0x62d, 0x645, 0x634, 0x62c,
  0x64a, 0x634, 0x645, 0x62e, 0x634, 0x645, 0x645, 0x636,
  0x62d, 0x649, 0x636, 0x62e, 0x645, 0x637, 0x645, 0x62d,
  0x637, 0x645, 0x645, 0x637, 0x645, 0x64a, 0x639, 0x62c,
  0x645, 0x639, 0x645, 0x645, 0x639, 0x645, 0x649, 0x63a,
  0x645, 0x645, 0x63a, 0x645, 0x64a, 0x63a, 0x645, 0x649,
  0x641, 0x62e, 0x645, 0x642, 0x645, 0x62d, 0x642, 0x645,
  0x645, 0x644, 0x62d, 0x645, 0x644, 0x62d, 0x64a, 0x644,
  0x62d, 0x649, 0x644, 0x62c, 0x62c, 0x644, 0x62e, 0x645,
  0x644, 0x645, 0x62d, 0x645, 0x62d, 0x62c, 0x645, 0x62d,
  0x645, 0x645, 0x62d, 0x64a, 0x645, 0x62c, 0x62d, 0x645,
  0x62c, 0x645, 0x645, 0x62e, 0x62c, 0x645, 0x62e, 0x645,
  0x645, 0x62c, 0x62e, 0x647, 0x645, 0x62c, 0x647, 0x645,
  0x645, 0x646, 0x62d, 0x645, 0x646, 0x62d, 0x649, 0x646,
  0x62c, 0x645, 0x646, 0x62c, 0x649, 0x646, 0x645, 0x64a,
  0x646, 0x645, 0x649, 0x64a, 0x645, 0x645, 0x628, 0x62e,
  0x64a, 0x62a, 0x62c, 0x64a, 0x62a, 0x62c, 0x649, 0x62a,
  0x62e, 0x64a, 0x62a, 0x62e, 0x649, 0x62a, 0x645, 0x64a,
  0x62a, 0x645, 0x649, 0x62c, 0x645, 0x64a, 0x62c, 0x62d,
  0x649, 0x62c, 0x645, 0x649, 0x633, 0x62e, 0x649, 0x635,
  0x62d, 0x64a, 0x634, 0x62d, 0x64a, 0x636, 0x62d, 0x64a,
  0x644, 0x62c, 0x64a, 0x644, 0x645, 0x64a, 0x64a, 0x62d,
  0x64a, 0x64a, 0x62c, 0x64a, 0x64a, 0x645, 0x64a, 0x645,
  0x645, 0x64a, 0x642, 0x645, 0x64a, 0x646, 0x62d, 0x64a,
  0x639, 0x645, 0x64a, 0x643, 0x645, 0x64a, 0x646, 0x62c,
  0x62d, 0x645, 0x62e, 0x64a, 0x644, 0x62c, 0x645, 0x643,
  0x645, 0x645, 0x62c, 0x62d, 0x64a, 0x62d, 0x62c, 0x64a,
  0x645, 0x62c, 0x64a, 0x641, 0x645, 0x64a, 0x628, 0x62d,
  0x64a, 0x633, 0x62e, 0x64a, 0x646, 0x62c, 0x64a, 0x635,
  0x644, 0x6d2, 0x642, 0x644, 0x6d2, 0x627, 0x644, 0x644,
  0x647, 0x627, 0x643, 0x628, 0x631, 0x645, 0x62d, 0x645,
  0x62f, 0x635, 0x644, 0x639, 0x645, 0x631, 0x633, 0x648,
  0x644, 0x639, 0x644, 0x64a, 0x647, 0x648, 0x633, 0x644,
  0x645, 0x635, 0x644, 0x649, 0x635, 0x644, 0x649, 0x20,
  0x627, 0x644, 0x644, 0x647, 0x20, 0x639, 0x644, 0x64a,
  0x647, 0x20, 0x648, 0x633, 0x644, 0x645, 0x62c, 0x644,
  0x20, 0x62c, 0x644, 0x627, 0x644, 0x647, 0x631, 0x6cc,
  0x627, 0x644, 0x2014, 0x2013, 0x5f, 0x7b, 0x7d, 0x3014,
  0x3015, 0x3010, 0x3011, 0x300a, 0x300b, 0x300c, 0x300d, 0x300e,
  0x300f, 0x2c, 0x3001, 0x3a, 0x3f, 0x21, 0x23, 0x26,
  0x2a, 0x2d, 0x3c, 0x3e, 0x5c, 0x24, 0x25, 0x40,
  0x20, 0x64b, 0x640, 0x64b, 0x20, 0x64c, 0x20, 0x64d,
  0x20, 0x64e, 0x640, 0x64e, 0x20, 0x64f, 0x640, 0x64f,
  0x20, 0x650, 0x640, 0x650, 0x20, 0x651, 0x640, 0x651,
  0x20, 0x652, 0x640, 0x652, 0x621, 0x627, 0x628, 0x629,
  0x62a, 0x62b, 0x62c, 0x62d, 0x62e, 0x62f, 0x630, 0x631,
  0x632, 0x633, 0x634, 0x635, 0x636, 0x637, 0x638, 0x639,
  0x63a, 0x641, 0x642, 0x643, 0x644, 0x645, 0x646, 0x647,
  0x648, 0x64a, 0x644, 0x627, 0x653, 0x644, 0x627, 0x654,
  0x644, 0x627, 0x655, 0x644, 0x627, 0x22, 0x27, 0x2f,
  0x5b, 0x5d, 0x5e, 0x7c, 0x7e, 0x2985, 0x2986, 0x3002,
  0x30fb, 0x30a1, 0x30a3, 0x30a5, 0x30a7, 0x30a9, 0x30e3, 0x30e5,
  0x30e7, 0x30c3, 0x30fc, 0x30f3, 0x3099, 0x309a, 0xa2, 0xa3,
  0xac, 0xa6, 0xa5, 0x20a9, 0x2502, 0x2190, 0x2191, 0x2192,
  0x2193, 0x25a0, 0x25cb, 0x1d157, 0x1d165, 0x1d158, 0x1d165, 0x1d158,
  0x1d165, 0x1d16e, 0x1d158, 0x1d165, 0x1d16f, 0x1d158, 0x1d165, 0x1d170,
  0x1d158, 0x1d165, 0x1d171, 0x1d158, 0x1d165, 0x1d172, 0x1d1b9, 0x1d165,
  0x1d1ba, 0x1d165, 0x1d1b9, 0x1d165, 0x1d16e, 0x1d1ba, 0x1d165, 0x1d16e,
  0x1d1b9, 0x1d165, 0x1d16f, 0x1d1ba, 0x1d165, 0x1d16f, 0x391, 0x392,
  0x394, 0x395, 0x396, 0x397, 0x399, 0x39a, 0x39b, 0x39c,
  0x39d, 0x39e, 0x39f, 0x3a1, 0x3a3, 0x3a4, 0x3a6, 0x3a7,
  0x3a8, 0x2207, 0x3b1, 0x3b4, 0x3b6, 0x3b7, 0x3bb, 0x3bd,
  0x3be, 0x3bf, 0x3c3, 0x3c4, 0x3c5, 0x3c7, 0x3c8, 0x3c9,
  0x2202, 0x4e3d, 0x4e38, 0x4e41, 0x20122, 0x4f60, 0x4fbb, 0x5002,
  0x507a, 0x5099, 0x50cf, 0x349e, 0x2063a, 0x5154, 0x5164, 0x5177,
  0x2051c, 0x34b9, 0x5167, 0x518d, 0x2054b, 0x5197, 0x51a4, 0x4ecc,
  0x51ac, 0x51b5, 0x291df, 0x5203, 0x34df, 0x523b, 0x5246, 0x5272,
  0x5277, 0x3515, 0x52c7, 0x52fa, 0x5305, 0x5306, 0x5349, 0x535a,
  0x5373, 0x537d, 0x537f, 0x20a2c, 0x7070, 0x53ca, 0x53df, 0x20b63,
  0x53eb, 0x53f1, 0x5406, 0x549e, 0x5438, 0x5448, 0x5468, 0x54a2,
  0x54f6, 0x5510, 0x5553, 0x5563, 0x5584, 0x5599, 0x55ab, 0x55b3,
  0x55c2, 0x5716, 0x5717, 0x5651, 0x5674, 0x58ee, 0x57ce, 0x57f4,
  0x580d, 0x578b, 0x5832, 0x5831, 0x58ac, 0x214e4, 0x58f2, 0x58f7,
  0x5906, 0x591a, 0x5922, 0x5962, 0x216a8, 0x216ea, 0x59ec, 0x5a1b,
  0x5a27, 0x59d8, 0x5a66, 0x36ee, 0x2136a, 0x5b08, 0x5b3e, 0x219c8,
  0x5bc3, 0x5bd8, 0x5bf3, 0x21b18, 0x5bff, 0x5c06, 0x5f33, 0x3781,
  0x5c60, 0x5cc0, 0x5c8d, 0x21de4, 0x5d43, 0x21de6, 0x5d6e, 0x5d6b,
  0x5d7c, 0x5de1, 0x5de2, 0x382f, 0x5dfd, 0x5e28, 0x5e3d, 0x5e69,
  0x3862, 0x22183, 0x387c, 0x5eb0, 0x5eb3, 0x5eb6, 0x2a392, 0x22331,
  0x8201, 0x5f22, 0x38c7, 0x232b8, 0x261da, 0x5f62, 0x5f6b, 0x38e3,
  0x5f9a, 0x5fcd, 0x5fd7, 0x5ff9, 0x6081, 0x393a, 0x391c, 0x226d4,
  0x60c7, 0x6148, 0x614c, 0x614e, 0x617a, 0x61b2, 0x61a4, 0x61af,
  0x61de, 0x6210, 0x621b, 0x625d, 0x62b1, 0x62d4, 0x6350, 0x22b0c,
  0x633d, 0x62fc, 0x6368, 0x6383, 0x63e4, 0x22bf1, 0x6422, 0x63c5,
  0x63a9, 0x3a2e, 0x6469, 0x647e, 0x649d, 0x6477, 0x3a6c, 0x656c,
  0x2300a, 0x65e3, 0x66f8, 0x6649, 0x3b19, 0x3b08, 0x3ae4, 0x5192,
  0x5195, 0x6700, 0x669c, 0x80ad, 0x43d9, 0x671b, 0x6721, 0x675e,
  0x6753, 0x233c3, 0x3b49, 0x67fa, 0x6785, 0x6852, 0x2346d, 0x688e,
  0x681f, 0x6914, 0x3b9d, 0x6942, 0x69a3, 0x69ea, 0x6aa8, 0x236a3,
  0x6adb, 0x3c18, 0x6b21, 0x238a7, 0x6b54, 0x3c4e, 0x6b72, 0x6b9f,
  0x6bbb, 0x23a8d, 0x21d0b, 0x23afa, 0x6c4e, 0x23cbc, 0x6cbf, 0x6ccd,
  0x6c67, 0x6d16, 0x6d3e, 0x6d69, 0x6d78, 0x6d85, 0x23d1e, 0x6d34,
  0x6e2f, 0x6e6e, 0x3d33, 0x6ecb, 0x6ec7, 0x23ed1, 0x6df9, 0x6f6e,
  0x23f5e, 0x23f8e, 0x6fc6, 0x7039, 0x701e, 0x701b, 0x3d96, 0x704a,
  0x707d, 0x7077, 0x70ad, 0x20525, 0x7145, 0x24263, 0x719c, 0x43ab,
  0x7228, 0x7235, 0x7250, 0x24608, 0x7280, 0x7295, 0x24735, 0x24814,
  0x737a, 0x738b, 0x3eac, 0x73a5, 0x3eb8, 0x7447, 0x745c, 0x7471,
  0x7485, 0x74ca, 0x3f1b, 0x7524, 0x24c36, 0x753e, 0x24c92, 0x2219f,
  0x7610, 0x24fa1, 0x24fb8, 0x25044, 0x3ffc, 0x4008, 0x76f4, 0x250f3,
  0x250f2, 0x25119, 0x25133, 0x771e, 0x771f, 0x774a, 0x4039, 0x778b,
  0x4046, 0x4096, 0x2541d, 0x784e, 0x78cc, 0x40e3, 0x25626, 0x2569a,
  0x256c5, 0x79eb, 0x412f, 0x7a4a, 0x7a4f, 0x2597c, 0x25aa7, 0x7aae,
  0x4202, 0x25bab, 0x7bc6, 0x7bc9, 0x4227, 0x25c80, 0x7cd2, 0x42a0,
  0x7ce8, 0x7ce3, 0x7d00, 0x25f86, 0x7d63, 0x4301, 0x7dc7, 0x7e02,
  0x7e45, 0x4334, 0x26228, 0x26247, 0x4359, 0x262d9, 0x7f7a, 0x2633e,
  0x7f95, 0x7ffa, 0x264da, 0x26523, 0x8060, 0x265a8, 0x8070, 0x2335f,
  0x43d5, 0x80b2, 0x8103, 0x440b, 0x813e, 0x5ab5, 0x267a7, 0x267b5,
  0x23393, 0x2339c, 0x8204, 0x8f9e, 0x446b, 0x8291, 0x828b, 0x829d,
  0x52b3, 0x82b1, 0x82b3, 0x82bd, 0x82e6, 0x26b3c, 0x831d, 0x8363,
  0x83ad, 0x8323, 0x83bd, 0x83e7, 0x8353, 0x83ca, 0x83cc, 0x83dc,
  0x26c36, 0x26d6b, 0x26cd5, 0x452b, 0x84f1, 0x84f3, 0x8516, 0x273ca,
  0x8564, 0x26f2c, 0x455d, 0x4561, 0x26fb1, 0x270d2, 0x456b, 0x8650,
  0x8667, 0x8669, 0x86a9, 0x8688, 0x870e, 0x86e2, 0x8779, 0x8728,
  0x876b, 0x8786, 0x4d57, 0x87e1, 0x8801, 0x45f9, 0x8860, 0x27667,
  0x88d7, 0x88de, 0x4635, 0x88fa, 0x34bb, 0x278ae, 0x27966, 0x46be,
  0x46c7, 0x8aa0, 0x8aed, 0x8b8a, 0x27ca8, 0x8cab, 0x8cc1, 0x8d1b,
  0x8d77, 0x27f2f, 0x20804, 0x8dcb, 0x8dbc, 0x8df0, 0x208de, 0x8ed4,
  0x8f38, 0x285d2, 0x285ed, 0x9094, 0x90f1, 0x9111, 0x2872e, 0x911b,
  0x9238, 0x92d7, 0x92d8, 0x927c, 0x93f9, 0x9415, 0x28bfa, 0x958b,
  0x4995, 0x95b7, 0x28d77, 0x49e6, 0x96c3, 0x5db2, 0x9723, 0x29145,
  0x2921a, 0x4a6e, 0x4a76, 0x97e0, 0x2940a, 0x4ab2, 0x29496, 0x980b,
  0x9829, 0x295b6, 0x98e2, 0x4b33, 0x9929, 0x99a7, 0x99c2, 0x99fe,
  0x4bce, 0x29b30, 0x9b12, 0x9c40, 0x9cfd, 0x4cce, 0x4ced, 0x9d67,
  0x2a0ce, 0x4cf8, 0x2a105, 0x2a20e, 0x2a291, 0x4d56, 0x9efe, 0x9f05,
  0x9f0f, 0x9f16, 0x2a600,
};

static const uint32_t tc_unicode_class_keys[] TC_UNICODE_STORAGE = {
  0x300, 0x301, 0x302, 0x303, 0x304, 0x305, 0x306, 0x307,
  0x308, 0x309, 0x30a, 0x30b, 0x30c, 0x30d, 0x30e, 0x30f,
  0x310, 0x311, 0x312, 0x313, 0x314, 0x315, 0x316, 0x317,
  0x318, 0x319, 0x31a, 0x31b, 0x31c, 0x31d, 0x31e, 0x31f,
  0x320, 0x321, 0x322, 0x323, 0x324, 0x325, 0x326, 0x327,
  0x328, 0x329, 0x32a, 0x32b, 0x32c, 0x32d, 0x32e, 0x32f,
  0x330, 0x331, 0x332, 0x333, 0x334, 0x335, 0x336, 0x337,
  0x338, 0x339, 0x33a, 0x33b, 0x33c, 0x33d, 0x33e, 0x33f,
  0x340, 0x341, 0x342, 0x343, 0x344, 0x345, 0x346, 0x347,
  0x348, 0x349, 0x34a, 0x34b, 0x34c, 0x34d, 0x34e, 0x360,
  0x361, 0x362, 0x363, 0x364, 0x365, 0x366, 0x367, 0x368,
  0x369, 0x36a, 0x36b, 0x36c, 0x36d, 0x36e, 0x36f, 0x483,
  0x484, 0x485, 0x486, 0x591, 0x592, 0x593, 0x594, 0x595,
  0x596, 0x597, 0x598, 0x599, 0x59a, 0x59b, 0x59c, 0x59d,
  0x59e, 0x59f, 0x5a0, 0x5a1, 0x5a3, 0x5a4, 0x5a5, 0x5a6,
  0x5a7, 0x5a8, 0x5a9, 0x5aa, 0x5ab, 0x5ac, 0x5ad, 0x5ae,
  0x5af, 0x5b0, 0x5b1, 0x5b2, 0x5b3, 0x5b4, 0x5b5, 0x5b6,
  0x5b7, 0x5b8, 0x5b9, 0x5bb, 0x5bc, 0x5bd, 0x5bf, 0x5c1,
  0x5c2, 0x5c4, 0x64b, 0x64c, 0x64d, 0x64e, 0x64f, 0x650,
  0x651, 0x652, 0x653, 0x654, 0x655, 0x670, 0x6d6, 0x6d7,
  0x6d8, 0x6d9, 0x6da, 0x6db, 0x6dc, 0x6df, 0x6e0, 0x6e1,
  0x6e2, 0x6e3, 0x6e4, 0x6e7, 0x6e8, 0x6ea, 0x6eb, 0x6ec,
  0x6ed, 0x711, 0x730, 0x731, 0x732, 0x733, 0x734, 0x735,
  0x736, 0x737, 0x738, 0x739, 0x73a, 0x73b, 0x73c, 0x73d,
  0x73e, 0x73f, 0x740, 0x741, 0x742, 0x743, 0x744, 0x745,
  0x746, 0x747, 0x748, 0x749, 0x74a, 0x93c, 0x94d, 0x951,
  0x952, 0x953, 0x954, 0x9bc, 0x9cd, 0xa3c, 0xa4d, 0xabc,
  0xacd, 0xb3c, 0xb4d, 0xbcd, 0xc4d, 0xc55, 0xc56, 0xccd,
  0xd4d, 0xdca, 0xe38, 0xe39, 0xe3a, 0xe48, 0xe49, 0xe4a,
  0xe4b, 0xeb8, 0xeb9, 0xec8, 0xec9, 0xeca, 0xecb, 0xf18,
  0xf19, 0xf35, 0xf37, 0xf39, 0xf71, 0xf72, 0xf74, 0xf7a,
  0xf7b, 0xf7c, 0xf7d, 0xf80, 0xf82, 0xf83, 0xf84, 0xf86,
  0xf87, 0xfc6, 0x1037, 0x1039, 0x1714, 0x1734, 0x17d2, 0x18a9,
  0x20d0, 0x20d1, 0x20d2, 0x20d3, 0x20d4, 0x20d5, 0x20d6, 0x20d7,
  0x20d8, 0x20d9, 0x20da, 0x20db, 0x20dc, 0x20e1, 0x20e5, 0x20e6,
  0x20e7, 0x20e8, 0x20e9, 0x20ea, 0x302a, 0x302b, 0x302c, 0x302d,
  0x302e, 0x302f, 0x3099, 0x309a, 0xfb1e, 0xfe20, 0xfe21, 0xfe22,
  0xfe23, 0x1d165, 0x1d166, 0x1d167, 0x1d168, 0x1d169, 0x1d16d, 0x1d16e,
  0x1d16f, 0x1d170, 0x1d171, 0x1d172, 0x1d17b, 0x1d17c, 0x1d17d, 0x1d17e,
  0x1d17f, 0x1d180, 0x1d181, 0x1d182, 0x1d185, 0x1d186, 0x1d187, 0x1d188,
  0x1d189, 0x1d18a, 0x1d18b, 0x1d1aa, 0x1d1ab, 0x1d1ac, 0x1d1ad,
};

static const uint8_t tc_unicode_class_values[] TC_UNICODE_STORAGE = {
  0xe6, 0xe6, 0xe6, 0xe6, 0xe6, 0xe6, 0xe6, 0xe6,
  0xe6, 0xe6, 0xe6, 0xe6, 0xe6, 0xe6, 0xe6, 0xe6,
  0xe6, 0xe6, 0xe6, 0xe6, 0xe6, 0xe8, 0xdc, 0xdc,
  0xdc, 0xdc, 0xe8, 0xd8, 0xdc, 0xdc, 0xdc, 0xdc,
  0xdc, 0xca, 0xca, 0xdc, 0xdc, 0xdc, 0xdc, 0xca,
  0xca, 0xdc, 0xdc, 0xdc, 0xdc, 0xdc, 0xdc, 0xdc,
  0xdc, 0xdc, 0xdc, 0xdc, 0x1, 0x1, 0x1, 0x1,
  0x1, 0xdc, 0xdc, 0xdc, 0xdc, 0xe6, 0xe6, 0xe6,
  0xe6, 0xe6, 0xe6, 0xe6, 0xe6, 0xf0, 0xe6, 0xdc,
  0xdc, 0xdc, 0xe6, 0xe6, 0xe6, 0xdc, 0xdc, 0xea,
  0xea, 0xe9, 0xe6, 0xe6, 0xe6, 0xe6, 0xe6, 0xe6,
  0xe6, 0xe6, 0xe6, 0xe6, 0xe6, 0xe6, 0xe6, 0xe6,
  0xe6, 0xe6, 0xe6, 0xdc, 0xe6, 0xe6, 0xe6, 0xe6,
  0xdc, 0xe6, 0xe6, 0xe6, 0xde, 0xdc, 0xe6, 0xe6,
  0xe6, 0xe6, 0xe6, 0xe6, 0xdc, 0xdc, 0xdc, 0xdc,
  0xdc, 0xe6, 0xe6, 0xdc, 0xe6, 0xe6, 0xde, 0xe4,
  0xe6, 0xa, 0xb, 0xc, 0xd, 0xe, 0xf, 0x10,
  0x11, 0x12, 0x13, 0x14, 0x15, 0x16, 0x17, 0x18,
  0x19, 0xe6, 0x1b, 0x1c, 0x1d, 0x1e, 0x1f, 0x20,
  0x21, 0x22, 0xe6, 0xe6, 0xdc, 0x23, 0xe6, 0xe6,
  0xe6, 0xe6, 0xe6, 0xe6, 0xe6, 0xe6, 0xe6, 0xe6,
  0xe6, 0xdc, 0xe6, 0xe6, 0xe6, 0xdc, 0xe6, 0xe6,
  0xdc, 0x24, 0xe6, 0xdc, 0xe6, 0xe6, 0xdc, 0xe6,
  0xe6, 0xdc, 0xdc, 0xdc, 0xe6, 0xdc, 0xdc, 0xe6,
  0xdc, 0xe6, 0xe6, 0xe6, 0xdc, 0xe6, 0xdc, 0xe6,
  0xdc, 0xe6, 0xdc, 0xe6, 0xe6, 0x7, 0x9, 0xe6,
  0xdc, 0xe6, 0xe6, 0x7, 0x9, 0x7, 0x9, 0x7,
  0x9, 0x7, 0x9, 0x9, 0x9, 0x54, 0x5b, 0x9,
  0x9, 0x9, 0x67, 0x67, 0x9, 0x6b, 0x6b, 0x6b,
  0x6b, 0x76, 0x76, 0x7a, 0x7a, 0x7a, 0x7a, 0xdc,
  0xdc, 0xdc, 0xdc, 0xd8, 0x81, 0x82, 0x84, 0x82,
  0x82, 0x82, 0x82, 0x82, 0xe6, 0xe6, 0x9, 0xe6,
  0xe6, 0xdc, 0x7, 0x9, 0x9, 0x9, 0x9, 0xe4,
  0xe6, 0xe6, 0x1, 0x1, 0xe6, 0xe6, 0xe6, 0xe6,
  0x1, 0x1, 0x1, 0xe6, 0xe6, 0xe6, 0x1, 0x1,
  0xe6, 0xdc, 0xe6, 0x1, 0xda, 0xe4, 0xe8, 0xde,
  0xe0, 0xe0, 0x8, 0x8, 0x1a, 0xe6, 0xe6, 0xe6,
  0xe6, 0xd8, 0xd8, 0x1, 0x1, 0x1, 0xe2, 0xd8,
  0xd8, 0xd8, 0xd8, 0xd8, 0xdc, 0xdc, 0xdc, 0xdc,
  0xdc, 0xdc, 0xdc, 0xdc, 0xe6, 0xe6, 0xe6, 0xe6,
  0xe6, 0xdc, 0xdc, 0xe6, 0xe6, 0xe6, 0xe6,
};

static const uint32_t tc_unicode_composition_first[] TC_UNICODE_STORAGE = {
  0x3c, 0x3d, 0x3e, 0x41, 0x41, 0x41, 0x41, 0x41,
  0x41, 0x41, 0x41, 0x41, 0x41, 0x41, 0x41, 0x41,
  0x41, 0x41, 0x41, 0x42, 0x42, 0x42, 0x43, 0x43,
  0x43, 0x43, 0x43, 0x44, 0x44, 0x44, 0x44, 0x44,
  0x44, 0x45, 0x45, 0x45, 0x45, 0x45, 0x45, 0x45,
  0x45, 0x45, 0x45, 0x45, 0x45, 0x45, 0x45, 0x45,
  0x45, 0x45, 0x46, 0x47, 0x47, 0x47, 0x47, 0x47,
  0x47, 0x47, 0x48, 0x48, 0x48, 0x48, 0x48, 0x48,
  0x48, 0x49, 0x49, 0x49, 0x49, 0x49, 0x49, 0x49,
  0x49, 0x49, 0x49, 0x49, 0x49, 0x49, 0x49, 0x49,
  0x4a, 0x4b, 0x4b, 0x4b, 0x4b, 0x4b, 0x4c, 0x4c,
  0x4c, 0x4c, 0x4c, 0x4c, 0x4d, 0x4d, 0x4d, 0x4e,
  0x4e, 0x4e, 0x4e, 0x4e, 0x4e, 0x4e, 0x4e, 0x4e,
  0x4f, 0x4f, 0x4f, 0x4f, 0x4f, 0x4f, 0x4f, 0x4f,
  0x4f, 0x4f, 0x4f, 0x4f, 0x4f, 0x4f, 0x4f, 0x4f,
  0x50, 0x50, 0x52, 0x52, 0x52, 0x52, 0x52, 0x52,
  0x52, 0x52, 0x53, 0x53, 0x53, 0x53, 0x53, 0x53,
  0x53, 0x54, 0x54, 0x54, 0x54, 0x54, 0x54, 0x54,
  0x55, 0x55, 0x55, 0x55, 0x55, 0x55, 0x55, 0x55,
  0x55, 0x55, 0x55, 0x55, 0x55, 0x55, 0x55, 0x55,
  0x55, 0x55, 0x55, 0x56, 0x56, 0x57, 0x57, 0x57,
  0x57, 0x57, 0x57, 0x58, 0x58, 0x59, 0x59, 0x59,
  0x59, 0x59, 0x59, 0x59, 0x59, 0x59, 0x5a, 0x5a,
  0x5a, 0x5a, 0x5a, 0x5a, 0x61, 0x61, 0x61, 0x61,
  0x61, 0x61, 0x61, 0x61, 0x61, 0x61, 0x61, 0x61,
  0x61, 0x61, 0x61, 0x61, 0x62, 0x62, 0x62, 0x63,
  0x63, 0x63, 0x63, 0x63, 0x64, 0x64, 0x64, 0x64,
  0x64, 0x64, 0x65, 0x65, 0x65, 0x65, 0x65, 0x65,
  0x65, 0x65, 0x65, 0x65, 0x65, 0x65, 0x65, 0x65,
  0x65, 0x65, 0x65, 0x66, 0x67, 0x67, 0x67, 0x67,
  0x67, 0x67, 0x67, 0x68, 0x68, 0x68, 0x68, 0x68,
  0x68, 0x68, 0x68, 0x69, 0x69, 0x69, 0x69, 0x69,
  0x69, 0x69, 0x69, 0x69, 0x69, 0x69, 0x69, 0x69,
  0x69, 0x6a, 0x6a, 0x6b, 0x6b, 0x6b, 0x6b, 0x6b,
  0x6c, 0x6c, 0x6c, 0x6c, 0x6c, 0x6c, 0x6d, 0x6d,
  0x6d, 0x6e, 0x6e, 0x6e, 0x6e, 0x6e, 0x6e, 0x6e,
  0x6e, 0x6e, 0x6f, 0x6f, 0x6f, 0x6f, 0x6f, 0x6f,
  0x6f, 0x6f, 0x6f, 0x6f, 0x6f, 0x6f, 0x6f, 0x6f,
  0x6f, 0x6f, 0x70, 0x70, 0x72, 0x72, 0x72, 0x72,
  0x72, 0x72, 0x72, 0x72, 0x73, 0x73, 0x73, 0x73,
  0x73, 0x73, 0x73, 0x74, 0x74, 0x74, 0x74, 0x74,
  0x74, 0x74, 0x74, 0x75, 0x75, 0x75, 0x75, 0x75,
  0x75, 0x75, 0x75, 0x75, 0x75, 0x75, 0x75, 0x75,
  0x75, 0x75, 0x75, 0x75, 0x75, 0x75, 0x76, 0x76,
  0x77, 0x77, 0x77, 0x77, 0x77, 0x77, 0x77, 0x78,
  0x78, 0x79, 0x79, 0x79, 0x79, 0x79, 0x79, 0x79,
  0x79, 0x79, 0x79, 0x7a, 0x7a, 0x7a, 0x7a, 0x7a,
  0x7a, 0xa8, 0xa8, 0xa8, 0xc2, 0xc2, 0xc2, 0xc2,
  0xc4, 0xc5, 0xc6, 0xc6, 0xc7, 0xca, 0xca, 0xca,
  0xca, 0xcf, 0xd4, 0xd4, 0xd4, 0xd4, 0xd5, 0xd5,
  0xd5, 0xd6, 0xd8, 0xdc, 0xdc, 0xdc, 0xdc, 0xe2,
  0xe2, 0xe2, 0xe2, 0xe4, 0xe5, 0xe6, 0xe6, 0xe7,
  0xea, 0xea, 0xea, 0xea, 0xef, 0xf4, 0xf4, 0xf4,
  0xf4, 0xf5, 0xf5, 0xf5, 0xf6, 0xf8, 0xfc, 0xfc,
  0xfc, 0xfc, 0x102, 0x102, 0x102, 0x102, 0x103, 0x103,
  0x103, 0x103, 0x112, 0x112, 0x113, 0x113, 0x14c, 0x14c,
  0x14d, 0x14d, 0x15a, 0x15b, 0x160, 0x161, 0x168, 0x169,
  0x16a, 0x16b, 0x17f, 0x1a0, 0x1a0, 0x1a0, 0x1a0, 0x1a0,
  0x1a1, 0x1a1, 0x1a1, 0x1a1, 0x1a1, 0x1af, 0x1af, 0x1af,
  0x1af, 0x1af, 0x1b0, 0x1b0, 0x1b0, 0x1b0, 0x1b0, 0x1b7,
  0x1ea, 0x1eb, 0x226, 0x227, 0x228, 0x229, 0x22e, 0x22f,
  0x292, 0x391, 0x391, 0x391, 0x391, 0x391, 0x391, 0x391,
  0x395, 0x395, 0x395, 0x395, 0x397, 0x397, 0x397, 0x397,
  0x397, 0x399, 0x399, 0x399, 0x399, 0x399, 0x399, 0x399,
  0x39f, 0x39f, 0x39f, 0x39f, 0x3a1, 0x3a5, 0x3a5, 0x3a5,
  0x3a5, 0x3a5, 0x3a5, 0x3a9, 0x3a9, 0x3a9, 0x3a9, 0x3a9,
  0x3ac, 0x3ae, 0x3b1, 0x3b1, 0x3b1, 0x3b1, 0x3b1, 0x3b1,
  0x3b1, 0x3b1, 0x3b5, 0x3b5, 0x3b5, 0x3b5, 0x3b7, 0x3b7,
  0x3b7, 0x3b7, 0x3b7, 0x3b7, 0x3b9, 0x3b9, 0x3b9, 0x3b9,
  0x3b9, 0x3b9, 0x3b9, 0x3b9, 0x3bf, 0x3bf, 0x3bf, 0x3bf,
  0x3c1, 0x3c1, 0x3c5, 0x3c5, 0x3c5, 0x3c5, 0x3c5, 0x3c5,
  0x3c5, 0x3c5, 0x3c9, 0x3c9, 0x3c9, 0x3c9, 0x3c9, 0x3c9,
  0x3ca, 0x3ca, 0x3ca, 0x3cb, 0x3cb, 0x3cb, 0x3ce, 0x3d2,
  0x3d2, 0x406, 0x410, 0x410, 0x413, 0x415, 0x415, 0x415,
  0x416, 0x416, 0x417, 0x418, 0x418, 0x418, 0x418, 0x41a,
  0x41e, 0x423, 0x423, 0x423, 0x423, 0x427, 0x42b, 0x42d,
  0x430, 0x430, 0x433, 0x435, 0x435, 0x435, 0x436, 0x436,
  0x437, 0x438, 0x438, 0x438, 0x438, 0x43a, 0x43e, 0x443,
  0x443, 0x443, 0x443, 0x447, 0x44b, 0x44d, 0x456, 0x474,
  0x475, 0x4d8, 0x4d9, 0x4e8, 0x4e9, 0x627, 0x627, 0x627,
  0x648, 0x64a, 0x6c1, 0x6d2, 0x6d5, 0x928, 0x930, 0x933,
  0x9c7, 0x9c7, 0xb47, 0xb47, 0xb47, 0xb92, 0xbc6, 0xbc6,
  0xbc7, 0xc46, 0xcbf, 0xcc6, 0xcc6, 0xcc6, 0xcca, 0xd46,
  0xd46, 0xd47, 0xdd9, 0xdd9, 0xdd9, 0xddc, 0x1025, 0x1e36,
  0x1e37, 0x1e5a, 0x1e5b, 0x1e62, 0x1e63, 0x1ea0, 0x1ea0, 0x1ea1,
  0x1ea1, 0x1eb8, 0x1eb9, 0x1ecc, 0x1ecd, 0x1f00, 0x1f00, 0x1f00,
  0x1f00, 0x1f01, 0x1f01, 0x1f01, 0x1f01, 0x1f02, 0x1f03, 0x1f04,
  0x1f05, 0x1f06, 0x1f07, 0x1f08, 0x1f08, 0x1f08, 0x1f08, 0x1f09,
  0x1f09, 0x1f09, 0x1f09, 0x1f0a, 0x1f0b, 0x1f0c, 0x1f0d, 0x1f0e,
  0x1f0f, 0x1f10, 0x1f10, 0x1f11, 0x1f11, 0x1f18, 0x1f18, 0x1f19,
  0x1f19, 0x1f20, 0x1f20, 0x1f20, 0x1f20, 0x1f21, 0x1f21, 0x1f21,
  0x1f21, 0x1f22, 0x1f23, 0x1f24, 0x1f25, 0x1f26, 0x1f27, 0x1f28,
  0x1f28, 0x1f28, 0x1f28, 0x1f29, 0x1f29, 0x1f29, 0x1f29, 0x1f2a,
  0x1f2b, 0x1f2c, 0x1f2d, 0x1f2e, 0x1f2f, 0x1f30, 0x1f30, 0x1f30,
  0x1f31, 0x1f31, 0x1f31, 0x1f38, 0x1f38, 0x1f38, 0x1f39, 0x1f39,
  0x1f39, 0x1f40, 0x1f40, 0x1f41, 0x1f41, 0x1f48, 0x1f48, 0x1f49,
  0x1f49, 0x1f50, 0x1f50, 0x1f50, 0x1f51, 0x1f51, 0x1f51, 0x1f59,
  0x1f59, 0x1f59, 0x1f60, 0x1f60, 0x1f60, 0x1f60, 0x1f61, 0x1f61,
  0x1f61, 0x1f61, 0x1f62, 0x1f63, 0x1f64, 0x1f65, 0x1f66, 0x1f67,
  0x1f68, 0x1f68, 0x1f68, 0x1f68, 0x1f69, 0x1f69, 0x1f69, 0x1f69,
  0x1f6a, 0x1f6b, 0x1f6c, 0x1f6d, 0x1f6e, 0x1f6f, 0x1f70, 0x1f74,
  0x1f7c, 0x1fb6, 0x1fbf, 0x1fbf, 0x1fbf, 0x1fc6, 0x1ff6, 0x1ffe,
  0x1ffe, 0x1ffe, 0x2190, 0x2192, 0x2194, 0x21d0, 0x21d2, 0x21d4,
  0x2203, 0x2208, 0x220b, 0x2223, 0x2225, 0x223c, 0x2243, 0x2245,
  0x2248, 0x224d, 0x2261, 0x2264, 0x2265, 0x2272, 0x2273, 0x2276,
  0x2277, 0x227a, 0x227b, 0x227c, 0x227d, 0x2282, 0x2283, 0x2286,
  0x2287, 0x2291, 0x2292, 0x22a2, 0x22a8, 0x22a9, 0x22ab, 0x22b2,
  0x22b3, 0x22b4, 0x22b5, 0x3046, 0x304b, 0x304d, 0x304f, 0x3051,
  0x3053, 0x3055, 0x3057, 0x3059, 0x305b, 0x305d, 0x305f, 0x3061,
  0x3064, 0x3066, 0x3068, 0x306f, 0x306f, 0x3072, 0x3072, 0x3075,
  0x3075, 0x3078, 0x3078, 0x307b, 0x307b, 0x309d, 0x30a6, 0x30ab,
  0x30ad, 0x30af, 0x30b1, 0x30b3, 0x30b5, 0x30b7, 0x30b9, 0x30bb,
  0x30bd, 0x30bf, 0x30c1, 0x30c4, 0x30c6, 0x30c8, 0x30cf, 0x30cf,
  0x30d2, 0x30d2, 0x30d5, 0x30d5, 0x30d8, 0x30d8, 0x30db, 0x30db,
  0x30ef, 0x30f0, 0x30f1, 0x30f2, 0x30fd,
};

static const uint32_t tc_unicode_composition_second[] TC_UNICODE_STORAGE = {
  0x338, 0x338, 0x338, 0x300, 0x301, 0x302, 0x303, 0x304,
  0x306, 0x307, 0x308, 0x309, 0x30a, 0x30c, 0x30f, 0x311,
  0x323, 0x325, 0x328, 0x307, 0x323, 0x331, 0x301, 0x302,
  0x307, 0x30c, 0x327, 0x307, 0x30c, 0x323, 0x327, 0x32d,
  0x331, 0x300, 0x301, 0x302, 0x303, 0x304, 0x306, 0x307,
  0x308, 0x309, 0x30c, 0x30f, 0x311, 0x323, 0x327, 0x328,
  0x32d, 0x330, 0x307, 0x301, 0x302, 0x304, 0x306, 0x307,
  0x30c, 0x327, 0x302, 0x307, 0x308, 0x30c, 0x323, 0x327,
  0x32e, 0x300, 0x301, 0x302, 0x303, 0x304, 0x306, 0x307,
  0x308, 0x309, 0x30c, 0x30f, 0x311, 0x323, 0x328, 0x330,
  0x302, 0x301, 0x30c, 0x323, 0x327, 0x331, 0x301, 0x30c,
  0x323, 0x327, 0x32d, 0x331, 0x301, 0x307, 0x323, 0x300,
  0x301, 0x303, 0x307, 0x30c, 0x323, 0x327, 0x32d, 0x331,
  0x300, 0x301, 0x302, 0x303, 0x304, 0x306, 0x307, 0x308,
  0x309, 0x30b, 0x30c, 0x30f, 0x311, 0x31b, 0x323, 0x328,
  0x301, 0x307, 0x301, 0x307, 0x30c, 0x30f, 0x311, 0x323,
  0x327, 0x331, 0x301, 0x302, 0x307, 0x30c, 0x323, 0x326,
  0x327, 0x307, 0x30c, 0x323, 0x326, 0x327, 0x32d, 0x331,
  0x300, 0x301, 0x302, 0x303, 0x304, 0x306, 0x308, 0x309,
  0x30a, 0x30b, 0x30c, 0x30f, 0x311, 0x31b, 0x323, 0x324,
  0x328, 0x32d, 0x330, 0x303, 0x323, 0x300, 0x301, 0x302,
  0x307, 0x308, 0x323, 0x307, 0x308, 0x300, 0x301, 0x302,
  0x303, 0x304, 0x307, 0x308, 0x309, 0x323, 0x301, 0x302,
  0x307, 0x30c, 0x323, 0x331, 0x300, 0x301, 0x302, 0x303,
  0x304, 0x306, 0x307, 0x308, 0x309, 0x30a, 0x30c, 0x30f,
  0x311, 0x323, 0x325, 0x328, 0x307, 0x323, 0x331, 0x301,
  0x302, 0x307, 0x30c, 0x327, 0x307, 0x30c, 0x323, 0x327,
  0x32d, 0x331, 0x300, 0x301, 0x302, 0x303, 0x304, 0x306,
  0x307, 0x308, 0x309, 0x30c, 0x30f, 0x311, 0x323, 0x327,
  0x328, 0x32d, 0x330, 0x307, 0x301, 0x302, 0x304, 0x306,
  0x307, 0x30c, 0x327, 0x302, 0x307, 0x308, 0x30c, 0x323,
  0x327, 0x32e, 0x331, 0x300, 0x301, 0x302, 0x303, 0x304,
  0x306, 0x308, 0x309, 0x30c, 0x30f, 0x311, 0x323, 0x328,
  0x330, 0x302, 0x30c, 0x301, 0x30c, 0x323, 0x327, 0x331,
  0x301, 0x30c, 0x323, 0x327, 0x32d, 0x331, 0x301, 0x307,
  0x323, 0x300, 0x301, 0x303, 0x307, 0x30c, 0x323, 0x327,
  0x32d, 0x331, 0x300, 0x301, 0x302, 0x303, 0x304, 0x306,
  0x307, 0x308, 0x309, 0x30b, 0x30c, 0x30f, 0x311, 0x31b,
  0x323, 0x328, 0x301, 0x307, 0x301, 0x307, 0x30c, 0x30f,
  0x311, 0x323, 0x327, 0x331, 0x301, 0x302, 0x307, 0x30c,
  0x323, 0x326, 0x327, 0x307, 0x308, 0x30c, 0x323, 0x326,
  0x327, 0x32d, 0x331, 0x300, 0x301, 0x302, 0x303, 0x304,
  0x306, 0x308, 0x309, 0x30a, 0x30b, 0x30c, 0x30f, 0x311,
  0x31b, 0x323, 0x324, 0x328, 0x32d, 0x330, 0x303, 0x323,
  0x300, 0x301, 0x302, 0x307, 0x308, 0x30a, 0x323, 0x307,
  0x308, 0x300, 0x301, 0x302, 0x303, 0x304, 0x307, 0x308,
  0x309, 0x30a, 0x323, 0x301, 0x302, 0x307, 0x30c, 0x323,
  0x331, 0x300, 0x301, 0x342, 0x300, 0x301, 0x303, 0x309,
  0x304, 0x301, 0x301, 0x304, 0x301, 0x300, 0x301, 0x303,
  0x309, 0x301, 0x300, 0x301, 0x303, 0x309, 0x301, 0x304,
  0x308, 0x304, 0x301, 0x300, 0x301, 0x304, 0x30c, 0x300,
  0x301, 0x303, 0x309, 0x304, 0x301, 0x301, 0x304, 0x301,
  0x300, 0x301, 0x303, 0x309, 0x301, 0x300, 0x301, 0x303,
  0x309, 0x301, 0x304, 0x308, 0x304, 0x301, 0x300, 0x301,
  0x304, 0x30c, 0x300, 0x301, 0x303, 0x309, 0x300, 0x301,
  0x303, 0x309, 0x300, 0x301, 0x300, 0x301, 0x300, 0x301,
  0x300, 0x301, 0x307, 0x307, 0x307, 0x307, 0x301, 0x301,
  0x308, 0x308, 0x307, 0x300, 0x301, 0x303, 0x309, 0x323,
  0x300, 0x301, 0x303, 0x309, 0x323, 0x300, 0x301, 0x303,
  0x309, 0x323, 0x300, 0x301, 0x303, 0x309, 0x323, 0x30c,
  0x304, 0x304, 0x304, 0x304, 0x306, 0x306, 0x304, 0x304,
  0x30c, 0x300, 0x301, 0x304, 0x306, 0x313, 0x314, 0x345,
  0x300, 0x301, 0x313, 0x314, 0x300, 0x301, 0x313, 0x314,
  0x345, 0x300, 0x301, 0x304, 0x306, 0x308, 0x313, 0x314,
  0x300, 0x301, 0x313, 0x314, 0x314, 0x300, 0x301, 0x304,
  0x306, 0x308, 0x314, 0x300, 0x301, 0x313, 0x314, 0x345,
  0x345, 0x345, 0x300, 0x301, 0x304, 0x306, 0x313, 0x314,
  0x342, 0x345, 0x300, 0x301, 0x313, 0x314, 0x300, 0x301,
  0x313, 0x314, 0x342, 0x345, 0x300, 0x301, 0x304, 0x306,
  0x308, 0x313, 0x314, 0x342, 0x300, 0x301, 0x313, 0x314,
  0x313, 0x314, 0x300, 0x301, 0x304, 0x306, 0x308, 0x313,
  0x314, 0x342, 0x300, 0x301, 0x313, 0x314, 0x342, 0x345,
  0x300, 0x301, 0x342, 0x300, 0x301, 0x342, 0x345, 0x301,
  0x308, 0x308, 0x306, 0x308, 0x301, 0x300, 0x306, 0x308,
  0x306, 0x308, 0x308, 0x300, 0x304, 0x306, 0x308, 0x301,
  0x308, 0x304, 0x306, 0x308, 0x30b, 0x308, 0x308, 0x308,
  0x306, 0x308, 0x301, 0x300, 0x306, 0x308, 0x306, 0x308,
  0x308, 0x300, 0x304, 0x306, 0x308, 0x301, 0x308, 0x304,
  0x306, 0x308, 0x30b, 0x308, 0x308, 0x308, 0x308, 0x30f,
  0x30f, 0x308, 0x308, 0x308, 0x308, 0x653, 0x654, 0x655,
  0x654, 0x654, 0x654, 0x654, 0x654, 0x93c, 0x93c, 0x93c,
  0x9be, 0x9d7, 0xb3e, 0xb56, 0xb57, 0xbd7, 0xbbe, 0xbd7,
  0xbbe, 0xc56, 0xcd5, 0xcc2, 0xcd5, 0xcd6, 0xcd5, 0xd3e,
  0xd57, 0xd3e, 0xdca, 0xdcf, 0xddf, 0xdca, 0x102e, 0x304,
  0x304, 0x304, 0x304, 0x307, 0x307, 0x302, 0x306, 0x302,
  0x306, 0x302, 0x302, 0x302, 0x302, 0x300, 0x301, 0x342,
  0x345, 0x300, 0x301, 0x342, 0x345, 0x345, 0x345, 0x345,
  0x345, 0x345, 0x345, 0x300, 0x301, 0x342, 0x345, 0x300,
  0x301, 0x342, 0x345, 0x345, 0x345, 0x345, 0x345, 0x345,
  0x345, 0x300, 0x301, 0x300, 0x301, 0x300, 0x301, 0x300,
  0x301, 0x300, 0x301, 0x342, 0x345, 0x300, 0x301, 0x342,
  0x345, 0x345, 0x345, 0x345, 0x345, 0x345, 0x345, 0x300,
  0x301, 0x342, 0x345, 0x300, 0x301, 0x342, 0x345, 0x345,
  0x345, 0x345, 0x345, 0x345, 0x345, 0x300, 0x301, 0x342,
  0x300, 0x301, 0x342, 0x300, 0x301, 0x342, 0x300, 0x301,
  0x342, 0x300, 0x301, 0x300, 0x301, 0x300, 0x301, 0x300,
  0x301, 0x300, 0x301, 0x342, 0x300, 0x301, 0x342, 0x300,
  0x301, 0x342, 0x300, 0x301, 0x342, 0x345, 0x300, 0x301,
  0x342, 0x345, 0x345, 0x345, 0x345, 0x345, 0x345, 0x345,
  0x300, 0x301, 0x342, 0x345, 0x300, 0x301, 0x342, 0x345,
  0x345, 0x345, 0x345, 0x345, 0x345, 0x345, 0x345, 0x345,
  0x345, 0x345, 0x300, 0x301, 0x342, 0x345, 0x345, 0x300,
  0x301, 0x342, 0x338, 0x338, 0x338, 0x338, 0x338, 0x338,
  0x338, 0x338, 0x338, 0x338, 0x338, 0x338, 0x338, 0x338,
  0x338, 0x338, 0x338, 0x338, 0x338, 0x338, 0x338, 0x338,
  0x338, 0x338, 0x338, 0x338, 0x338, 0x338, 0x338, 0x338,
  0x338, 0x338, 0x338, 0x338, 0x338, 0x338, 0x338, 0x338,
  0x338, 0x338, 0x338, 0x3099, 0x3099, 0x3099, 0x3099, 0x3099,
  0x3099, 0x3099, 0x3099, 0x3099, 0x3099, 0x3099, 0x3099, 0x3099,
  0x3099, 0x3099, 0x3099, 0x3099, 0x309a, 0x3099, 0x309a, 0x3099,
  0x309a, 0x3099, 0x309a, 0x3099, 0x309a, 0x3099, 0x3099, 0x3099,
  0x3099, 0x3099, 0x3099, 0x3099, 0x3099, 0x3099, 0x3099, 0x3099,
  0x3099, 0x3099, 0x3099, 0x3099, 0x3099, 0x3099, 0x3099, 0x309a,
  0x3099, 0x309a, 0x3099, 0x309a, 0x3099, 0x309a, 0x3099, 0x309a,
  0x3099, 0x3099, 0x3099, 0x3099, 0x3099,
};

static const uint32_t tc_unicode_composition_values[] TC_UNICODE_STORAGE = {
  0x226e, 0x2260, 0x226f, 0xc0, 0xc1, 0xc2, 0xc3, 0x100,
  0x102, 0x226, 0xc4, 0x1ea2, 0xc5, 0x1cd, 0x200, 0x202,
  0x1ea0, 0x1e00, 0x104, 0x1e02, 0x1e04, 0x1e06, 0x106, 0x108,
  0x10a, 0x10c, 0xc7, 0x1e0a, 0x10e, 0x1e0c, 0x1e10, 0x1e12,
  0x1e0e, 0xc8, 0xc9, 0xca, 0x1ebc, 0x112, 0x114, 0x116,
  0xcb, 0x1eba, 0x11a, 0x204, 0x206, 0x1eb8, 0x228, 0x118,
  0x1e18, 0x1e1a, 0x1e1e, 0x1f4, 0x11c, 0x1e20, 0x11e, 0x120,
  0x1e6, 0x122, 0x124, 0x1e22, 0x1e26, 0x21e, 0x1e24, 0x1e28,
  0x1e2a, 0xcc, 0xcd, 0xce, 0x128, 0x12a, 0x12c, 0x130,
  0xcf, 0x1ec8, 0x1cf, 0x208, 0x20a, 0x1eca, 0x12e, 0x1e2c,
  0x134, 0x1e30, 0x1e8, 0x1e32, 0x136, 0x1e34, 0x139, 0x13d,
  0x1e36, 0x13b, 0x1e3c, 0x1e3a, 0x1e3e, 0x1e40, 0x1e42, 0x1f8,
  0x143, 0xd1, 0x1e44, 0x147, 0x1e46, 0x145, 0x1e4a, 0x1e48,
  0xd2, 0xd3, 0xd4, 0xd5, 0x14c, 0x14e, 0x22e, 0xd6,
  0x1ece, 0x150, 0x1d1, 0x20c, 0x20e, 0x1a0, 0x1ecc, 0x1ea,
  0x1e54, 0x1e56, 0x154, 0x1e58, 0x158, 0x210, 0x212, 0x1e5a,
  0x156, 0x1e5e, 0x15a, 0x15c, 0x1e60, 0x160, 0x1e62, 0x218,
  0x15e, 0x1e6a, 0x164, 0x1e6c, 0x21a, 0x162, 0x1e70, 0x1e6e,
  0xd9, 0xda, 0xdb, 0x168, 0x16a, 0x16c, 0xdc, 0x1ee6,
  0x16e, 0x170, 0x1d3, 0x214, 0x216, 0x1af, 0x1ee4, 0x1e72,
  0x172, 0x1e76, 0x1e74, 0x1e7c, 0x1e7e, 0x1e80, 0x1e82, 0x174,
  0x1e86, 0x1e84, 0x1e88, 0x1e8a, 0x1e8c, 0x1ef2, 0xdd, 0x176,
  0x1ef8, 0x232, 0x1e8e, 0x178, 0x1ef6, 0x1ef4, 0x179, 0x1e90,
  0x17b, 0x17d, 0x1e92, 0x1e94, 0xe0, 0xe1, 0xe2, 0xe3,
  0x101, 0x103, 0x227, 0xe4, 0x1ea3, 0xe5, 0x1ce, 0x201,
  0x203, 0x1ea1, 0x1e01, 0x105, 0x1e03, 0x1e05, 0x1e07, 0x107,
  0x109, 0x10b, 0x10d, 0xe7, 0x1e0b, 0x10f, 0x1e0d, 0x1e11,
  0x1e13, 0x1e0f, 0xe8, 0xe9, 0xea, 0x1ebd, 0x113, 0x115,
  0x117, 0xeb, 0x1ebb, 0x11b, 0x205, 0x207, 0x1eb9, 0x229,
  0x119, 0x1e19, 0x1e1b, 0x1e1f, 0x1f5, 0x11d, 0x1e21, 0x11f,
  0x121, 0x1e7, 0x123, 0x125, 0x1e23, 0x1e27, 0x21f, 0x1e25,
  0x1e29, 0x1e2b, 0x1e96, 0xec, 0xed, 0xee, 0x129, 0x12b,
  0x12d, 0xef, 0x1ec9, 0x1d0, 0x209, 0x20b, 0x1ecb, 0x12f,
  0x1e2d, 0x135, 0x1f0, 0x1e31, 0x1e9, 0x1e33, 0x137, 0x1e35,
  0x13a, 0x13e, 0x1e37, 0x13c, 0x1e3d, 0x1e3b, 0x1e3f, 0x1e41,
  0x1e43, 0x1f9, 0x144, 0xf1, 0x1e45, 0x148, 0x1e47, 0x146,
  0x1e4b, 0x1e49, 0xf2, 0xf3, 0xf4, 0xf5, 0x14d, 0x14f,
  0x22f, 0xf6, 0x1ecf, 0x151, 0x1d2, 0x20d, 0x20f, 0x1a1,
  0x1ecd, 0x1eb, 0x1e55, 0x1e57, 0x155, 0x1e59, 0x159, 0x211,
  0x213, 0x1e5b, 0x157, 0x1e5f, 0x15b, 0x15d, 0x1e61, 0x161,
  0x1e63, 0x219, 0x15f, 0x1e6b, 0x1e97, 0x165, 0x1e6d, 0x21b,
  0x163, 0x1e71, 0x1e6f, 0xf9, 0xfa, 0xfb, 0x169, 0x16b,
  0x16d, 0xfc, 0x1ee7, 0x16f, 0x171, 0x1d4, 0x215, 0x217,
  0x1b0, 0x1ee5, 0x1e73, 0x173, 0x1e77, 0x1e75, 0x1e7d, 0x1e7f,
  0x1e81, 0x1e83, 0x175, 0x1e87, 0x1e85, 0x1e98, 0x1e89, 0x1e8b,
  0x1e8d, 0x1ef3, 0xfd, 0x177, 0x1ef9, 0x233, 0x1e8f, 0xff,
  0x1ef7, 0x1e99, 0x1ef5, 0x17a, 0x1e91, 0x17c, 0x17e, 0x1e93,
  0x1e95, 0x1fed, 0x385, 0x1fc1, 0x1ea6, 0x1ea4, 0x1eaa, 0x1ea8,
  0x1de, 0x1fa, 0x1fc, 0x1e2, 0x1e08, 0x1ec0, 0x1ebe, 0x1ec4,
  0x1ec2, 0x1e2e, 0x1ed2, 0x1ed0, 0x1ed6, 0x1ed4, 0x1e4c, 0x22c,
  0x1e4e, 0x22a, 0x1fe, 0x1db, 0x1d7, 0x1d5, 0x1d9, 0x1ea7,
  0x1ea5, 0x1eab, 0x1ea9, 0x1df, 0x1fb, 0x1fd, 0x1e3, 0x1e09,
  0x1ec1, 0x1ebf, 0x1ec5, 0x1ec3, 0x1e2f, 0x1ed3, 0x1ed1, 0x1ed7,
  0x1ed5, 0x1e4d, 0x22d, 0x1e4f, 0x22b, 0x1ff, 0x1dc, 0x1d8,
  0x1d6, 0x1da, 0x1eb0, 0x1eae, 0x1eb4, 0x1eb2, 0x1eb1, 0x1eaf,
  0x1eb5, 0x1eb3, 0x1e14, 0x1e16, 0x1e15, 0x1e17, 0x1e50, 0x1e52,
  0x1e51, 0x1e53, 0x1e64, 0x1e65, 0x1e66, 0x1e67, 0x1e78, 0x1e79,
  0x1e7a, 0x1e7b, 0x1e9b, 0x1edc, 0x1eda, 0x1ee0, 0x1ede, 0x1ee2,
  0x1edd, 0x1edb, 0x1ee1, 0x1edf, 0x1ee3, 0x1eea, 0x1ee8, 0x1eee,
  0x1eec, 0x1ef0, 0x1eeb, 0x1ee9, 0x1eef, 0x1eed, 0x1ef1, 0x1ee,
  0x1ec, 0x1ed, 0x1e0, 0x1e1, 0x1e1c, 0x1e1d, 0x230, 0x231,
  0x1ef, 0x1fba, 0x386, 0x1fb9, 0x1fb8, 0x1f08, 0x1f09, 0x1fbc,
  0x1fc8, 0x388, 0x1f18, 0x1f19, 0x1fca, 0x389, 0x1f28, 0x1f29,
  0x1fcc, 0x1fda, 0x38a, 0x1fd9, 0x1fd8, 0x3aa, 0x1f38, 0x1f39,
  0x1ff8, 0x38c, 0x1f48, 0x1f49, 0x1fec, 0x1fea, 0x38e, 0x1fe9,
  0x1fe8, 0x3ab, 0x1f59, 0x1ffa, 0x38f, 0x1f68, 0x1f69, 0x1ffc,
  0x1fb4, 0x1fc4, 0x1f70, 0x3ac, 0x1fb1, 0x1fb0, 0x1f00, 0x1f01,
  0x1fb6, 0x1fb3, 0x1f72, 0x3ad, 0x1f10, 0x1f11, 0x1f74, 0x3ae,
  0x1f20, 0x1f21, 0x1fc6, 0x1fc3, 0x1f76, 0x3af, 0x1fd1, 0x1fd0,
  0x3ca, 0x1f30, 0x1f31, 0x1fd6, 0x1f78, 0x3cc, 0x1f40, 0x1f41,
  0x1fe4, 0x1fe5, 0x1f7a, 0x3cd, 0x1fe1, 0x1fe0, 0x3cb, 0x1f50,
  0x1f51, 0x1fe6, 0x1f7c, 0x3ce, 0x1f60, 0x1f61, 0x1ff6, 0x1ff3,
  0x1fd2, 0x390, 0x1fd7, 0x1fe2, 0x3b0, 0x1fe7, 0x1ff4, 0x3d3,
  0x3d4, 0x407, 0x4d0, 0x4d2, 0x403, 0x400, 0x4d6, 0x401,
  0x4c1, 0x4dc, 0x4de, 0x40d, 0x4e2, 0x419, 0x4e4, 0x40c,
  0x4e6, 0x4ee, 0x40e, 0x4f0, 0x4f2, 0x4f4, 0x4f8, 0x4ec,
  0x4d1, 0x4d3, 0x453, 0x450, 0x4d7, 0x451, 0x4c2, 0x4dd,
  0x4df, 0x45d, 0x4e3, 0x439, 0x4e5, 0x45c, 0x4e7, 0x4ef,
  0x45e, 0x4f1, 0x4f3, 0x4f5, 0x4f9, 0x4ed, 0x457, 0x476,
  0x477, 0x4da, 0x4db, 0x4ea, 0x4eb, 0x622, 0x623, 0x625,
  0x624, 0x626, 0x6c2, 0x6d3, 0x6c0, 0x929, 0x931, 0x934,
  0x9cb, 0x9cc, 0xb4b, 0xb48, 0xb4c, 0xb94, 0xbca, 0xbcc,
  0xbcb, 0xc48, 0xcc0, 0xcca, 0xcc7, 0xcc8, 0xccb, 0xd4a,
  0xd4c, 0xd4b, 0xdda, 0xddc, 0xdde, 0xddd, 0x1026, 0x1e38,
  0x1e39, 0x1e5c, 0x1e5d, 0x1e68, 0x1e69, 0x1eac, 0x1eb6, 0x1ead,
  0x1eb7, 0x1ec6, 0x1ec7, 0x1ed8, 0x1ed9, 0x1f02, 0x1f04, 0x1f06,
  0x1f80, 0x1f03, 0x1f05, 0x1f07, 0x1f81, 0x1f82, 0x1f83, 0x1f84,
  0x1f85, 0x1f86, 0x1f87, 0x1f0a, 0x1f0c, 0x1f0e, 0x1f88, 0x1f0b,
  0x1f0d, 0x1f0f, 0x1f89, 0x1f8a, 0x1f8b, 0x1f8c, 0x1f8d, 0x1f8e,
  0x1f8f, 0x1f12, 0x1f14, 0x1f13, 0x1f15, 0x1f1a, 0x1f1c, 0x1f1b,
  0x1f1d, 0x1f22, 0x1f24, 0x1f26, 0x1f90, 0x1f23, 0x1f25, 0x1f27,
  0x1f91, 0x1f92, 0x1f93, 0x1f94, 0x1f95, 0x1f96, 0x1f97, 0x1f2a,
  0x1f2c, 0x1f2e, 0x1f98, 0x1f2b, 0x1f2d, 0x1f2f, 0x1f99, 0x1f9a,
  0x1f9b, 0x1f9c, 0x1f9d, 0x1f9e, 0x1f9f, 0x1f32, 0x1f34, 0x1f36,
  0x1f33, 0x1f35, 0x1f37, 0x1f3a, 0x1f3c, 0x1f3e, 0x1f3b, 0x1f3d,
  0x1f3f, 0x1f42, 0x1f44, 0x1f43, 0x1f45, 0x1f4a, 0x1f4c, 0x1f4b,
  0x1f4d, 0x1f52, 0x1f54, 0x1f56, 0x1f53, 0x1f55, 0x1f57, 0x1f5b,
  0x1f5d, 0x1f5f, 0x1f62, 0x1f64, 0x1f66, 0x1fa0, 0x1f63, 0x1f65,
  0x1f67, 0x1fa1, 0x1fa2, 0x1fa3, 0x1fa4, 0x1fa5, 0x1fa6, 0x1fa7,
  0x1f6a, 0x1f6c, 0x1f6e, 0x1fa8, 0x1f6b, 0x1f6d, 0x1f6f, 0x1fa9,
  0x1faa, 0x1fab, 0x1fac, 0x1fad, 0x1fae, 0x1faf, 0x1fb2, 0x1fc2,
  0x1ff2, 0x1fb7, 0x1fcd, 0x1fce, 0x1fcf, 0x1fc7, 0x1ff7, 0x1fdd,
  0x1fde, 0x1fdf, 0x219a, 0x219b, 0x21ae, 0x21cd, 0x21cf, 0x21ce,
  0x2204, 0x2209, 0x220c, 0x2224, 0x2226, 0x2241, 0x2244, 0x2247,
  0x2249, 0x226d, 0x2262, 0x2270, 0x2271, 0x2274, 0x2275, 0x2278,
  0x2279, 0x2280, 0x2281, 0x22e0, 0x22e1, 0x2284, 0x2285, 0x2288,
  0x2289, 0x22e2, 0x22e3, 0x22ac, 0x22ad, 0x22ae, 0x22af, 0x22ea,
  0x22eb, 0x22ec, 0x22ed, 0x3094, 0x304c, 0x304e, 0x3050, 0x3052,
  0x3054, 0x3056, 0x3058, 0x305a, 0x305c, 0x305e, 0x3060, 0x3062,
  0x3065, 0x3067, 0x3069, 0x3070, 0x3071, 0x3073, 0x3074, 0x3076,
  0x3077, 0x3079, 0x307a, 0x307c, 0x307d, 0x309e, 0x30f4, 0x30ac,
  0x30ae, 0x30b0, 0x30b2, 0x30b4, 0x30b6, 0x30b8, 0x30ba, 0x30bc,
  0x30be, 0x30c0, 0x30c2, 0x30c5, 0x30c7, 0x30c9, 0x30d0, 0x30d1,
  0x30d3, 0x30d4, 0x30d6, 0x30d7, 0x30d9, 0x30da, 0x30dc, 0x30dd,
  0x30f7, 0x30f8, 0x30f9, 0x30fa, 0x30fe,
};

static const uint32_t tc_unicode_folding_keys[] TC_UNICODE_STORAGE = {
  0x41, 0x42, 0x43, 0x44, 0x45, 0x46, 0x47, 0x48,
  0x49, 0x4a, 0x4b, 0x4c, 0x4d, 0x4e, 0x4f, 0x50,
  0x51, 0x52, 0x53, 0x54, 0x55, 0x56, 0x57, 0x58,
  0x59, 0x5a, 0xb5, 0xc0, 0xc1, 0xc2, 0xc3, 0xc4,
  0xc5, 0xc6, 0xc7, 0xc8, 0xc9, 0xca, 0xcb, 0xcc,
  0xcd, 0xce, 0xcf, 0xd0, 0xd1, 0xd2, 0xd3, 0xd4,
  0xd5, 0xd6, 0xd8, 0xd9, 0xda, 0xdb, 0xdc, 0xdd,
  0xde, 0xdf, 0x100, 0x102, 0x104, 0x106, 0x108, 0x10a,
  0x10c, 0x10e, 0x110, 0x112, 0x114, 0x116, 0x118, 0x11a,
  0x11c, 0x11e, 0x120, 0x122, 0x124, 0x126, 0x128, 0x12a,
  0x12c, 0x12e, 0x130, 0x132, 0x134, 0x136, 0x139, 0x13b,
  0x13d, 0x13f, 0x141, 0x143, 0x145, 0x147, 0x149, 0x14a,
  0x14c, 0x14e, 0x150, 0x152, 0x154, 0x156, 0x158, 0x15a,
  0x15c, 0x15e, 0x160, 0x162, 0x164, 0x166, 0x168, 0x16a,
  0x16c, 0x16e, 0x170, 0x172, 0x174, 0x176, 0x178, 0x179,
  0x17b, 0x17d, 0x17f, 0x181, 0x182, 0x184, 0x186, 0x187,
  0x189, 0x18a, 0x18b, 0x18e, 0x18f, 0x190, 0x191, 0x193,
  0x194, 0x196, 0x197, 0x198, 0x19c, 0x19d, 0x19f, 0x1a0,
  0x1a2, 0x1a4, 0x1a6, 0x1a7, 0x1a9, 0x1ac, 0x1ae, 0x1af,
  0x1b1, 0x1b2, 0x1b3, 0x1b5, 0x1b7, 0x1b8, 0x1bc, 0x1c4,
  0x1c5, 0x1c7, 0x1c8, 0x1ca, 0x1cb, 0x1cd, 0x1cf, 0x1d1,
  0x1d3, 0x1d5, 0x1d7, 0x1d9, 0x1db, 0x1de, 0x1e0, 0x1e2,
  0x1e4, 0x1e6, 0x1e8, 0x1ea, 0x1ec, 0x1ee, 0x1f0, 0x1f1,
  0x1f2, 0x1f4, 0x1f6, 0x1f7, 0x1f8, 0x1fa, 0x1fc, 0x1fe,
  0x200, 0x202, 0x204, 0x206, 0x208, 0x20a, 0x20c, 0x20e,
  0x210, 0x212, 0x214, 0x216, 0x218, 0x21a, 0x21c, 0x21e,
  0x220, 0x222, 0x224, 0x226, 0x228, 0x22a, 0x22c, 0x22e,
  0x230, 0x232, 0x345, 0x37a, 0x386, 0x388, 0x389, 0x38a,
  0x38c, 0x38e, 0x38f, 0x390, 0x391, 0x392, 0x393, 0x394,
  0x395, 0x396, 0x397, 0x398, 0x399, 0x39a, 0x39b, 0x39c,
  0x39d, 0x39e, 0x39f, 0x3a0, 0x3a1, 0x3a3, 0x3a4, 0x3a5,
  0x3a6, 0x3a7, 0x3a8, 0x3a9, 0x3aa, 0x3ab, 0x3b0, 0x3c2,
  0x3d0, 0x3d1, 0x3d2, 0x3d3, 0x3d4, 0x3d5, 0x3d6, 0x3d8,
  0x3da, 0x3dc, 0x3de, 0x3e0, 0x3e2, 0x3e4, 0x3e6, 0x3e8,
  0x3ea, 0x3ec, 0x3ee, 0x3f0, 0x3f1, 0x3f2, 0x3f4, 0x3f5,
  0x400, 0x401, 0x402, 0x403, 0x404, 0x405, 0x406, 0x407,
  0x408, 0x409, 0x40a, 0x40b, 0x40c, 0x40d, 0x40e, 0x40f,
  0x410, 0x411, 0x412, 0x413, 0x414, 0x415, 0x416, 0x417,
  0x418, 0x419, 0x41a, 0x41b, 0x41c, 0x41d, 0x41e, 0x41f,
  0x420, 0x421, 0x422, 0x423, 0x424, 0x425, 0x426, 0x427,
  0x428, 0x429, 0x42a, 0x42b, 0x42c, 0x42d, 0x42e, 0x42f,
  0x460, 0x462, 0x464, 0x466, 0x468, 0x46a, 0x46c, 0x46e,
  0x470, 0x472, 0x474, 0x476, 0x478, 0x47a, 0x47c, 0x47e,
  0x480, 0x48a, 0x48c, 0x48e, 0x490, 0x492, 0x494, 0x496,
  0x498, 0x49a, 0x49c, 0x49e, 0x4a0, 0x4a2, 0x4a4, 0x4a6,
  0x4a8, 0x4aa, 0x4ac, 0x4ae, 0x4b0, 0x4b2, 0x4b4, 0x4b6,
  0x4b8, 0x4ba, 0x4bc, 0x4be, 0x4c1, 0x4c3, 0x4c5, 0x4c7,
  0x4c9, 0x4cb, 0x4cd, 0x4d0, 0x4d2, 0x4d4, 0x4d6, 0x4d8,
  0x4da, 0x4dc, 0x4de, 0x4e0, 0x4e2, 0x4e4, 0x4e6, 0x4e8,
  0x4ea, 0x4ec, 0x4ee, 0x4f0, 0x4f2, 0x4f4, 0x4f8, 0x500,
  0x502, 0x504, 0x506, 0x508, 0x50a, 0x50c, 0x50e, 0x531,
  0x532, 0x533, 0x534, 0x535, 0x536, 0x537, 0x538, 0x539,
  0x53a, 0x53b, 0x53c, 0x53d, 0x53e, 0x53f, 0x540, 0x541,
  0x542, 0x543, 0x544, 0x545, 0x546, 0x547, 0x548, 0x549,
  0x54a, 0x54b, 0x54c, 0x54d, 0x54e, 0x54f, 0x550, 0x551,
  0x552, 0x553, 0x554, 0x555, 0x556, 0x587, 0x1e00, 0x1e02,
  0x1e04, 0x1e06, 0x1e08, 0x1e0a, 0x1e0c, 0x1e0e, 0x1e10, 0x1e12,
  0x1e14, 0x1e16, 0x1e18, 0x1e1a, 0x1e1c, 0x1e1e, 0x1e20, 0x1e22,
  0x1e24, 0x1e26, 0x1e28, 0x1e2a, 0x1e2c, 0x1e2e, 0x1e30, 0x1e32,
  0x1e34, 0x1e36, 0x1e38, 0x1e3a, 0x1e3c, 0x1e3e, 0x1e40, 0x1e42,
  0x1e44, 0x1e46, 0x1e48, 0x1e4a, 0x1e4c, 0x1e4e, 0x1e50, 0x1e52,
  0x1e54, 0x1e56, 0x1e58, 0x1e5a, 0x1e5c, 0x1e5e, 0x1e60, 0x1e62,
  0x1e64, 0x1e66, 0x1e68, 0x1e6a, 0x1e6c, 0x1e6e, 0x1e70, 0x1e72,
  0x1e74, 0x1e76, 0x1e78, 0x1e7a, 0x1e7c, 0x1e7e, 0x1e80, 0x1e82,
  0x1e84, 0x1e86, 0x1e88, 0x1e8a, 0x1e8c, 0x1e8e, 0x1e90, 0x1e92,
  0x1e94, 0x1e96, 0x1e97, 0x1e98, 0x1e99, 0x1e9a, 0x1e9b, 0x1ea0,
  0x1ea2, 0x1ea4, 0x1ea6, 0x1ea8, 0x1eaa, 0x1eac, 0x1eae, 0x1eb0,
  0x1eb2, 0x1eb4, 0x1eb6, 0x1eb8, 0x1eba, 0x1ebc, 0x1ebe, 0x1ec0,
  0x1ec2, 0x1ec4, 0x1ec6, 0x1ec8, 0x1eca, 0x1ecc, 0x1ece, 0x1ed0,
  0x1ed2, 0x1ed4, 0x1ed6, 0x1ed8, 0x1eda, 0x1edc, 0x1ede, 0x1ee0,
  0x1ee2, 0x1ee4, 0x1ee6, 0x1ee8, 0x1eea, 0x1eec, 0x1eee, 0x1ef0,
  0x1ef2, 0x1ef4, 0x1ef6, 0x1ef8, 0x1f08, 0x1f09, 0x1f0a, 0x1f0b,
  0x1f0c, 0x1f0d, 0x1f0e, 0x1f0f, 0x1f18, 0x1f19, 0x1f1a, 0x1f1b,
  0x1f1c, 0x1f1d, 0x1f28, 0x1f29, 0x1f2a, 0x1f2b, 0x1f2c, 0x1f2d,
  0x1f2e, 0x1f2f, 0x1f38, 0x1f39, 0x1f3a, 0x1f3b, 0x1f3c, 0x1f3d,
  0x1f3e, 0x1f3f, 0x1f48, 0x1f49, 0x1f4a, 0x1f4b, 0x1f4c, 0x1f4d,
  0x1f50, 0x1f52, 0x1f54, 0x1f56, 0x1f59, 0x1f5b, 0x1f5d, 0x1f5f,
  0x1f68, 0x1f69, 0x1f6a, 0x1f6b, 0x1f6c, 0x1f6d, 0x1f6e, 0x1f6f,
  0x1f80, 0x1f81, 0x1f82, 0x1f83, 0x1f84, 0x1f85, 0x1f86, 0x1f87,
  0x1f88, 0x1f89, 0x1f8a, 0x1f8b, 0x1f8c, 0x1f8d, 0x1f8e, 0x1f8f,
  0x1f90, 0x1f91, 0x1f92, 0x1f93, 0x1f94, 0x1f95, 0x1f96, 0x1f97,
  0x1f98, 0x1f99, 0x1f9a, 0x1f9b, 0x1f9c, 0x1f9d, 0x1f9e, 0x1f9f,
  0x1fa0, 0x1fa1, 0x1fa2, 0x1fa3, 0x1fa4, 0x1fa5, 0x1fa6, 0x1fa7,
  0x1fa8, 0x1fa9, 0x1faa, 0x1fab, 0x1fac, 0x1fad, 0x1fae, 0x1faf,
  0x1fb2, 0x1fb3, 0x1fb4, 0x1fb6, 0x1fb7, 0x1fb8, 0x1fb9, 0x1fba,
  0x1fbb, 0x1fbc, 0x1fbe, 0x1fc2, 0x1fc3, 0x1fc4, 0x1fc6, 0x1fc7,
  0x1fc8, 0x1fc9, 0x1fca, 0x1fcb, 0x1fcc, 0x1fd2, 0x1fd3, 0x1fd6,
  0x1fd7, 0x1fd8, 0x1fd9, 0x1fda, 0x1fdb, 0x1fe2, 0x1fe3, 0x1fe4,
  0x1fe6, 0x1fe7, 0x1fe8, 0x1fe9, 0x1fea, 0x1feb, 0x1fec, 0x1ff2,
  0x1ff3, 0x1ff4, 0x1ff6, 0x1ff7, 0x1ff8, 0x1ff9, 0x1ffa, 0x1ffb,
  0x1ffc, 0x20a8, 0x2102, 0x2103, 0x2107, 0x2109, 0x210b, 0x210c,
  0x210d, 0x2110, 0x2111, 0x2112, 0x2115, 0x2116, 0x2119, 0x211a,
  0x211b, 0x211c, 0x211d, 0x2120, 0x2121, 0x2122, 0x2124, 0x2126,
  0x2128, 0x212a, 0x212b, 0x212c, 0x212d, 0x2130, 0x2131, 0x2133,
  0x213e, 0x213f, 0x2145, 0x2160, 0x2161, 0x2162, 0x2163, 0x2164,
  0x2165, 0x2166, 0x2167, 0x2168, 0x2169, 0x216a, 0x216b, 0x216c,
  0x216d, 0x216e, 0x216f, 0x24b6, 0x24b7, 0x24b8, 0x24b9, 0x24ba,
  0x24bb, 0x24bc, 0x24bd, 0x24be, 0x24bf, 0x24c0, 0x24c1, 0x24c2,
  0x24c3, 0x24c4, 0x24c5, 0x24c6, 0x24c7, 0x24c8, 0x24c9, 0x24ca,
  0x24cb, 0x24cc, 0x24cd, 0x24ce, 0x24cf, 0x3371, 0x3373, 0x3375,
  0x3380, 0x3381, 0x3382, 0x3383, 0x3384, 0x3385, 0x3386, 0x3387,
  0x338a, 0x338b, 0x338c, 0x3390, 0x3391, 0x3392, 0x3393, 0x3394,
  0x33a9, 0x33aa, 0x33ab, 0x33ac, 0x33b4, 0x33b5, 0x33b6, 0x33b7,
  0x33b8, 0x33b9, 0x33ba, 0x33bb, 0x33bc, 0x33bd, 0x33be, 0x33bf,
  0x33c0, 0x33c1, 0x33c3, 0x33c6, 0x33c7, 0x33c8, 0x33c9, 0x33cb,
  0x33cd, 0x33ce, 0x33d7, 0x33d9, 0x33da, 0x33dc, 0x33dd, 0xfb00,
  0xfb01, 0xfb02, 0xfb03, 0xfb04, 0xfb05, 0xfb06, 0xfb13, 0xfb14,
  0xfb15, 0xfb16, 0xfb17, 0xff21, 0xff22, 0xff23, 0xff24, 0xff25,
  0xff26, 0xff27, 0xff28, 0xff29, 0xff2a, 0xff2b, 0xff2c, 0xff2d,
  0xff2e, 0xff2f, 0xff30, 0xff31, 0xff32, 0xff33, 0xff34, 0xff35,
  0xff36, 0xff37, 0xff38, 0xff39, 0xff3a, 0x10400, 0x10401, 0x10402,
  0x10403, 0x10404, 0x10405, 0x10406, 0x10407, 0x10408, 0x10409, 0x1040a,
  0x1040b, 0x1040c, 0x1040d, 0x1040e, 0x1040f, 0x10410, 0x10411, 0x10412,
  0x10413, 0x10414, 0x10415, 0x10416, 0x10417, 0x10418, 0x10419, 0x1041a,
  0x1041b, 0x1041c, 0x1041d, 0x1041e, 0x1041f, 0x10420, 0x10421, 0x10422,
  0x10423, 0x10424, 0x10425, 0x1d400, 0x1d401, 0x1d402, 0x1d403, 0x1d404,
  0x1d405, 0x1d406, 0x1d407, 0x1d408, 0x1d409, 0x1d40a, 0x1d40b, 0x1d40c,
  0x1d40d, 0x1d40e, 0x1d40f, 0x1d410, 0x1d411, 0x1d412, 0x1d413, 0x1d414,
  0x1d415, 0x1d416, 0x1d417, 0x1d418, 0x1d419, 0x1d434, 0x1d435, 0x1d436,
  0x1d437, 0x1d438, 0x1d439, 0x1d43a, 0x1d43b, 0x1d43c, 0x1d43d, 0x1d43e,
  0x1d43f, 0x1d440, 0x1d441, 0x1d442, 0x1d443, 0x1d444, 0x1d445, 0x1d446,
  0x1d447, 0x1d448, 0x1d449, 0x1d44a, 0x1d44b, 0x1d44c, 0x1d44d, 0x1d468,
  0x1d469, 0x1d46a, 0x1d46b, 0x1d46c, 0x1d46d, 0x1d46e, 0x1d46f, 0x1d470,
  0x1d471, 0x1d472, 0x1d473, 0x1d474, 0x1d475, 0x1d476, 0x1d477, 0x1d478,
  0x1d479, 0x1d47a, 0x1d47b, 0x1d47c, 0x1d47d, 0x1d47e, 0x1d47f, 0x1d480,
  0x1d481, 0x1d49c, 0x1d49e, 0x1d49f, 0x1d4a2, 0x1d4a5, 0x1d4a6, 0x1d4a9,
  0x1d4aa, 0x1d4ab, 0x1d4ac, 0x1d4ae, 0x1d4af, 0x1d4b0, 0x1d4b1, 0x1d4b2,
  0x1d4b3, 0x1d4b4, 0x1d4b5, 0x1d4d0, 0x1d4d1, 0x1d4d2, 0x1d4d3, 0x1d4d4,
  0x1d4d5, 0x1d4d6, 0x1d4d7, 0x1d4d8, 0x1d4d9, 0x1d4da, 0x1d4db, 0x1d4dc,
  0x1d4dd, 0x1d4de, 0x1d4df, 0x1d4e0, 0x1d4e1, 0x1d4e2, 0x1d4e3, 0x1d4e4,
  0x1d4e5, 0x1d4e6, 0x1d4e7, 0x1d4e8, 0x1d4e9, 0x1d504, 0x1d505, 0x1d507,
  0x1d508, 0x1d509, 0x1d50a, 0x1d50d, 0x1d50e, 0x1d50f, 0x1d510, 0x1d511,
  0x1d512, 0x1d513, 0x1d514, 0x1d516, 0x1d517, 0x1d518, 0x1d519, 0x1d51a,
  0x1d51b, 0x1d51c, 0x1d538, 0x1d539, 0x1d53b, 0x1d53c, 0x1d53d, 0x1d53e,
  0x1d540, 0x1d541, 0x1d542, 0x1d543, 0x1d544, 0x1d546, 0x1d54a, 0x1d54b,
  0x1d54c, 0x1d54d, 0x1d54e, 0x1d54f, 0x1d550, 0x1d56c, 0x1d56d, 0x1d56e,
  0x1d56f, 0x1d570, 0x1d571, 0x1d572, 0x1d573, 0x1d574, 0x1d575, 0x1d576,
  0x1d577, 0x1d578, 0x1d579, 0x1d57a, 0x1d57b, 0x1d57c, 0x1d57d, 0x1d57e,
  0x1d57f, 0x1d580, 0x1d581, 0x1d582, 0x1d583, 0x1d584, 0x1d585, 0x1d5a0,
  0x1d5a1, 0x1d5a2, 0x1d5a3, 0x1d5a4, 0x1d5a5, 0x1d5a6, 0x1d5a7, 0x1d5a8,
  0x1d5a9, 0x1d5aa, 0x1d5ab, 0x1d5ac, 0x1d5ad, 0x1d5ae, 0x1d5af, 0x1d5b0,
  0x1d5b1, 0x1d5b2, 0x1d5b3, 0x1d5b4, 0x1d5b5, 0x1d5b6, 0x1d5b7, 0x1d5b8,
  0x1d5b9, 0x1d5d4, 0x1d5d5, 0x1d5d6, 0x1d5d7, 0x1d5d8, 0x1d5d9, 0x1d5da,
  0x1d5db, 0x1d5dc, 0x1d5dd, 0x1d5de, 0x1d5df, 0x1d5e0, 0x1d5e1, 0x1d5e2,
  0x1d5e3, 0x1d5e4, 0x1d5e5, 0x1d5e6, 0x1d5e7, 0x1d5e8, 0x1d5e9, 0x1d5ea,
  0x1d5eb, 0x1d5ec, 0x1d5ed, 0x1d608, 0x1d609, 0x1d60a, 0x1d60b, 0x1d60c,
  0x1d60d, 0x1d60e, 0x1d60f, 0x1d610, 0x1d611, 0x1d612, 0x1d613, 0x1d614,
  0x1d615, 0x1d616, 0x1d617, 0x1d618, 0x1d619, 0x1d61a, 0x1d61b, 0x1d61c,
  0x1d61d, 0x1d61e, 0x1d61f, 0x1d620, 0x1d621, 0x1d63c, 0x1d63d, 0x1d63e,
  0x1d63f, 0x1d640, 0x1d641, 0x1d642, 0x1d643, 0x1d644, 0x1d645, 0x1d646,
  0x1d647, 0x1d648, 0x1d649, 0x1d64a, 0x1d64b, 0x1d64c, 0x1d64d, 0x1d64e,
  0x1d64f, 0x1d650, 0x1d651, 0x1d652, 0x1d653, 0x1d654, 0x1d655, 0x1d670,
  0x1d671, 0x1d672, 0x1d673, 0x1d674, 0x1d675, 0x1d676, 0x1d677, 0x1d678,
  0x1d679, 0x1d67a, 0x1d67b, 0x1d67c, 0x1d67d, 0x1d67e, 0x1d67f, 0x1d680,
  0x1d681, 0x1d682, 0x1d683, 0x1d684, 0x1d685, 0x1d686, 0x1d687, 0x1d688,
  0x1d689, 0x1d6a8, 0x1d6a9, 0x1d6aa, 0x1d6ab, 0x1d6ac, 0x1d6ad, 0x1d6ae,
  0x1d6af, 0x1d6b0, 0x1d6b1, 0x1d6b2, 0x1d6b3, 0x1d6b4, 0x1d6b5, 0x1d6b6,
  0x1d6b7, 0x1d6b8, 0x1d6b9, 0x1d6ba, 0x1d6bb, 0x1d6bc, 0x1d6bd, 0x1d6be,
  0x1d6bf, 0x1d6c0, 0x1d6d3, 0x1d6e2, 0x1d6e3, 0x1d6e4, 0x1d6e5, 0x1d6e6,
  0x1d6e7, 0x1d6e8, 0x1d6e9, 0x1d6ea, 0x1d6eb, 0x1d6ec, 0x1d6ed, 0x1d6ee,
  0x1d6ef, 0x1d6f0, 0x1d6f1, 0x1d6f2, 0x1d6f3, 0x1d6f4, 0x1d6f5, 0x1d6f6,
  0x1d6f7, 0x1d6f8, 0x1d6f9, 0x1d6fa, 0x1d70d, 0x1d71c, 0x1d71d, 0x1d71e,
  0x1d71f, 0x1d720, 0x1d721, 0x1d722, 0x1d723, 0x1d724, 0x1d725, 0x1d726,
  0x1d727, 0x1d728, 0x1d729, 0x1d72a, 0x1d72b, 0x1d72c, 0x1d72d, 0x1d72e,
  0x1d72f, 0x1d730, 0x1d731, 0x1d732, 0x1d733, 0x1d734, 0x1d747, 0x1d756,
  0x1d757, 0x1d758, 0x1d759, 0x1d75a, 0x1d75b, 0x1d75c, 0x1d75d, 0x1d75e,
  0x1d75f, 0x1d760, 0x1d761, 0x1d762, 0x1d763, 0x1d764, 0x1d765, 0x1d766,
  0x1d767, 0x1d768, 0x1d769, 0x1d76a, 0x1d76b, 0x1d76c, 0x1d76d, 0x1d76e,
  0x1d781, 0x1d790, 0x1d791, 0x1d792, 0x1d793, 0x1d794, 0x1d795, 0x1d796,
  0x1d797, 0x1d798, 0x1d799, 0x1d79a, 0x1d79b, 0x1d79c, 0x1d79d, 0x1d79e,
  0x1d79f, 0x1d7a0, 0x1d7a1, 0x1d7a2, 0x1d7a3, 0x1d7a4, 0x1d7a5, 0x1d7a6,
  0x1d7a7, 0x1d7a8, 0x1d7bb,
};

static const uint16_t tc_unicode_folding_offsets[] TC_UNICODE_STORAGE = {
  0x0, 0x1, 0x2, 0x3, 0x4, 0x5, 0x6, 0x7,
  0x8, 0x9, 0xa, 0xb, 0xc, 0xd, 0xe, 0xf,
  0x10, 0x11, 0x12, 0x13, 0x14, 0x15, 0x16, 0x17,
  0x18, 0x19, 0x1a, 0x1b, 0x1c, 0x1d, 0x1e, 0x1f,
  0x20, 0x21, 0x22, 0x23, 0x24, 0x25, 0x26, 0x27,
  0x28, 0x29, 0x2a, 0x2b, 0x2c, 0x2d, 0x2e, 0x2f,
  0x30, 0x31, 0x32, 0x33, 0x34, 0x35, 0x36, 0x37,
  0x38, 0x39, 0x3b, 0x3c, 0x3d, 0x3e, 0x3f, 0x40,
  0x41, 0x42, 0x43, 0x44, 0x45, 0x46, 0x47, 0x48,
  0x49, 0x4a, 0x4b, 0x4c, 0x4d, 0x4e, 0x4f, 0x50,
  0x51, 0x52, 0x53, 0x55, 0x56, 0x57, 0x58, 0x59,
  0x5a, 0x5b, 0x5c, 0x5d, 0x5e, 0x5f, 0x60, 0x62,
  0x63, 0x64, 0x65, 0x66, 0x67, 0x68, 0x69, 0x6a,
  0x6b, 0x6c, 0x6d, 0x6e, 0x6f, 0x70, 0x71, 0x72,
  0x73, 0x74, 0x75, 0x76, 0x77, 0x78, 0x79, 0x7a,
  0x7b, 0x7c, 0x12, 0x7d, 0x7e, 0x7f, 0x80, 0x81,
  0x82, 0x83, 0x84, 0x85, 0x86, 0x87, 0x88, 0x89,
  0x8a, 0x8b, 0x8c, 0x8d, 0x8e, 0x8f, 0x90, 0x91,
  0x92, 0x93, 0x94, 0x95, 0x96, 0x97, 0x98, 0x99,
  0x9a, 0x9b, 0x9c, 0x9d, 0x9e, 0x9f, 0xa0, 0xa1,
  0xa1, 0xa2, 0xa2, 0xa3, 0xa3, 0xa4, 0xa5, 0xa6,
  0xa7, 0xa8, 0xa9, 0xaa, 0xab, 0xac, 0xad, 0xae,
  0xaf, 0xb0, 0xb1, 0xb2, 0xb3, 0xb4, 0xb5, 0xb7,
  0xb7, 0xb8, 0xb9, 0xba, 0xbb, 0xbc, 0xbd, 0xbe,
  0xbf, 0xc0, 0xc1, 0xc2, 0xc3, 0xc4, 0xc5, 0xc6,
  0xc7, 0xc8, 0xc9, 0xca, 0xcb, 0xcc, 0xcd, 0xce,
  0xcf, 0xd0, 0xd1, 0xd2, 0xd3, 0xd4, 0xd5, 0xd6,
  0xd7, 0xd8, 0xd9, 0xda, 0xdc, 0xdd, 0xde, 0xdf,
  0xe0, 0xe1, 0xe2, 0xe3, 0xe6, 0xe7, 0xe8, 0xe9,
  0xea, 0xeb, 0xec, 0xed, 0xd9, 0xee, 0xef, 0x1a,
  0xf0, 0xf1, 0xf2, 0xf3, 0xf4, 0xf5, 0xf6, 0xf7,
  0xf8, 0xf9, 0xfa, 0xfb, 0xfc, 0xfd, 0xfe, 0xf5,
  0xe7, 0xed, 0xf7, 0xe1, 0xfd, 0xf8, 0xf3, 0x101,
  0x102, 0x103, 0x104, 0x105, 0x106, 0x107, 0x108, 0x109,
  0x10a, 0x10b, 0x10c, 0xee, 0xf4, 0xf5, 0xed, 0xea,
  0x10d, 0x10e, 0x10f, 0x110, 0x111, 0x112, 0x113, 0x114,
  0x115, 0x116, 0x117, 0x118, 0x119, 0x11a, 0x11b, 0x11c,
  0x11d, 0x11e, 0x11f, 0x120, 0x121, 0x122, 0x123, 0x124,
  0x125, 0x126, 0x127, 0x128, 0x129, 0x12a, 0x12b, 0x12c,
  0x12d, 0x12e, 0x12f, 0x130, 0x131, 0x132, 0x133, 0x134,
  0x135, 0x136, 0x137, 0x138, 0x139, 0x13a, 0x13b, 0x13c,
  0x13d, 0x13e, 0x13f, 0x140, 0x141, 0x142, 0x143, 0x144,
  0x145, 0x146, 0x147, 0x148, 0x149, 0x14a, 0x14b, 0x14c,
  0x14d, 0x14e, 0x14f, 0x150, 0x151, 0x152, 0x153, 0x154,
  0x155, 0x156, 0x157, 0x158, 0x159, 0x15a, 0x15b, 0x15c,
  0x15d, 0x15e, 0x15f, 0x160, 0x161, 0x162, 0x163, 0x164,
  0x165, 0x166, 0x167, 0x168, 0x169, 0x16a, 0x16b, 0x16c,
  0x16d, 0x16e, 0x16f, 0x170, 0x171, 0x172, 0x173, 0x174,
  0x175, 0x176, 0x177, 0x178, 0x179, 0x17a, 0x17b, 0x17c,
  0x17d, 0x17e, 0x17f, 0x180, 0x181, 0x182, 0x183, 0x184,
  0x185, 0x186, 0x187, 0x188, 0x189, 0x18a, 0x18b, 0x18c,
  0x18d, 0x18e, 0x18f, 0x190, 0x191, 0x192, 0x193, 0x194,
  0x195, 0x196, 0x197, 0x198, 0x199, 0x19a, 0x19b, 0x19c,
  0x19d, 0x19e, 0x19f, 0x1a0, 0x1a1, 0x1a2, 0x1a3, 0x1a4,
  0x1a5, 0x1a6, 0x1a7, 0x1a8, 0x1a9, 0x1aa, 0x1ab, 0x1ac,
  0x1ad, 0x1ae, 0x1af, 0x1b0, 0x1b1, 0x1b2, 0x1b4, 0x1b5,
  0x1b6, 0x1b7, 0x1b8, 0x1b9, 0x1ba, 0x1bb, 0x1bc, 0x1bd,
  0x1be, 0x1bf, 0x1c0, 0x1c1, 0x1c2, 0x1c3, 0x1c4, 0x1c5,
  0x1c6, 0x1c7, 0x1c8, 0x1c9, 0x1ca, 0x1cb, 0x1cc, 0x1cd,
  0x1ce, 0x1cf, 0x1d0, 0x1d1, 0x1d2, 0x1d3, 0x1d4, 0x1d5,
  0x1d6, 0x1d7, 0x1d8, 0x1d9, 0x1da, 0x1db, 0x1dc, 0x1dd,
  0x1de, 0x1df, 0x1e0, 0x1e1, 0x1e2, 0x1e3, 0x1e4, 0x1e5,
  0x1e6, 0x1e7, 0x1e8, 0x1e9, 0x1ea, 0x1eb, 0x1ec, 0x1ed,
  0x1ee, 0x1ef, 0x1f0, 0x1f1, 0x1f2, 0x1f3, 0x1f4, 0x1f5,
  0x1f6, 0x1f7, 0x1f8, 0x1f9, 0x1fa, 0x1fb, 0x1fc, 0x1fd,
  0x1fe, 0x1ff, 0x201, 0x203, 0x205, 0x207, 0x1e4, 0x209,
  0x20a, 0x20b, 0x20c, 0x20d, 0x20e, 0x20f, 0x210, 0x211,
  0x212, 0x213, 0x214, 0x215, 0x216, 0x217, 0x218, 0x219,
  0x21a, 0x21b, 0x21c, 0x21d, 0x21e, 0x21f, 0x220, 0x221,
  0x222, 0x223, 0x224, 0x225, 0x226, 0x227, 0x228, 0x229,
  0x22a, 0x22b, 0x22c, 0x22d, 0x22e, 0x22f, 0x230, 0x231,
  0x232, 0x233, 0x234, 0x235, 0x236, 0x237, 0x238, 0x239,
  0x23a, 0x23b, 0x23c, 0x23d, 0x23e, 0x23f, 0x240, 0x241,
  0x242, 0x243, 0x244, 0x245, 0x246, 0x247, 0x248, 0x249,
  0x24a, 0x24b, 0x24c, 0x24d, 0x24e, 0x24f, 0x250, 0x251,
  0x252, 0x253, 0x254, 0x255, 0x256, 0x257, 0x258, 0x259,
  0x25a, 0x25c, 0x25f, 0x262, 0x265, 0x266, 0x267, 0x268,
  0x269, 0x26a, 0x26b, 0x26c, 0x26d, 0x26e, 0x26f, 0x270,
  0x271, 0x273, 0x275, 0x277, 0x279, 0x27b, 0x27d, 0x27f,
  0x271, 0x273, 0x275, 0x277, 0x279, 0x27b, 0x27d, 0x27f,
  0x281, 0x283, 0x285, 0x287, 0x289, 0x28b, 0x28d, 0x28f,
  0x281, 0x283, 0x285, 0x287, 0x289, 0x28b, 0x28d, 0x28f,
  0x291, 0x293, 0x295, 0x297, 0x299, 0x29b, 0x29d, 0x29f,
  0x291, 0x293, 0x295, 0x297, 0x299, 0x29b, 0x29d, 0x29f,
  0x2a1, 0x2a3, 0x2a5, 0x2a7, 0x2a9, 0x2ac, 0x2ad, 0x2ae,
  0x2af, 0x2a3, 0xd9, 0x2b0, 0x2b2, 0x2b4, 0x2b6, 0x2b8,
  0x2bb, 0x2bc, 0x2bd, 0x2be, 0x2b2, 0x2bf, 0xe3, 0x2c2,
  0x2c4, 0x2c7, 0x2c8, 0x2c9, 0x2ca, 0x2cb, 0xfe, 0x2ce,
  0x2d0, 0x2d2, 0x2d5, 0x2d6, 0x2d7, 0x2d8, 0x2d9, 0x2da,
  0x2dc, 0x2de, 0x2e0, 0x2e2, 0x2e5, 0x2e6, 0x2e7, 0x2e8,
  0x2dc, 0x2e9, 0x2, 0x2eb, 0x87, 0x2ed, 0x7, 0x7,
  0x7, 0x8, 0x8, 0xb, 0xd, 0x2ef, 0xf, 0x10,
  0x11, 0x11, 0x11, 0x2f1, 0x2f3, 0x2f6, 0x19, 0xfb,
  0x19, 0xa, 0x20, 0x1, 0x2, 0x4, 0x5, 0xc,
  0xe8, 0xf3, 0x3, 0x2f8, 0x2f9, 0x2fa, 0x2fb, 0x2fc,
  0x2fd, 0x2fe, 0x2ff, 0x300, 0x301, 0x302, 0x303, 0x304,
  0x305, 0x306, 0x307, 0x308, 0x309, 0x30a, 0x30b, 0x30c,
  0x30d, 0x30e, 0x30f, 0x310, 0x311, 0x312, 0x313, 0x314,
  0x315, 0x316, 0x317, 0x318, 0x319, 0x31a, 0x31b, 0x31c,
  0x31d, 0x31e, 0x31f, 0x320, 0x321, 0x322, 0x325, 0x327,
  0x329, 0x32b, 0x32d, 0x32f, 0x331, 0x333, 0x335, 0x337,
  0x339, 0x33b, 0x33d, 0x33f, 0x341, 0x344, 0x347, 0x34a,
  0x329, 0x34d, 0x350, 0x353, 0x356, 0x358, 0x35a, 0x35c,
  0x35e, 0x35c, 0x360, 0x362, 0x364, 0x366, 0x368, 0x366,
  0x36a, 0x36c, 0x36e, 0x370, 0x374, 0x377, 0x379, 0x37b,
  0x37d, 0x37f, 0x381, 0x383, 0x386, 0x388, 0x38a, 0x38c,
  0x38e, 0x390, 0x392, 0x395, 0x398, 0x398, 0x39a, 0x39c,
  0x39e, 0x3a0, 0x3a2, 0x3a4, 0x3a5, 0x3a6, 0x3a7, 0x3a8,
  0x3a9, 0x3aa, 0x3ab, 0x3ac, 0x3ad, 0x3ae, 0x3af, 0x3b0,
  0x3b1, 0x3b2, 0x3b3, 0x3b4, 0x3b5, 0x3b6, 0x3b7, 0x3b8,
  0x3b9, 0x3ba, 0x3bb, 0x3bc, 0x3bd, 0x3be, 0x3bf, 0x3c0,
  0x3c1, 0x3c2, 0x3c3, 0x3c4, 0x3c5, 0x3c6, 0x3c7, 0x3c8,
  0x3c9, 0x3ca, 0x3cb, 0x3cc, 0x3cd, 0x3ce, 0x3cf, 0x3d0,
  0x3d1, 0x3d2, 0x3d3, 0x3d4, 0x3d5, 0x3d6, 0x3d7, 0x3d8,
  0x3d9, 0x3da, 0x3db, 0x3dc, 0x3dd, 0x3de, 0x3df, 0x3e0,
  0x3e1, 0x3e2, 0x3e3, 0x0, 0x1, 0x2, 0x3, 0x4,
  0x5, 0x6, 0x7, 0x8, 0x9, 0xa, 0xb, 0xc,
  0xd, 0xe, 0xf, 0x10, 0x11, 0x12, 0x13, 0x14,
  0x15, 0x16, 0x17, 0x18, 0x19, 0x0, 0x1, 0x2,
  0x3, 0x4, 0x5, 0x6, 0x7, 0x8, 0x9, 0xa,
  0xb, 0xc, 0xd, 0xe, 0xf, 0x10, 0x11, 0x12,
  0x13, 0x14, 0x15, 0x16, 0x17, 0x18, 0x19, 0x0,
  0x1, 0x2, 0x3, 0x4, 0x5, 0x6, 0x7, 0x8,
  0x9, 0xa, 0xb, 0xc, 0xd, 0xe, 0xf, 0x10,
  0x11, 0x12, 0x13, 0x14, 0x15, 0x16, 0x17, 0x18,
  0x19, 0x0, 0x2, 0x3, 0x6, 0x9, 0xa, 0xd,
  0xe, 0xf, 0x10, 0x12, 0x13, 0x14, 0x15, 0x16,
  0x17, 0x18, 0x19, 0x0, 0x1, 0x2, 0x3, 0x4,
  0x5, 0x6, 0x7, 0x8, 0x9, 0xa, 0xb, 0xc,
  0xd, 0xe, 0xf, 0x10, 0x11, 0x12, 0x13, 0x14,
  0x15, 0x16, 0x17, 0x18, 0x19, 0x0, 0x1, 0x3,
  0x4, 0x5, 0x6, 0x9, 0xa, 0xb, 0xc, 0xd,
  0xe, 0xf, 0x10, 0x12, 0x13, 0x14, 0x15, 0x16,
  0x17, 0x18, 0x0, 0x1, 0x3, 0x4, 0x5, 0x6,
  0x8, 0x9, 0xa, 0xb, 0xc, 0xe, 0x12, 0x13,
  0x14, 0x15, 0x16, 0x17, 0x18, 0x0, 0x1, 0x2,
  0x3, 0x4, 0x5, 0x6, 0x7, 0x8, 0x9, 0xa,
  0xb, 0xc, 0xd, 0xe, 0xf, 0x10, 0x11, 0x12,
  0x13, 0x14, 0x15, 0x16, 0x17, 0x18, 0x19, 0x0,
  0x1, 0x2, 0x3, 0x4, 0x5, 0x6, 0x7, 0x8,
  0x9, 0xa, 0xb, 0xc, 0xd, 0xe, 0xf, 0x10,
  0x11, 0x12, 0x13, 0x14, 0x15, 0x16, 0x17, 0x18,
  0x19, 0x0, 0x1, 0x2, 0x3, 0x4, 0x5, 0x6,
  0x7, 0x8, 0x9, 0xa, 0xb, 0xc, 0xd, 0xe,
  0xf, 0x10, 0x11, 0x12, 0x13, 0x14, 0x15, 0x16,
  0x17, 0x18, 0x19, 0x0, 0x1, 0x2, 0x3, 0x4,
  0x5, 0x6, 0x7, 0x8, 0x9, 0xa, 0xb, 0xc,
  0xd, 0xe, 0xf, 0x10, 0x11, 0x12, 0x13, 0x14,
  0x15, 0x16, 0x17, 0x18, 0x19, 0x0, 0x1, 0x2,
  0x3, 0x4, 0x5, 0x6, 0x7, 0x8, 0x9, 0xa,
  0xb, 0xc, 0xd, 0xe, 0xf, 0x10, 0x11, 0x12,
  0x13, 0x14, 0x15, 0x16, 0x17, 0x18, 0x19, 0x0,
  0x1, 0x2, 0x3, 0x4, 0x5, 0x6, 0x7, 0x8,
  0x9, 0xa, 0xb, 0xc, 0xd, 0xe, 0xf, 0x10,
  0x11, 0x12, 0x13, 0x14, 0x15, 0x16, 0x17, 0x18,
  0x19, 0xe6, 0xe7, 0xe8, 0xe9, 0xea, 0xeb, 0xec,
  0xed, 0xd9, 0xee, 0xef, 0x1a, 0xf0, 0xf1, 0xf2,
  0xf3, 0xf4, 0xed, 0xf5, 0xf6, 0xf7, 0xf8, 0xf9,
  0xfa, 0xfb, 0xf5, 0xe6, 0xe7, 0xe8, 0xe9, 0xea,
  0xeb, 0xec, 0xed, 0xd9, 0xee, 0xef, 0x1a, 0xf0,
  0xf1, 0xf2, 0xf3, 0xf4, 0xed, 0xf5, 0xf6, 0xf7,
  0xf8, 0xf9, 0xfa, 0xfb, 0xf5, 0xe6, 0xe7, 0xe8,
  0xe9, 0xea, 0xeb, 0xec, 0xed, 0xd9, 0xee, 0xef,
  0x1a, 0xf0, 0xf1, 0xf2, 0xf3, 0xf4, 0xed, 0xf5,
  0xf6, 0xf7, 0xf8, 0xf9, 0xfa, 0xfb, 0xf5, 0xe6,
  0xe7, 0xe8, 0xe9, 0xea, 0xeb, 0xec, 0xed, 0xd9,
  0xee, 0xef, 0x1a, 0xf0, 0xf1, 0xf2, 0xf3, 0xf4,
  0xed, 0xf5, 0xf6, 0xf7, 0xf8, 0xf9, 0xfa, 0xfb,
  0xf5, 0xe6, 0xe7, 0xe8, 0xe9, 0xea, 0xeb, 0xec,
  0xed, 0xd9, 0xee, 0xef, 0x1a, 0xf0, 0xf1, 0xf2,
  0xf3, 0xf4, 0xed, 0xf5, 0xf6, 0xf7, 0xf8, 0xf9,
  0xfa, 0xfb, 0xf5,
};

static const uint8_t tc_unicode_folding_lengths[] TC_UNICODE_STORAGE = {
  0x1, 0x1, 0x1, 0x1, 0x1, 0x1, 0x1, 0x1,
  0x1, 0x1, 0x1, 0x1, 0x1, 0x1, 0x1, 0x1,
  0x1, 0x1, 0x1, 0x1, 0x1, 0x1, 0x1, 0x1,
  0x1, 0x1, 0x1, 0x1, 0x1, 0x1, 0x1, 0x1,
  0x1, 0x1, 0x1, 0x1, 0x1, 0x1, 0x1, 0x1,
  0x1, 0x1, 0x1, 0x1, 0x1, 0x1, 0x1, 0x1,
  0x1, 0x1, 0x1, 0x1, 0x1, 0x1, 0x1, 0x1,
  0x1, 0x2, 0x1, 0x1, 0x1, 0x1, 0x1, 0x1,
  0x1, 0x1, 0x1, 0x1, 0x1, 0x1, 0x1, 0x1,
  0x1, 0x1, 0x1, 0x1, 0x1, 0x1, 0x1, 0x1,
  0x1, 0x1, 0x2, 0x1, 0x1, 0x1, 0x1, 0x1,
  0x1, 0x1, 0x1, 0x1, 0x1, 0x1, 0x2, 0x1,
  0x1, 0x1, 0x1, 0x1, 0x1, 0x1, 0x1, 0x1,
  0x1, 0x1, 0x1, 0x1, 0x1, 0x1, 0x1, 0x1,
  0x1, 0x1, 0x1, 0x1, 0x1, 0x1, 0x1, 0x1,
  0x1, 0x1, 0x1, 0x1, 0x1, 0x1, 0x1, 0x1,
  0x1, 0x1, 0x1, 0x1, 0x1, 0x1, 0x1, 0x1,
  0x1, 0x1, 0x1, 0x1, 0x1, 0x1, 0x1, 0x1,
  0x1, 0x1, 0x1, 0x1, 0x1, 0x1, 0x1, 0x1,
  0x1, 0x1, 0x1, 0x1, 0x1, 0x1, 0x1, 0x1,
  0x1, 0x1, 0x1, 0x1, 0x1, 0x1, 0x1, 0x1,
  0x1, 0x1, 0x1, 0x1, 0x1, 0x1, 0x1, 0x1,
  0x1, 0x1, 0x1, 0x1, 0x1, 0x1, 0x2, 0x1,
  0x1, 0x1, 0x1, 0x1, 0x1, 0x1, 0x1, 0x1,
  0x1, 0x1, 0x1, 0x1, 0x1, 0x1, 0x1, 0x1,
  0x1, 0x1, 0x1, 0x1, 0x1, 0x1, 0x1, 0x1,
  0x1, 0x1, 0x1, 0x1, 0x1, 0x1, 0x1, 0x1,
  0x1, 0x1, 0x1, 0x2, 0x1, 0x1, 0x1, 0x1,
  0x1, 0x1, 0x1, 0x3, 0x1, 0x1, 0x1, 0x1,
  0x1, 0x1, 0x1, 0x1, 0x1, 0x1, 0x1, 0x1,
  0x1, 0x1, 0x1, 0x1, 0x1, 0x1, 0x1, 0x1,
  0x1, 0x1, 0x1, 0x1, 0x1, 0x1, 0x3, 0x1,
  0x1, 0x1, 0x1, 0x1, 0x1, 0x1, 0x1, 0x1,
  0x1, 0x1, 0x1, 0x1, 0x1, 0x1, 0x1, 0x1,
  0x1, 0x1, 0x1, 0x1, 0x1, 0x1, 0x1, 0x1,
  0x1, 0x1, 0x1, 0x1, 0x1, 0x1, 0x1, 0x1,
  0x1, 0x1, 0x1, 0x1, 0x1, 0x1, 0x1, 0x1,
  0x1, 0x1, 0x1, 0x1, 0x1, 0x1, 0x1, 0x1,
  0x1, 0x1, 0x1, 0x1, 0x1, 0x1, 0x1, 0x1,
  0x1, 0x1, 0x1, 0x1, 0x1, 0x1, 0x1, 0x1,
  0x1, 0x1, 0x1, 0x1, 0x1, 0x1, 0x1, 0x1,
  0x1, 0x1, 0x1, 0x1, 0x1, 0x1, 0x1, 0x1,
  0x1, 0x1, 0x1, 0x1, 0x1, 0x1, 0x1, 0x1,
  0x1, 0x1, 0x1, 0x1, 0x1, 0x1, 0x1, 0x1,
  0x1, 0x1, 0x1, 0x1, 0x1, 0x1, 0x1, 0x1,
  0x1, 0x1, 0x1, 0x1, 0x1, 0x1, 0x1, 0x1,
  0x1, 0x1, 0x1, 0x1, 0x1, 0x1, 0x1, 0x1,
  0x1, 0x1, 0x1, 0x1, 0x1, 0x1, 0x1, 0x1,
  0x1, 0x1, 0x1, 0x1, 0x1, 0x1, 0x1, 0x1,
  0x1, 0x1, 0x1, 0x1, 0x1, 0x1, 0x1, 0x1,
  0x1, 0x1, 0x1, 0x1, 0x1, 0x1, 0x1, 0x1,
  0x1, 0x1, 0x1, 0x1, 0x1, 0x1, 0x1, 0x1,
  0x1, 0x1, 0x1, 0x1, 0x1, 0x1, 0x1, 0x1,
  0x1, 0x1, 0x1, 0x1, 0x1, 0x1, 0x1, 0x1,
  0x1, 0x1, 0x1, 0x1, 0x1, 0x1, 0x1, 0x1,
  0x1, 0x1, 0x1, 0x1, 0x1, 0x2, 0x1, 0x1,
  0x1, 0x1, 0x1, 0x1, 0x1, 0x1, 0x1, 0x1,
  0x1, 0x1, 0x1, 0x1, 0x1, 0x1, 0x1, 0x1,
  0x1, 0x1, 0x1, 0x1, 0x1, 0x1, 0x1, 0x1,
  0x1, 0x1, 0x1, 0x1, 0x1, 0x1, 0x1, 0x1,
  0x1, 0x1, 0x1, 0x1, 0x1, 0x1, 0x1, 0x1,
  0x1, 0x1, 0x1, 0x1, 0x1, 0x1, 0x1, 0x1,
  0x1, 0x1, 0x1, 0x1, 0x1, 0x1, 0x1, 0x1,
  0x1, 0x1, 0x1, 0x1, 0x1, 0x1, 0x1, 0x1,
  0x1, 0x1, 0x1, 0x1, 0x1, 0x1, 0x1, 0x1,
  0x1, 0x2, 0x2, 0x2, 0x2, 0x2, 0x1, 0x1,
  0x1, 0x1, 0x1, 0x1, 0x1, 0x1, 0x1, 0x1,
  0x1, 0x1, 0x1, 0x1, 0x1, 0x1, 0x1, 0x1,
  0x1, 0x1, 0x1, 0x1, 0x1, 0x1, 0x1, 0x1,
  0x1, 0x1, 0x1, 0x1, 0x1, 0x1, 0x1, 0x1,
  0x1, 0x1, 0x1, 0x1, 0x1, 0x1, 0x1, 0x1,
  0x1, 0x1, 0x1, 0x1, 0x1, 0x1, 0x1, 0x1,
  0x1, 0x1, 0x1, 0x1, 0x1, 0x1, 0x1, 0x1,
  0x1, 0x1, 0x1, 0x1, 0x1, 0x1, 0x1, 0x1,
  0x1, 0x1, 0x1, 0x1, 0x1, 0x1, 0x1, 0x1,
  0x1, 0x1, 0x1, 0x1, 0x1, 0x1, 0x1, 0x1,
  0x2, 0x3, 0x3, 0x3, 0x1, 0x1, 0x1, 0x1,
  0x1, 0x1, 0x1, 0x1, 0x1, 0x1, 0x1, 0x1,
  0x2, 0x2, 0x2, 0x2, 0x2, 0x2, 0x2, 0x2,
  0x2, 0x2, 0x2, 0x2, 0x2, 0x2, 0x2, 0x2,
  0x2, 0x2, 0x2, 0x2, 0x2, 0x2, 0x2, 0x2,
  0x2, 0x2, 0x2, 0x2, 0x2, 0x2, 0x2, 0x2,
  0x2, 0x2, 0x2, 0x2, 0x2, 0x2, 0x2, 0x2,
  0x2, 0x2, 0x2, 0x2, 0x2, 0x2, 0x2, 0x2,
  0x2, 0x2, 0x2, 0x2, 0x3, 0x1, 0x1, 0x1,
  0x1, 0x2, 0x1, 0x2, 0x2, 0x2, 0x2, 0x3,
  0x1, 0x1, 0x1, 0x1, 0x2, 0x3, 0x3, 0x2,
  0x3, 0x1, 0x1, 0x1, 0x1, 0x3, 0x3, 0x2,
  0x2, 0x3, 0x1, 0x1, 0x1, 0x1, 0x1, 0x2,
  0x2, 0x2, 0x2, 0x3, 0x1, 0x1, 0x1, 0x1,
  0x2, 0x2, 0x1, 0x2, 0x1, 0x2, 0x1, 0x1,
  0x1, 0x1, 0x1, 0x1, 0x1, 0x2, 0x1, 0x1,
  0x1, 0x1, 0x1, 0x2, 0x3, 0x2, 0x1, 0x1,
  0x1, 0x1, 0x1, 0x1, 0x1, 0x1, 0x1, 0x1,
  0x1, 0x1, 0x1, 0x1, 0x1, 0x1, 0x1, 0x1,
  0x1, 0x1, 0x1, 0x1, 0x1, 0x1, 0x1, 0x1,
  0x1, 0x1, 0x1, 0x1, 0x1, 0x1, 0x1, 0x1,
  0x1, 0x1, 0x1, 0x1, 0x1, 0x1, 0x1, 0x1,
  0x1, 0x1, 0x1, 0x1, 0x1, 0x1, 0x1, 0x1,
  0x1, 0x1, 0x1, 0x1, 0x1, 0x3, 0x2, 0x2,
  0x2, 0x2, 0x2, 0x2, 0x2, 0x2, 0x2, 0x2,
  0x2, 0x2, 0x2, 0x2, 0x3, 0x3, 0x3, 0x3,
  0x2, 0x3, 0x3, 0x3, 0x2, 0x2, 0x2, 0x2,
  0x2, 0x2, 0x2, 0x2, 0x2, 0x2, 0x2, 0x2,
  0x2, 0x2, 0x2, 0x4, 0x3, 0x2, 0x2, 0x2,
  0x2, 0x2, 0x2, 0x3, 0x2, 0x2, 0x2, 0x2,
  0x2, 0x2, 0x3, 0x3, 0x2, 0x2, 0x2, 0x2,
  0x2, 0x2, 0x2, 0x1, 0x1, 0x1, 0x1, 0x1,
  0x1, 0x1, 0x1, 0x1, 0x1, 0x1, 0x1, 0x1,
  0x1, 0x1, 0x1, 0x1, 0x1, 0x1, 0x1, 0x1,
  0x1, 0x1, 0x1, 0x1, 0x1, 0x1, 0x1, 0x1,
  0x1, 0x1, 0x1, 0x1, 0x1, 0x1, 0x1, 0x1,
  0x1, 0x1, 0x1, 0x1, 0x1, 0x1, 0x1, 0x1,
  0x1, 0x1, 0x1, 0x1, 0x1, 0x1, 0x1, 0x1,
  0x1, 0x1, 0x1, 0x1, 0x1, 0x1, 0x1, 0x1,
  0x1, 0x1, 0x1, 0x1, 0x1, 0x1, 0x1, 0x1,
  0x1, 0x1, 0x1, 0x1, 0x1, 0x1, 0x1, 0x1,
  0x1, 0x1, 0x1, 0x1, 0x1, 0x1, 0x1, 0x1,
  0x1, 0x1, 0x1, 0x1, 0x1, 0x1, 0x1, 0x1,
  0x1, 0x1, 0x1, 0x1, 0x1, 0x1, 0x1, 0x1,
  0x1, 0x1, 0x1, 0x1, 0x1, 0x1, 0x1, 0x1,
  0x1, 0x1, 0x1, 0x1, 0x1, 0x1, 0x1, 0x1,
  0x1, 0x1, 0x1, 0x1, 0x1, 0x1, 0x1, 0x1,
  0x1, 0x1, 0x1, 0x1, 0x1, 0x1, 0x1, 0x1,
  0x1, 0x1, 0x1, 0x1, 0x1, 0x1, 0x1, 0x1,
  0x1, 0x1, 0x1, 0x1, 0x1, 0x1, 0x1, 0x1,
  0x1, 0x1, 0x1, 0x1, 0x1, 0x1, 0x1, 0x1,
  0x1, 0x1, 0x1, 0x1, 0x1, 0x1, 0x1, 0x1,
  0x1, 0x1, 0x1, 0x1, 0x1, 0x1, 0x1, 0x1,
  0x1, 0x1, 0x1, 0x1, 0x1, 0x1, 0x1, 0x1,
  0x1, 0x1, 0x1, 0x1, 0x1, 0x1, 0x1, 0x1,
  0x1, 0x1, 0x1, 0x1, 0x1, 0x1, 0x1, 0x1,
  0x1, 0x1, 0x1, 0x1, 0x1, 0x1, 0x1, 0x1,
  0x1, 0x1, 0x1, 0x1, 0x1, 0x1, 0x1, 0x1,
  0x1, 0x1, 0x1, 0x1, 0x1, 0x1, 0x1, 0x1,
  0x1, 0x1, 0x1, 0x1, 0x1, 0x1, 0x1, 0x1,
  0x1, 0x1, 0x1, 0x1, 0x1, 0x1, 0x1, 0x1,
  0x1, 0x1, 0x1, 0x1, 0x1, 0x1, 0x1, 0x1,
  0x1, 0x1, 0x1, 0x1, 0x1, 0x1, 0x1, 0x1,
  0x1, 0x1, 0x1, 0x1, 0x1, 0x1, 0x1, 0x1,
  0x1, 0x1, 0x1, 0x1, 0x1, 0x1, 0x1, 0x1,
  0x1, 0x1, 0x1, 0x1, 0x1, 0x1, 0x1, 0x1,
  0x1, 0x1, 0x1, 0x1, 0x1, 0x1, 0x1, 0x1,
  0x1, 0x1, 0x1, 0x1, 0x1, 0x1, 0x1, 0x1,
  0x1, 0x1, 0x1, 0x1, 0x1, 0x1, 0x1, 0x1,
  0x1, 0x1, 0x1, 0x1, 0x1, 0x1, 0x1, 0x1,
  0x1, 0x1, 0x1, 0x1, 0x1, 0x1, 0x1, 0x1,
  0x1, 0x1, 0x1, 0x1, 0x1, 0x1, 0x1, 0x1,
  0x1, 0x1, 0x1, 0x1, 0x1, 0x1, 0x1, 0x1,
  0x1, 0x1, 0x1, 0x1, 0x1, 0x1, 0x1, 0x1,
  0x1, 0x1, 0x1, 0x1, 0x1, 0x1, 0x1, 0x1,
  0x1, 0x1, 0x1, 0x1, 0x1, 0x1, 0x1, 0x1,
  0x1, 0x1, 0x1, 0x1, 0x1, 0x1, 0x1, 0x1,
  0x1, 0x1, 0x1, 0x1, 0x1, 0x1, 0x1, 0x1,
  0x1, 0x1, 0x1, 0x1, 0x1, 0x1, 0x1, 0x1,
  0x1, 0x1, 0x1, 0x1, 0x1, 0x1, 0x1, 0x1,
  0x1, 0x1, 0x1, 0x1, 0x1, 0x1, 0x1, 0x1,
  0x1, 0x1, 0x1, 0x1, 0x1, 0x1, 0x1, 0x1,
  0x1, 0x1, 0x1, 0x1, 0x1, 0x1, 0x1, 0x1,
  0x1, 0x1, 0x1, 0x1, 0x1, 0x1, 0x1, 0x1,
  0x1, 0x1, 0x1, 0x1, 0x1, 0x1, 0x1, 0x1,
  0x1, 0x1, 0x1, 0x1, 0x1, 0x1, 0x1, 0x1,
  0x1, 0x1, 0x1, 0x1, 0x1, 0x1, 0x1, 0x1,
  0x1, 0x1, 0x1, 0x1, 0x1, 0x1, 0x1, 0x1,
  0x1, 0x1, 0x1, 0x1, 0x1, 0x1, 0x1, 0x1,
  0x1, 0x1, 0x1, 0x1, 0x1, 0x1, 0x1, 0x1,
  0x1, 0x1, 0x1, 0x1, 0x1, 0x1, 0x1, 0x1,
  0x1, 0x1, 0x1, 0x1, 0x1, 0x1, 0x1, 0x1,
  0x1, 0x1, 0x1, 0x1, 0x1, 0x1, 0x1, 0x1,
  0x1, 0x1, 0x1, 0x1, 0x1, 0x1, 0x1, 0x1,
  0x1, 0x1, 0x1, 0x1, 0x1, 0x1, 0x1, 0x1,
  0x1, 0x1, 0x1,
};

static const uint32_t tc_unicode_folding_pool[] TC_UNICODE_STORAGE = {
  0x61, 0x62, 0x63, 0x64, 0x65, 0x66, 0x67, 0x68,
  0x69, 0x6a, 0x6b, 0x6c, 0x6d, 0x6e, 0x6f, 0x70,
  0x71, 0x72, 0x73, 0x74, 0x75, 0x76, 0x77, 0x78,
  0x79, 0x7a, 0x3bc, 0xe0, 0xe1, 0xe2, 0xe3, 0xe4,
  0xe5, 0xe6, 0xe7, 0xe8, 0xe9, 0xea, 0xeb, 0xec,
  0xed, 0xee, 0xef, 0xf0, 0xf1, 0xf2, 0xf3, 0xf4,
  0xf5, 0xf6, 0xf8, 0xf9, 0xfa, 0xfb, 0xfc, 0xfd,
  0xfe, 0x73, 0x73, 0x101, 0x103, 0x105, 0x107, 0x109,
  0x10b, 0x10d, 0x10f, 0x111, 0x113, 0x115, 0x117, 0x119,
  0x11b, 0x11d, 0x11f, 0x121, 0x123, 0x125, 0x127, 0x129,
  0x12b, 0x12d, 0x12f, 0x69, 0x307, 0x133, 0x135, 0x137,
  0x13a, 0x13c, 0x13e, 0x140, 0x142, 0x144, 0x146, 0x148,
  0x2bc, 0x6e, 0x14b, 0x14d, 0x14f, 0x151, 0x153, 0x155,
  0x157, 0x159, 0x15b, 0x15d, 0x15f, 0x161, 0x163, 0x165,
  0x167, 0x169, 0x16b, 0x16d, 0x16f, 0x171, 0x173, 0x175,
  0x177, 0xff, 0x17a, 0x17c, 0x17e, 0x253, 0x183, 0x185,
  0x254, 0x188, 0x256, 0x257, 0x18c, 0x1dd, 0x259, 0x25b,
  0x192, 0x260, 0x263, 0x269, 0x268, 0x199, 0x26f, 0x272,
  0x275, 0x1a1, 0x1a3, 0x1a5, 0x280, 0x1a8, 0x283, 0x1ad,
  0x288, 0x1b0, 0x28a, 0x28b, 0x1b4, 0x1b6, 0x292, 0x1b9,
  0x1bd, 0x1c6, 0x1c9, 0x1cc, 0x1ce, 0x1d0, 0x1d2, 0x1d4,
  0x1d6, 0x1d8, 0x1da, 0x1dc, 0x1df, 0x1e1, 0x1e3, 0x1e5,
  0x1e7, 0x1e9, 0x1eb, 0x1ed, 0x1ef, 0x6a, 0x30c, 0x1f3,
  0x1f5, 0x195, 0x1bf, 0x1f9, 0x1fb, 0x1fd, 0x1ff, 0x201,
  0x203, 0x205, 0x207, 0x209, 0x20b, 0x20d, 0x20f, 0x211,
  0x213, 0x215, 0x217, 0x219, 0x21b, 0x21d, 0x21f, 0x19e,
  0x223, 0x225, 0x227, 0x229, 0x22b, 0x22d, 0x22f, 0x231,
  0x233, 0x3b9, 0x20, 0x3b9, 0x3ac, 0x3ad, 0x3ae, 0x3af,
  0x3cc, 0x3cd, 0x3ce, 0x3b9, 0x308, 0x301, 0x3b1, 0x3b2,
  0x3b3, 0x3b4, 0x3b5, 0x3b6, 0x3b7, 0x3b8, 0x3ba, 0x3bb,
  0x3bd, 0x3be, 0x3bf, 0x3c0, 0x3c1, 0x3c3, 0x3c4, 0x3c5,
  0x3c6, 0x3c7, 0x3c8, 0x3c9, 0x3ca, 0x3cb, 0x3c5, 0x308,
  0x301, 0x3d9, 0x3db, 0x3dd, 0x3df, 0x3e1, 0x3e3, 0x3e5,
  0x3e7, 0x3e9, 0x3eb, 0x3ed, 0x3ef, 0x450, 0x451, 0x452,
  0x453, 0x454, 0x455, 0x456, 0x457, 0x458, 0x459, 0x45a,
  0x45b, 0x45c, 0x45d, 0x45e, 0x45f, 0x430, 0x431, 0x432,
  0x433, 0x434, 0x435, 0x436, 0x437, 0x438, 0x439, 0x43a,
  0x43b, 0x43c, 0x43d, 0x43e, 0x43f, 0x440, 0x441, 0x442,
  0x443, 0x444, 0x445, 0x446, 0x447, 0x448, 0x449, 0x44a,
  0x44b, 0x44c, 0x44d, 0x44e, 0x44f, 0x461, 0x463, 0x465,
  0x467, 0x469, 0x46b, 0x46d, 0x46f, 0x471, 0x473, 0x475,
  0x477, 0x479, 0x47b, 0x47d, 0x47f, 0x481, 0x48b, 0x48d,
  0x48f, 0x491, 0x493, 0x495, 0x497, 0x499, 0x49b, 0x49d,
  0x49f, 0x4a1, 0x4a3, 0x4a5, 0x4a7, 0x4a9, 0x4ab, 0x4ad,
  0x4af, 0x4b1, 0x4b3, 0x4b5, 0x4b7, 0x4b9, 0x4bb, 0x4bd,
  0x4bf, 0x4c2, 0x4c4, 0x4c6, 0x4c8, 0x4ca, 0x4cc, 0x4ce,
  0x4d1, 0x4d3, 0x4d5, 0x4d7, 0x4d9, 0x4db, 0x4dd, 0x4df,
  0x4e1, 0x4e3, 0x4e5, 0x4e7, 0x4e9, 0x4eb, 0x4ed, 0x4ef,
  0x4f1, 0x4f3, 0x4f5, 0x4f9, 0x501, 0x503, 0x505, 0x507,
  0x509, 0x50b, 0x50d, 0x50f, 0x561, 0x562, 0x563, 0x564,
  0x565, 0x566, 0x567, 0x568, 0x569, 0x56a, 0x56b, 0x56c,
  0x56d, 0x56e, 0x56f, 0x570, 0x571, 0x572, 0x573, 0x574,
  0x575, 0x576, 0x577, 0x578, 0x579, 0x57a, 0x57b, 0x57c,
  0x57d, 0x57e, 0x57f, 0x580, 0x581, 0x582, 0x583, 0x584,
  0x585, 0x586, 0x565, 0x582, 0x1e01, 0x1e03, 0x1e05, 0x1e07,
  0x1e09, 0x1e0b, 0x1e0d, 0x1e0f, 0x1e11, 0x1e13, 0x1e15, 0x1e17,
  0x1e19, 0x1e1b, 0x1e1d, 0x1e1f, 0x1e21, 0x1e23, 0x1e25, 0x1e27,
  0x1e29, 0x1e2b, 0x1e2d, 0x1e2f, 0x1e31, 0x1e33, 0x1e35, 0x1e37,
  0x1e39, 0x1e3b, 0x1e3d, 0x1e3f, 0x1e41, 0x1e43, 0x1e45, 0x1e47,
  0x1e49, 0x1e4b, 0x1e4d, 0x1e4f, 0x1e51, 0x1e53, 0x1e55, 0x1e57,
  0x1e59, 0x1e5b, 0x1e5d, 0x1e5f, 0x1e61, 0x1e63, 0x1e65, 0x1e67,
  0x1e69, 0x1e6b, 0x1e6d, 0x1e6f, 0x1e71, 0x1e73, 0x1e75, 0x1e77,
  0x1e79, 0x1e7b, 0x1e7d, 0x1e7f, 0x1e81, 0x1e83, 0x1e85, 0x1e87,
  0x1e89, 0x1e8b, 0x1e8d, 0x1e8f, 0x1e91, 0x1e93, 0x1e95, 0x68,
  0x331, 0x74, 0x308, 0x77, 0x30a, 0x79, 0x30a, 0x61,
  0x2be, 0x1ea1, 0x1ea3, 0x1ea5, 0x1ea7, 0x1ea9, 0x1eab, 0x1ead,
  0x1eaf, 0x1eb1, 0x1eb3, 0x1eb5, 0x1eb7, 0x1eb9, 0x1ebb, 0x1ebd,
  0x1ebf, 0x1ec1, 0x1ec3, 0x1ec5, 0x1ec7, 0x1ec9, 0x1ecb, 0x1ecd,
  0x1ecf, 0x1ed1, 0x1ed3, 0x1ed5, 0x1ed7, 0x1ed9, 0x1edb, 0x1edd,
  0x1edf, 0x1ee1, 0x1ee3, 0x1ee5, 0x1ee7, 0x1ee9, 0x1eeb, 0x1eed,
  0x1eef, 0x1ef1, 0x1ef3, 0x1ef5, 0x1ef7, 0x1ef9, 0x1f00, 0x1f01,
  0x1f02, 0x1f03, 0x1f04, 0x1f05, 0x1f06, 0x1f07, 0x1f10, 0x1f11,
  0x1f12, 0x1f13, 0x1f14, 0x1f15, 0x1f20, 0x1f21, 0x1f22, 0x1f23,
  0x1f24, 0x1f25, 0x1f26, 0x1f27, 0x1f30, 0x1f31, 0x1f32, 0x1f33,
  0x1f34, 0x1f35, 0x1f36, 0x1f37, 0x1f40, 0x1f41, 0x1f42, 0x1f43,
  0x1f44, 0x1f45, 0x3c5, 0x313, 0x3c5, 0x313, 0x300, 0x3c5,
  0x313, 0x301, 0x3c5, 0x313, 0x342, 0x1f51, 0x1f53, 0x1f55,
  0x1f57, 0x1f60, 0x1f61, 0x1f62, 0x1f63, 0x1f64, 0x1f65, 0x1f66,
  0x1f67, 0x1f00, 0x3b9, 0x1f01, 0x3b9, 0x1f02, 0x3b9, 0x1f03,
  0x3b9, 0x1f04, 0x3b9, 0x1f05, 0x3b9, 0x1f06, 0x3b9, 0x1f07,
  0x3b9, 0x1f20, 0x3b9, 0x1f21, 0x3b9, 0x1f22, 0x3b9, 0x1f23,
  0x3b9, 0x1f24, 0x3b9, 0x1f25, 0x3b9, 0x1f26, 0x3b9, 0x1f27,
  0x3b9, 0x1f60, 0x3b9, 0x1f61, 0x3b9, 0x1f62, 0x3b9, 0x1f63,
  0x3b9, 0x1f64, 0x3b9, 0x1f65, 0x3b9, 0x1f66, 0x3b9, 0x1f67,
  0x3b9, 0x1f70, 0x3b9, 0x3b1, 0x3b9, 0x3ac, 0x3b9, 0x3b1,
  0x342, 0x3b1, 0x342, 0x3b9, 0x1fb0, 0x1fb1, 0x1f70, 0x1f71,
  0x1f74, 0x3b9, 0x3b7, 0x3b9, 0x3ae, 0x3b9, 0x3b7, 0x342,
  0x3b7, 0x342, 0x3b9, 0x1f72, 0x1f73, 0x1f74, 0x1f75, 0x3b9,
  0x308, 0x300, 0x3b9, 0x342, 0x3b9, 0x308, 0x342, 0x1fd0,
  0x1fd1, 0x1f76, 0x1f77, 0x3c5, 0x308, 0x300, 0x3c1, 0x313,
  0x3c5, 0x342, 0x3c5, 0x308, 0x342, 0x1fe0, 0x1fe1, 0x1f7a,
  0x1f7b, 0x1fe5, 0x1f7c, 0x3b9, 0x3c9, 0x3b9, 0x3ce, 0x3b9,
  0x3c9, 0x342, 0x3c9, 0x342, 0x3b9, 0x1f78, 0x1f79, 0x1f7c,
  0x1f7d, 0x72, 0x73, 0xb0, 0x63, 0xb0, 0x66, 0x6e,
  0x6f, 0x73, 0x6d, 0x74, 0x65, 0x6c, 0x74, 0x6d,
  0x2170, 0x2171, 0x2172, 0x2173, 0x2174, 0x2175, 0x2176, 0x2177,
  0x2178, 0x2179, 0x217a, 0x217b, 0x217c, 0x217d, 0x217e, 0x217f,
  0x24d0, 0x24d1, 0x24d2, 0x24d3, 0x24d4, 0x24d5, 0x24d6, 0x24d7,
  0x24d8, 0x24d9, 0x24da, 0x24db, 0x24dc, 0x24dd, 0x24de, 0x24df,
  0x24e0, 0x24e1, 0x24e2, 0x24e3, 0x24e4, 0x24e5, 0x24e6, 0x24e7,
  0x24e8, 0x24e9, 0x68, 0x70, 0x61, 0x61, 0x75, 0x6f,
  0x76, 0x70, 0x61, 0x6e, 0x61, 0x3bc, 0x61, 0x6d,
  0x61, 0x6b, 0x61, 0x6b, 0x62, 0x6d, 0x62, 0x67,
  0x62, 0x70, 0x66, 0x6e, 0x66, 0x3bc, 0x66, 0x68,
  0x7a, 0x6b, 0x68, 0x7a, 0x6d, 0x68, 0x7a, 0x67,
  0x68, 0x7a, 0x74, 0x68, 0x7a, 0x6b, 0x70, 0x61,
  0x6d, 0x70, 0x61, 0x67, 0x70, 0x61, 0x70, 0x76,
  0x6e, 0x76, 0x3bc, 0x76, 0x6d, 0x76, 0x6b, 0x76,
  0x70, 0x77, 0x6e, 0x77, 0x3bc, 0x77, 0x6d, 0x77,
  0x6b, 0x77, 0x6b, 0x3c9, 0x6d, 0x3c9, 0x62, 0x71,
  0x63, 0x2215, 0x6b, 0x67, 0x63, 0x6f, 0x2e, 0x64,
  0x62, 0x67, 0x79, 0x68, 0x70, 0x6b, 0x6b, 0x6b,
  0x6d, 0x70, 0x68, 0x70, 0x70, 0x6d, 0x70, 0x72,
  0x73, 0x76, 0x77, 0x62, 0x66, 0x66, 0x66, 0x69,
  0x66, 0x6c, 0x66, 0x66, 0x69, 0x66, 0x66, 0x6c,
  0x73, 0x74, 0x574, 0x576, 0x574, 0x565, 0x574, 0x56b,
  0x57e, 0x576, 0x574, 0x56d, 0xff41, 0xff42, 0xff43, 0xff44,
  0xff45, 0xff46, 0xff47, 0xff48, 0xff49, 0xff4a, 0xff4b, 0xff4c,
  0xff4d, 0xff4e, 0xff4f, 0xff50, 0xff51, 0xff52, 0xff53, 0xff54,
  0xff55, 0xff56, 0xff57, 0xff58, 0xff59, 0xff5a, 0x10428, 0x10429,
  0x1042a, 0x1042b, 0x1042c, 0x1042d, 0x1042e, 0x1042f, 0x10430, 0x10431,
  0x10432, 0x10433, 0x10434, 0x10435, 0x10436, 0x10437, 0x10438, 0x10439,
  0x1043a, 0x1043b, 0x1043c, 0x1043d, 0x1043e, 0x1043f, 0x10440, 0x10441,
  0x10442, 0x10443, 0x10444, 0x10445, 0x10446, 0x10447, 0x10448, 0x10449,
  0x1044a, 0x1044b, 0x1044c, 0x1044d,
};

static const uint32_t tc_unicode_allowed_starts[] TC_UNICODE_STORAGE = {
  0x0, 0x222, 0x250, 0x2b0, 0x300, 0x342, 0x360, 0x374,
  0x37a, 0x37e, 0x384, 0x38c, 0x38e, 0x3a3, 0x3d0, 0x400,
  0x488, 0x4d0, 0x4f8, 0x500, 0x531, 0x559, 0x561, 0x589,
  0x591, 0x5a3, 0x5bb, 0x5d0, 0x5f0, 0x60c, 0x61b, 0x61f,
  0x621, 0x640, 0x660, 0x6f0, 0x700, 0x70f, 0x730, 0x780,
  0x901, 0x905, 0x93c, 0x950, 0x958, 0x981, 0x985, 0x98f,
  0x993, 0x9aa, 0x9b2, 0x9b6, 0x9bc, 0x9be, 0x9c7, 0x9cb,
  0x9d7, 0x9dc, 0x9df, 0x9e6, 0xa02, 0xa05, 0xa0f, 0xa13,
  0xa2a, 0xa32, 0xa35, 0xa38, 0xa3c, 0xa3e, 0xa47, 0xa4b,
  0xa59, 0xa5e, 0xa66, 0xa81, 0xa85, 0xa8d, 0xa8f, 0xa93,
  0xaaa, 0xab2, 0xab5, 0xabc, 0xac7, 0xacb, 0xad0, 0xae0,
  0xae6, 0xb01, 0xb05, 0xb0f, 0xb13, 0xb2a, 0xb32, 0xb36,
  0xb3c, 0xb47, 0xb4b, 0xb56, 0xb5c, 0xb5f, 0xb66, 0xb82,
  0xb85, 0xb8e, 0xb92, 0xb99, 0xb9c, 0xb9e, 0xba3, 0xba8,
  0xbae, 0xbb7, 0xbbe, 0xbc6, 0xbca, 0xbd7, 0xbe7, 0xc01,
  0xc05, 0xc0e, 0xc12, 0xc2a, 0xc35, 0xc3e, 0xc46, 0xc4a,
  0xc55, 0xc60, 0xc66, 0xc82, 0xc85, 0xc8e, 0xc92, 0xcaa,
  0xcb5, 0xcbe, 0xcc6, 0xcca, 0xcd5, 0xcde, 0xce0, 0xce6,
  0xd02, 0xd05, 0xd0e, 0xd12, 0xd2a, 0xd3e, 0xd46, 0xd4a,
  0xd57, 0xd60, 0xd66, 0xd82, 0xd85, 0xd9a, 0xdb3, 0xdbd,
  0xdc0, 0xdca, 0xdcf, 0xdd6, 0xdd8, 0xdf2, 0xe01, 0xe3f,
  0xe81, 0xe84, 0xe87, 0xe8a, 0xe8d, 0xe94, 0xe99, 0xea1,
  0xea5, 0xea7, 0xeaa, 0xead, 0xebb, 0xec0, 0xec6, 0xec8,
  0xed0, 0xedc, 0xf00, 0xf49, 0xf71, 0xf90, 0xf99, 0xfbe,
  0xfcf, 0x1000, 0x1023, 0x1029, 0x102c, 0x1036, 0x1040, 0x10a0,
  0x10d0, 0x10fb, 0x1100, 0x115f, 0x11a8, 0x1200, 0x1208, 0x1248,
  0x124a, 0x1250, 0x1258, 0x125a, 0x1260, 0x1288, 0x128a, 0x1290,
  0x12b0, 0x12b2, 0x12b8, 0x12c0, 0x12c2, 0x12c8, 0x12d0, 0x12d8,
  0x12f0, 0x1310, 0x1312, 0x1318, 0x1320, 0x1348, 0x1361, 0x13a0,
  0x1401, 0x1680, 0x16a0, 0x1700, 0x170e, 0x1720, 0x1740, 0x1760,
  0x176e, 0x1772, 0x1780, 0x17e0, 0x1800, 0x1810, 0x1820, 0x1880,
  0x1e00, 0x1ea0, 0x1f00, 0x1f18, 0x1f20, 0x1f48, 0x1f50, 0x1f59,
  0x1f5b, 0x1f5d, 0x1f5f, 0x1f80, 0x1fb6, 0x1fc6, 0x1fd6, 0x1fdd,
  0x1ff2, 0x1ff6, 0x2000, 0x2010, 0x202f, 0x2057, 0x205f, 0x2070,
  0x2074, 0x20a0, 0x20d0, 0x2100, 0x213d, 0x2153, 0x2190, 0x2400,
  0x2440, 0x2460, 0x2500, 0x2616, 0x2619, 0x2680, 0x2701, 0x2706,
  0x270c, 0x2729, 0x274d, 0x274f, 0x2756, 0x2758, 0x2761, 0x2798,
  0x27b1, 0x27d0, 0x27f0, 0x2e80, 0x2e9b, 0x2f00, 0x2ff0, 0x3000,
  0x3041, 0x3099, 0x3105, 0x3131, 0x3190, 0x31f0, 0x3220, 0x3251,
  0x327f, 0x32d0, 0x3300, 0x337b, 0x33e0, 0x3400, 0x4e00, 0xa000,
  0xa490, 0xac00, 0xf900, 0xfa30, 0xfb00, 0xfb13, 0xfb1d, 0xfb38,
  0xfb3e, 0xfb40, 0xfb43, 0xfb46, 0xfbd3, 0xfd50, 0xfd92, 0xfdf0,
  0xfe00, 0xfe20, 0xfe30, 0xfe49, 0xfe54, 0xfe68, 0xfe70, 0xfe76,
  0xfeff, 0xff01, 0xffc2, 0xffca, 0xffd2, 0xffda, 0xffe0, 0xffe8,
  0xfff9, 0x10300, 0x10320, 0x10330, 0x10400, 0x10428, 0x1d000, 0x1d100,
  0x1d12a, 0x1d400, 0x1d456, 0x1d49e, 0x1d4a2, 0x1d4a5, 0x1d4a9, 0x1d4ae,
  0x1d4bb, 0x1d4bd, 0x1d4c2, 0x1d4c5, 0x1d507, 0x1d50d, 0x1d516, 0x1d51e,
  0x1d53b, 0x1d540, 0x1d546, 0x1d54a, 0x1d552, 0x1d6a8, 0x1d7ce, 0x20000,
  0x2f800, 0xe0001, 0xe0020,
};

static const uint32_t tc_unicode_allowed_ends[] TC_UNICODE_STORAGE = {
  0x220, 0x233, 0x2ad, 0x2ee, 0x33f, 0x34f, 0x36f, 0x375,
  0x37a, 0x37e, 0x38a, 0x38c, 0x3a1, 0x3ce, 0x3f6, 0x486,
  0x4ce, 0x4f5, 0x4f9, 0x50f, 0x556, 0x55f, 0x587, 0x58a,
  0x5a1, 0x5b9, 0x5c4, 0x5ea, 0x5f4, 0x60c, 0x61b, 0x61f,
  0x63a, 0x655, 0x6ed, 0x6fe, 0x70d, 0x72c, 0x74a, 0x7b1,
  0x903, 0x939, 0x94d, 0x954, 0x970, 0x983, 0x98c, 0x990,
  0x9a8, 0x9b0, 0x9b2, 0x9b9, 0x9bc, 0x9c4, 0x9c8, 0x9cd,
  0x9d7, 0x9dd, 0x9e3, 0x9fa, 0xa02, 0xa0a, 0xa10, 0xa28,
  0xa30, 0xa33, 0xa36, 0xa39, 0xa3c, 0xa42, 0xa48, 0xa4d,
  0xa5c, 0xa5e, 0xa74, 0xa83, 0xa8b, 0xa8d, 0xa91, 0xaa8,
  0xab0, 0xab3, 0xab9, 0xac5, 0xac9, 0xacd, 0xad0, 0xae0,
  0xaef, 0xb03, 0xb0c, 0xb10, 0xb28, 0xb30, 0xb33, 0xb39,
  0xb43, 0xb48, 0xb4d, 0xb57, 0xb5d, 0xb61, 0xb70, 0xb83,
  0xb8a, 0xb90, 0xb95, 0xb9a, 0xb9c, 0xb9f, 0xba4, 0xbaa,
  0xbb5, 0xbb9, 0xbc2, 0xbc8, 0xbcd, 0xbd7, 0xbf2, 0xc03,
  0xc0c, 0xc10, 0xc28, 0xc33, 0xc39, 0xc44, 0xc48, 0xc4d,
  0xc56, 0xc61, 0xc6f, 0xc83, 0xc8c, 0xc90, 0xca8, 0xcb3,
  0xcb9, 0xcc4, 0xcc8, 0xccd, 0xcd6, 0xcde, 0xce1, 0xcef,
  0xd03, 0xd0c, 0xd10, 0xd28, 0xd39, 0xd43, 0xd48, 0xd4d,
  0xd57, 0xd61, 0xd6f, 0xd83, 0xd96, 0xdb1, 0xdbb, 0xdbd,
  0xdc6, 0xdca, 0xdd4, 0xdd6, 0xddf, 0xdf4, 0xe3a, 0xe5b,
  0xe82, 0xe84, 0xe88, 0xe8a, 0xe8d, 0xe97, 0xe9f, 0xea3,
  0xea5, 0xea7, 0xeab, 0xeb9, 0xebd, 0xec4, 0xec6, 0xecd,
  0xed9, 0xedd, 0xf47, 0xf6a, 0xf8b, 0xf97, 0xfbc, 0xfcc,
  0xfcf, 0x1021, 0x1027, 0x102a, 0x1032, 0x1039, 0x1059, 0x10c5,
  0x10f8, 0x10fb, 0x1159, 0x11a2, 0x11f9, 0x1206, 0x1246, 0x1248,
  0x124d, 0x1256, 0x1258, 0x125d, 0x1286, 0x1288, 0x128d, 0x12ae,
  0x12b0, 0x12b5, 0x12be, 0x12c0, 0x12c5, 0x12ce, 0x12d6, 0x12ee,
  0x130e, 0x1310, 0x1315, 0x131e, 0x1346, 0x135a, 0x137c, 0x13f4,
  0x1676, 0x169c, 0x16f0, 0x170c, 0x1714, 0x1736, 0x1753, 0x176c,
  0x1770, 0x1773, 0x17dc, 0x17e9, 0x180e, 0x1819, 0x1877, 0x18a9,
  0x1e9b, 0x1ef9, 0x1f15, 0x1f1d, 0x1f45, 0x1f4d, 0x1f57, 0x1f59,
  0x1f5b, 0x1f5d, 0x1f7d, 0x1fb4, 0x1fc4, 0x1fd3, 0x1fdb, 0x1fef,
  0x1ff4, 0x1ffe, 0x200d, 0x2029, 0x2052, 0x2057, 0x2063, 0x2071,
  0x208e, 0x20b1, 0x20ea, 0x213a, 0x214b, 0x2183, 0x23ce, 0x2426,
  0x244a, 0x24fe, 0x2613, 0x2617, 0x267d, 0x2689, 0x2704, 0x2709,
  0x2727, 0x274b, 0x274d, 0x2752, 0x2756, 0x275e, 0x2794, 0x27af,
  0x27be, 0x27eb, 0x2aff, 0x2e99, 0x2ef3, 0x2fd5, 0x2ffb, 0x303f,
  0x3096, 0x30ff, 0x312c, 0x318e, 0x31b7, 0x321c, 0x3243, 0x327b,
  0x32cb, 0x32fe, 0x3376, 0x33dd, 0x33fe, 0x4db5, 0x9fa5, 0xa48c,
  0xa4c6, 0xd7a3, 0xfa2d, 0xfa6a, 0xfb06, 0xfb17, 0xfb36, 0xfb3c,
  0xfb3e, 0xfb41, 0xfb44, 0xfbb1, 0xfd3f, 0xfd8f, 0xfdc7, 0xfdfc,
  0xfe0f, 0xfe23, 0xfe46, 0xfe52, 0xfe66, 0xfe6b, 0xfe74, 0xfefc,
  0xfeff, 0xffbe, 0xffc7, 0xffcf, 0xffd7, 0xffdc, 0xffe6, 0xffee,
  0xfffc, 0x1031e, 0x10323, 0x1034a, 0x10425, 0x1044d, 0x1d0f5, 0x1d126,
  0x1d1dd, 0x1d454, 0x1d49c, 0x1d49f, 0x1d4a2, 0x1d4a6, 0x1d4ac, 0x1d4b9,
  0x1d4bb, 0x1d4c0, 0x1d4c3, 0x1d505, 0x1d50a, 0x1d514, 0x1d51c, 0x1d539,
  0x1d53e, 0x1d544, 0x1d546, 0x1d550, 0x1d6a3, 0x1d7c9, 0x1d7ff, 0x2a6d6,
  0x2fa1d, 0xe0001, 0xe007f,
};

static const uint32_t tc_unicode_marks_starts[] TC_UNICODE_STORAGE = {
  0x300, 0x360, 0x483, 0x488, 0x591, 0x5a3, 0x5bb, 0x5bf,
  0x5c1, 0x5c4, 0x64b, 0x670, 0x6d6, 0x6de, 0x6e7, 0x6ea,
  0x711, 0x730, 0x7a6, 0x901, 0x93c, 0x93e, 0x951, 0x962,
  0x981, 0x9bc, 0x9be, 0x9c7, 0x9cb, 0x9d7, 0x9e2, 0xa02,
  0xa3c, 0xa3e, 0xa47, 0xa4b, 0xa70, 0xa81, 0xabc, 0xabe,
  0xac7, 0xacb, 0xb01, 0xb3c, 0xb3e, 0xb47, 0xb4b, 0xb56,
  0xb82, 0xbbe, 0xbc6, 0xbca, 0xbd7, 0xc01, 0xc3e, 0xc46,
  0xc4a, 0xc55, 0xc82, 0xcbe, 0xcc6, 0xcca, 0xcd5, 0xd02,
  0xd3e, 0xd46, 0xd4a, 0xd57, 0xd82, 0xdca, 0xdcf, 0xdd6,
  0xdd8, 0xdf2, 0xe31, 0xe34, 0xe47, 0xeb1, 0xeb4, 0xebb,
  0xec8, 0xf18, 0xf35, 0xf37, 0xf39, 0xf3e, 0xf71, 0xf86,
  0xf90, 0xf99, 0xfc6, 0x102c, 0x1036, 0x1056, 0x1712, 0x1732,
  0x1752, 0x1772, 0x17b4, 0x180b, 0x18a9, 0x20d0, 0x302a, 0x3099,
  0xfb1e, 0xfe00, 0xfe20, 0x1d165, 0x1d16d, 0x1d17b, 0x1d185, 0x1d1aa,
};

static const uint32_t tc_unicode_marks_ends[] TC_UNICODE_STORAGE = {
  0x34f, 0x36f, 0x486, 0x489, 0x5a1, 0x5b9, 0x5bd, 0x5bf,
  0x5c2, 0x5c4, 0x655, 0x670, 0x6dc, 0x6e4, 0x6e8, 0x6ed,
  0x711, 0x74a, 0x7b0, 0x903, 0x93c, 0x94d, 0x954, 0x963,
  0x983, 0x9bc, 0x9c4, 0x9c8, 0x9cd, 0x9d7, 0x9e3, 0xa02,
  0xa3c, 0xa42, 0xa48, 0xa4d, 0xa71, 0xa83, 0xabc, 0xac5,
  0xac9, 0xacd, 0xb03, 0xb3c, 0xb43, 0xb48, 0xb4d, 0xb57,
  0xb82, 0xbc2, 0xbc8, 0xbcd, 0xbd7, 0xc03, 0xc44, 0xc48,
  0xc4d, 0xc56, 0xc83, 0xcc4, 0xcc8, 0xccd, 0xcd6, 0xd03,
  0xd43, 0xd48, 0xd4d, 0xd57, 0xd83, 0xdca, 0xdd4, 0xdd6,
  0xddf, 0xdf3, 0xe31, 0xe3a, 0xe4e, 0xeb1, 0xeb9, 0xebc,
  0xecd, 0xf19, 0xf35, 0xf37, 0xf39, 0xf3f, 0xf84, 0xf87,
  0xf97, 0xfbc, 0xfc6, 0x1032, 0x1039, 0x1059, 0x1714, 0x1734,
  0x1753, 0x1773, 0x17d3, 0x180d, 0x18a9, 0x20ea, 0x302f, 0x309a,
  0xfb1e, 0xfe0f, 0xfe23, 0x1d169, 0x1d172, 0x1d182, 0x1d18b, 0x1d1ad,
};
